source,artifact_kind,columns,missing_formal_columns,probability_status,raw_bwer_status,standardised_bwer_status,selective_bwer_status,conformal_bwer_status,inference_status,recommended_action,protocol_hash
outputs\019e9c6b-cca4-7fa2-aea5-cb2a55798073\presentations\rsfm-bwer-progress-update\assets\canonical\01_sen1floods\prithvi_tl_sen1floods11_official_full_512_audit_table.csv,segmentation,dataset;model;model_family;task;split;unit_id;sample_id;event_id;event;country;region;class_label;input_mode;adaptation_protocol;training_budget;split_protocol;checkpoint_source;aggregation_level;sample_count;TP_plus_FN_support;valid_pixel_count;positive_pixel_count;predicted_positive_pixel_count;TP;FP;FN;TN;iou;water_iou;micro_iou;dice;f1;micro_dice;micro_f1;precision;recall;pixel_accuracy;ground_truth_positive_pixel_ratio;predicted_positive_pixel_ratio;risk;risk_source;score;sensor;mean_confidence;confidence_source;event_id__class_label;event__class_label,independent_unit_id;split_role;model_signature;dataset_signature;protocol_hash;metric_version,missing,recomputable,missing_balance_axis_or_risk,missing_confidence_or_risk,missing_prediction_set_outputs,missing_cluster_or_spatial_block,upgrade_schema_or_reexport,5bda6974bb099a07027be94e584e770ef5bfe3dd17eb875b1f421a6ea51c6747
outputs\019e9c6b-cca4-7fa2-aea5-cb2a55798073\presentations\rsfm-bwer-progress-update\assets\canonical\01_sen1floods\prithvi_tl_sen1floods11_official_full_512_event_segmentation_metrics.csv,segmentation,dataset;model;model_family;task;split;unit_id;sample_id;event_id;event;country;region;class_label;input_mode;adaptation_protocol;training_budget;split_protocol;checkpoint_source;aggregation_level;sample_count;TP_plus_FN_support;valid_pixel_count;positive_pixel_count;predicted_positive_pixel_count;TP;FP;FN;TN;iou;water_iou;micro_iou;dice;f1;micro_dice;micro_f1;precision;recall;pixel_accuracy;ground_truth_positive_pixel_ratio;predicted_positive_pixel_ratio;risk;risk_source;score;sensor;mean_confidence;confidence_source,independent_unit_id;split_role;model_signature;dataset_signature;protocol_hash;metric_version,missing,recomputable,missing_balance_axis_or_risk,missing_confidence_or_risk,missing_prediction_set_outputs,missing_cluster_or_spatial_block,upgrade_schema_or_reexport,5bda6974bb099a07027be94e584e770ef5bfe3dd17eb875b1f421a6ea51c6747
outputs\019e9c6b-cca4-7fa2-aea5-cb2a55798073\presentations\rsfm-bwer-progress-update\assets\canonical\01_sen1floods\prithvi_tl_sen1floods11_official_full_512_segmentation_audit_table.csv,segmentation,dataset;model;model_family;task;split;unit_id;sample_id;event_id;event;country;region;class_label;input_mode;adaptation_protocol;training_budget;split_protocol;checkpoint_source;aggregation_level;sample_count;TP_plus_FN_support;valid_pixel_count;positive_pixel_count;predicted_positive_pixel_count;TP;FP;FN;TN;iou;water_iou;micro_iou;dice;f1;micro_dice;micro_f1;precision;recall;pixel_accuracy;ground_truth_positive_pixel_ratio;predicted_positive_pixel_ratio;risk;risk_source;score;sensor;mean_confidence;confidence_source,independent_unit_id;split_role;model_signature;dataset_signature;protocol_hash;metric_version,missing,recomputable,missing_balance_axis_or_risk,missing_confidence_or_risk,missing_prediction_set_outputs,missing_cluster_or_spatial_block,upgrade_schema_or_reexport,5bda6974bb099a07027be94e584e770ef5bfe3dd17eb875b1f421a6ea51c6747
outputs\019e9c6b-cca4-7fa2-aea5-cb2a55798073\presentations\rsfm-bwer-progress-update\assets\canonical\01_sen1floods\prithvi_tl_sen1floods11_official_full_512_segmentation_metrics.csv,segmentation,sample_id;chip_path;mask_path;label;water_fraction;region;event;fallback_group;sensor;source_dataset;band_profile;band_indices;band_names;split;task;latitude;longitude;event_id;dataset;model;model_family;input_mode;adaptation_protocol;training_budget;split_protocol;checkpoint_source;aggregation_level;unit_id;class_label;TP_plus_FN_support;valid_pixel_count;positive_pixel_count;predicted_positive_pixel_count;TP;FP;FN;TN;iou;water_iou;micro_iou;dice;f1;micro_dice;micro_f1;precision;recall;pixel_accuracy;ground_truth_positive_pixel_ratio;predicted_positive_pixel_ratio;risk;risk_source;label_values_distribution;valid_label_values_distribution;prediction_unique_values;prediction_valid_unique_values;prediction_threshold;prediction_score_min;prediction_score_max;prediction_score_mean;prediction_score_std;input_band_order;mask_shape;prediction_shape;input_shape;mask_resize_alignment;input_raw_min;input_raw_max;input_raw_mean;input_raw_std;input_raw_per_band_min;input_raw_per_band_max;input_raw_per_band_mean;input_normalized_min;input_normalized_max;input_normalized_mean;input_normalized_std;input_normalized_per_band_min;input_normalized_per_band_max;input_normalized_per_band_mean;probability_shape;background_prob_min;background_prob_max;background_prob_mean;water_prob_min;water_prob_max;water_prob_mean;water_prob_valid_mean;argmax_class_distribution;positive_class_definition;background_class_definition;ignore_label_definition;confidence_source;confidence_min;confidence_max;confidence_mean;confidence_valid_mean;score;mean_confidence,independent_unit_id;split_role;model_signature;dataset_signature;protocol_hash;metric_version,missing,recomputable,missing_balance_axis_or_risk,missing_confidence_or_risk,missing_prediction_set_outputs,missing_cluster_or_spatial_block,upgrade_schema_or_reexport,5bda6974bb099a07027be94e584e770ef5bfe3dd17eb875b1f421a6ea51c6747
outputs\019e9c6b-cca4-7fa2-aea5-cb2a55798073\presentations\rsfm-bwer-progress-update\assets\canonical\01_sen1floods\prithvi_tl_sen1floods11_official_full_512_tables_segmentation_metrics.csv,segmentation,sample_id;chip_path;mask_path;label;water_fraction;region;event;fallback_group;sensor;source_dataset;band_profile;band_indices;band_names;split;task;latitude;longitude;event_id;dataset;model;model_family;input_mode;adaptation_protocol;training_budget;split_protocol;checkpoint_source;aggregation_level;unit_id;class_label;TP_plus_FN_support;valid_pixel_count;positive_pixel_count;predicted_positive_pixel_count;TP;FP;FN;TN;iou;water_iou;micro_iou;dice;f1;micro_dice;micro_f1;precision;recall;pixel_accuracy;ground_truth_positive_pixel_ratio;predicted_positive_pixel_ratio;risk;risk_source;label_values_distribution;valid_label_values_distribution;prediction_unique_values;prediction_valid_unique_values;prediction_threshold;prediction_score_min;prediction_score_max;prediction_score_mean;prediction_score_std;input_band_order;mask_shape;prediction_shape;input_shape;mask_resize_alignment;input_raw_min;input_raw_max;input_raw_mean;input_raw_std;input_raw_per_band_min;input_raw_per_band_max;input_raw_per_band_mean;input_normalized_min;input_normalized_max;input_normalized_mean;input_normalized_std;input_normalized_per_band_min;input_normalized_per_band_max;input_normalized_per_band_mean;probability_shape;background_prob_min;background_prob_max;background_prob_mean;water_prob_min;water_prob_max;water_prob_mean;water_prob_valid_mean;argmax_class_distribution;positive_class_definition;background_class_definition;ignore_label_definition;confidence_source;confidence_min;confidence_max;confidence_mean;confidence_valid_mean;score;mean_confidence,independent_unit_id;split_role;model_signature;dataset_signature;protocol_hash;metric_version,missing,recomputable,missing_balance_axis_or_risk,missing_confidence_or_risk,missing_prediction_set_outputs,missing_cluster_or_spatial_block,upgrade_schema_or_reexport,5bda6974bb099a07027be94e584e770ef5bfe3dd17eb875b1f421a6ea51c6747
outputs\019e9c6b-cca4-7fa2-aea5-cb2a55798073\presentations\rsfm-bwer-progress-update\assets\canonical\01_sen1floods\sen1floods11_loeo_unet_sen1floods11_s2_512_audit_table.csv,segmentation,dataset;model;model_family;task;split;unit_id;sample_id;event_id;event;country;region;class_label;input_mode;adaptation_protocol;training_budget;split_protocol;checkpoint_source;aggregation_level;sample_count;TP_plus_FN_support;valid_pixel_count;positive_pixel_count;predicted_positive_pixel_count;TP;FP;FN;TN;iou;water_iou;micro_iou;dice;f1;micro_dice;micro_f1;precision;recall;pixel_accuracy;ground_truth_positive_pixel_ratio;predicted_positive_pixel_ratio;risk;risk_source;score;sensor;mean_confidence;confidence_source;event_id__class_label;event__class_label,independent_unit_id;split_role;model_signature;dataset_signature;protocol_hash;metric_version,missing,recomputable,missing_balance_axis_or_risk,missing_confidence_or_risk,missing_prediction_set_outputs,missing_cluster_or_spatial_block,upgrade_schema_or_reexport,5bda6974bb099a07027be94e584e770ef5bfe3dd17eb875b1f421a6ea51c6747
outputs\019e9c6b-cca4-7fa2-aea5-cb2a55798073\presentations\rsfm-bwer-progress-update\assets\canonical\01_sen1floods\sen1floods11_loeo_unet_sen1floods11_s2_512_event_segmentation_metrics.csv,segmentation,dataset;model;model_family;task;split;unit_id;sample_id;event_id;event;country;region;class_label;input_mode;adaptation_protocol;training_budget;split_protocol;checkpoint_source;aggregation_level;sample_count;TP_plus_FN_support;valid_pixel_count;positive_pixel_count;predicted_positive_pixel_count;TP;FP;FN;TN;iou;water_iou;micro_iou;dice;f1;micro_dice;micro_f1;precision;recall;pixel_accuracy;ground_truth_positive_pixel_ratio;predicted_positive_pixel_ratio;risk;risk_source;score;sensor;mean_confidence;confidence_source,independent_unit_id;split_role;model_signature;dataset_signature;protocol_hash;metric_version,missing,recomputable,missing_balance_axis_or_risk,missing_confidence_or_risk,missing_prediction_set_outputs,missing_cluster_or_spatial_block,upgrade_schema_or_reexport,5bda6974bb099a07027be94e584e770ef5bfe3dd17eb875b1f421a6ea51c6747
outputs\019e9c6b-cca4-7fa2-aea5-cb2a55798073\presentations\rsfm-bwer-progress-update\assets\canonical\01_sen1floods\sen1floods11_loeo_unet_sen1floods11_s2_512_loeo_segmentation_metrics.csv,segmentation,sample_id;chip_path;mask_path;label;water_fraction;region;event;fallback_group;sensor;source_dataset;band_profile;band_indices;band_names;split;event_id;dataset;model;model_family;model_variant;display_name;task;input_mode;adaptation_protocol;checkpoint_source;aggregation_level;unit_id;class_label;TP_plus_FN_support;mean_confidence;confidence_source;input_band_order;label_mapping;valid_pixel_count;positive_pixel_count;predicted_positive_pixel_count;TP;FP;FN;TN;iou;water_iou;micro_iou;dice;f1;micro_dice;micro_f1;precision;recall;pixel_accuracy;ground_truth_positive_pixel_ratio;predicted_positive_pixel_ratio;risk;risk_source;score;split_protocol;training_budget;held_out_event,independent_unit_id;split_role;model_signature;dataset_signature;protocol_hash;metric_version,missing,recomputable,missing_balance_axis_or_risk,missing_confidence_or_risk,missing_prediction_set_outputs,missing_cluster_or_spatial_block,upgrade_schema_or_reexport,5bda6974bb099a07027be94e584e770ef5bfe3dd17eb875b1f421a6ea51c6747
outputs\019e9c6b-cca4-7fa2-aea5-cb2a55798073\presentations\rsfm-bwer-progress-update\assets\canonical\01_sen1floods\sen1floods11_loeo_unet_sen1floods11_s2_512_segmentation_metrics.csv,segmentation,sample_id;chip_path;mask_path;label;water_fraction;region;event;fallback_group;sensor;source_dataset;band_profile;band_indices;band_names;split;event_id;dataset;model;model_family;model_variant;display_name;task;input_mode;adaptation_protocol;checkpoint_source;aggregation_level;unit_id;class_label;TP_plus_FN_support;mean_confidence;confidence_source;input_band_order;label_mapping;valid_pixel_count;positive_pixel_count;predicted_positive_pixel_count;TP;FP;FN;TN;iou;water_iou;micro_iou;dice;f1;micro_dice;micro_f1;precision;recall;pixel_accuracy;ground_truth_positive_pixel_ratio;predicted_positive_pixel_ratio;risk;risk_source;score;split_protocol;training_budget;held_out_event,independent_unit_id;split_role;model_signature;dataset_signature;protocol_hash;metric_version,missing,recomputable,missing_balance_axis_or_risk,missing_confidence_or_risk,missing_prediction_set_outputs,missing_cluster_or_spatial_block,upgrade_schema_or_reexport,5bda6974bb099a07027be94e584e770ef5bfe3dd17eb875b1f421a6ea51c6747
outputs\019e9c6b-cca4-7fa2-aea5-cb2a55798073\presentations\rsfm-bwer-progress-update\assets\canonical\01_sen1floods\sen1floods11_protocol_matched_matched_runs_prithvi_tl_audit_table.csv,segmentation,dataset;model;model_family;task;split;unit_id;sample_id;event_id;event;country;region;class_label;input_mode;adaptation_protocol;training_budget;split_protocol;checkpoint_source;aggregation_level;sample_count;TP_plus_FN_support;valid_pixel_count;positive_pixel_count;predicted_positive_pixel_count;TP;FP;FN;TN;iou;water_iou;micro_iou;dice;f1;micro_dice;micro_f1;precision;recall;pixel_accuracy;ground_truth_positive_pixel_ratio;predicted_positive_pixel_ratio;risk;risk_source;score;sensor;mean_confidence;confidence_source;event_id__class_label;event__class_label,independent_unit_id;split_role;model_signature;dataset_signature;protocol_hash;metric_version,missing,recomputable,missing_balance_axis_or_risk,missing_confidence_or_risk,missing_prediction_set_outputs,missing_cluster_or_spatial_block,upgrade_schema_or_reexport,5bda6974bb099a07027be94e584e770ef5bfe3dd17eb875b1f421a6ea51c6747
outputs\019e9c6b-cca4-7fa2-aea5-cb2a55798073\presentations\rsfm-bwer-progress-update\assets\canonical\01_sen1floods\sen1floods11_protocol_matched_matched_runs_prithvi_tl_event_segmentation_metrics.csv,segmentation,dataset;model;model_family;task;split;unit_id;sample_id;event_id;event;country;region;class_label;input_mode;adaptation_protocol;training_budget;split_protocol;checkpoint_source;aggregation_level;sample_count;TP_plus_FN_support;valid_pixel_count;positive_pixel_count;predicted_positive_pixel_count;TP;FP;FN;TN;iou;water_iou;micro_iou;dice;f1;micro_dice;micro_f1;precision;recall;pixel_accuracy;ground_truth_positive_pixel_ratio;predicted_positive_pixel_ratio;risk;risk_source;score;sensor;mean_confidence;confidence_source,independent_unit_id;split_role;model_signature;dataset_signature;protocol_hash;metric_version,missing,recomputable,missing_balance_axis_or_risk,missing_confidence_or_risk,missing_prediction_set_outputs,missing_cluster_or_spatial_block,upgrade_schema_or_reexport,5bda6974bb099a07027be94e584e770ef5bfe3dd17eb875b1f421a6ea51c6747
outputs\019e9c6b-cca4-7fa2-aea5-cb2a55798073\presentations\rsfm-bwer-progress-update\assets\canonical\01_sen1floods\sen1floods11_protocol_matched_matched_runs_prithvi_tl_segmentation_audit_table.csv,segmentation,dataset;model;model_family;task;split;unit_id;sample_id;event_id;event;country;region;class_label;input_mode;adaptation_protocol;training_budget;split_protocol;checkpoint_source;aggregation_level;sample_count;TP_plus_FN_support;valid_pixel_count;positive_pixel_count;predicted_positive_pixel_count;TP;FP;FN;TN;iou;water_iou;micro_iou;dice;f1;micro_dice;micro_f1;precision;recall;pixel_accuracy;ground_truth_positive_pixel_ratio;predicted_positive_pixel_ratio;risk;risk_source;score;sensor;mean_confidence;confidence_source,independent_unit_id;split_role;model_signature;dataset_signature;protocol_hash;metric_version,missing,recomputable,missing_balance_axis_or_risk,missing_confidence_or_risk,missing_prediction_set_outputs,missing_cluster_or_spatial_block,upgrade_schema_or_reexport,5bda6974bb099a07027be94e584e770ef5bfe3dd17eb875b1f421a6ea51c6747
outputs\019e9c6b-cca4-7fa2-aea5-cb2a55798073\presentations\rsfm-bwer-progress-update\assets\canonical\01_sen1floods\sen1floods11_protocol_matched_matched_runs_prithvi_tl_segmentation_metrics.csv,segmentation,sample_id;chip_path;mask_path;label;water_fraction;region;event;fallback_group;sensor;source_dataset;band_profile;band_indices;band_names;split;task;latitude;longitude;event_id;dataset;model;model_family;input_mode;adaptation_protocol;training_budget;split_protocol;checkpoint_source;aggregation_level;unit_id;class_label;TP_plus_FN_support;valid_pixel_count;positive_pixel_count;predicted_positive_pixel_count;TP;FP;FN;TN;iou;water_iou;micro_iou;dice;f1;micro_dice;micro_f1;precision;recall;pixel_accuracy;ground_truth_positive_pixel_ratio;predicted_positive_pixel_ratio;risk;risk_source;label_values_distribution;valid_label_values_distribution;prediction_unique_values;prediction_valid_unique_values;prediction_threshold;prediction_score_min;prediction_score_max;prediction_score_mean;prediction_score_std;input_band_order;mask_shape;prediction_shape;input_shape;mask_resize_alignment;input_raw_min;input_raw_max;input_raw_mean;input_raw_std;input_raw_per_band_min;input_raw_per_band_max;input_raw_per_band_mean;input_normalized_min;input_normalized_max;input_normalized_mean;input_normalized_std;input_normalized_per_band_min;input_normalized_per_band_max;input_normalized_per_band_mean;probability_shape;background_prob_min;background_prob_max;background_prob_mean;water_prob_min;water_prob_max;water_prob_mean;water_prob_valid_mean;argmax_class_distribution;positive_class_definition;background_class_definition;ignore_label_definition;confidence_source;confidence_min;confidence_max;confidence_mean;confidence_valid_mean;score;mean_confidence,independent_unit_id;split_role;model_signature;dataset_signature;protocol_hash;metric_version,missing,recomputable,missing_balance_axis_or_risk,missing_confidence_or_risk,missing_prediction_set_outputs,missing_cluster_or_spatial_block,upgrade_schema_or_reexport,5bda6974bb099a07027be94e584e770ef5bfe3dd17eb875b1f421a6ea51c6747
outputs\019e9c6b-cca4-7fa2-aea5-cb2a55798073\presentations\rsfm-bwer-progress-update\assets\canonical\01_sen1floods\sen1floods11_protocol_matched_matched_runs_s2_resnet34_unet_audit_table.csv,segmentation,dataset;model;model_family;task;split;unit_id;sample_id;event_id;event;country;region;class_label;input_mode;adaptation_protocol;training_budget;split_protocol;checkpoint_source;aggregation_level;sample_count;TP_plus_FN_support;valid_pixel_count;positive_pixel_count;predicted_positive_pixel_count;TP;FP;FN;TN;iou;water_iou;micro_iou;dice;f1;micro_dice;micro_f1;precision;recall;pixel_accuracy;ground_truth_positive_pixel_ratio;predicted_positive_pixel_ratio;risk;risk_source;score;sensor;mean_confidence;confidence_source;event_id__class_label;event__class_label,independent_unit_id;split_role;model_signature;dataset_signature;protocol_hash;metric_version,missing,recomputable,missing_balance_axis_or_risk,missing_confidence_or_risk,missing_prediction_set_outputs,missing_cluster_or_spatial_block,upgrade_schema_or_reexport,5bda6974bb099a07027be94e584e770ef5bfe3dd17eb875b1f421a6ea51c6747
outputs\019e9c6b-cca4-7fa2-aea5-cb2a55798073\presentations\rsfm-bwer-progress-update\assets\canonical\01_sen1floods\sen1floods11_protocol_matched_matched_runs_s2_resnet34_unet_event_segmentation_metrics.csv,segmentation,dataset;model;model_family;task;split;unit_id;sample_id;event_id;event;country;region;class_label;input_mode;adaptation_protocol;training_budget;split_protocol;checkpoint_source;aggregation_level;sample_count;TP_plus_FN_support;valid_pixel_count;positive_pixel_count;predicted_positive_pixel_count;TP;FP;FN;TN;iou;water_iou;micro_iou;dice;f1;micro_dice;micro_f1;precision;recall;pixel_accuracy;ground_truth_positive_pixel_ratio;predicted_positive_pixel_ratio;risk;risk_source;score;sensor;mean_confidence;confidence_source,independent_unit_id;split_role;model_signature;dataset_signature;protocol_hash;metric_version,missing,recomputable,missing_balance_axis_or_risk,missing_confidence_or_risk,missing_prediction_set_outputs,missing_cluster_or_spatial_block,upgrade_schema_or_reexport,5bda6974bb099a07027be94e584e770ef5bfe3dd17eb875b1f421a6ea51c6747
outputs\019e9c6b-cca4-7fa2-aea5-cb2a55798073\presentations\rsfm-bwer-progress-update\assets\canonical\01_sen1floods\sen1floods11_protocol_matched_matched_runs_s2_resnet34_unet_segmentation_audit_table.csv,segmentation,dataset;model;model_family;task;split;unit_id;sample_id;event_id;event;country;region;class_label;input_mode;adaptation_protocol;training_budget;split_protocol;checkpoint_source;aggregation_level;sample_count;TP_plus_FN_support;valid_pixel_count;positive_pixel_count;predicted_positive_pixel_count;TP;FP;FN;TN;iou;water_iou;micro_iou;dice;f1;micro_dice;micro_f1;precision;recall;pixel_accuracy;ground_truth_positive_pixel_ratio;predicted_positive_pixel_ratio;risk;risk_source;score;sensor;mean_confidence;confidence_source,independent_unit_id;split_role;model_signature;dataset_signature;protocol_hash;metric_version,missing,recomputable,missing_balance_axis_or_risk,missing_confidence_or_risk,missing_prediction_set_outputs,missing_cluster_or_spatial_block,upgrade_schema_or_reexport,5bda6974bb099a07027be94e584e770ef5bfe3dd17eb875b1f421a6ea51c6747
outputs\019e9c6b-cca4-7fa2-aea5-cb2a55798073\presentations\rsfm-bwer-progress-update\assets\canonical\01_sen1floods\sen1floods11_protocol_matched_matched_runs_s2_resnet34_unet_segmentation_metrics.csv,segmentation,sample_id;chip_path;mask_path;label;water_fraction;region;event;fallback_group;sensor;source_dataset;band_profile;band_indices;band_names;split;event_id;dataset;model;model_family;model_variant;display_name;task;input_mode;adaptation_protocol;checkpoint_source;aggregation_level;unit_id;class_label;TP_plus_FN_support;mean_confidence;confidence_source;input_band_order;label_mapping;valid_pixel_count;positive_pixel_count;predicted_positive_pixel_count;TP;FP;FN;TN;iou;water_iou;micro_iou;dice;f1;micro_dice;micro_f1;precision;recall;pixel_accuracy;ground_truth_positive_pixel_ratio;predicted_positive_pixel_ratio;risk;risk_source;score;split_protocol;training_budget,independent_unit_id;split_role;model_signature;dataset_signature;protocol_hash;metric_version,missing,recomputable,missing_balance_axis_or_risk,missing_confidence_or_risk,missing_prediction_set_outputs,missing_cluster_or_spatial_block,upgrade_schema_or_reexport,5bda6974bb099a07027be94e584e770ef5bfe3dd17eb875b1f421a6ea51c6747
outputs\019e9c6b-cca4-7fa2-aea5-cb2a55798073\presentations\rsfm-bwer-progress-update\assets\canonical\01_sen1floods\sen1floods11_protocol_matched_matched_runs_spectral_mndwi_audit_table.csv,segmentation,dataset;model;model_family;task;split;unit_id;sample_id;event_id;event;country;region;class_label;input_mode;adaptation_protocol;training_budget;split_protocol;checkpoint_source;aggregation_level;sample_count;TP_plus_FN_support;valid_pixel_count;positive_pixel_count;predicted_positive_pixel_count;TP;FP;FN;TN;iou;water_iou;micro_iou;dice;f1;micro_dice;micro_f1;precision;recall;pixel_accuracy;ground_truth_positive_pixel_ratio;predicted_positive_pixel_ratio;risk;risk_source;score;sensor;event_id__class_label;event__class_label,independent_unit_id;split_role;model_signature;dataset_signature;protocol_hash;metric_version,missing,recomputable,missing_balance_axis_or_risk,missing_confidence_or_risk,missing_prediction_set_outputs,missing_cluster_or_spatial_block,upgrade_schema_or_reexport,5bda6974bb099a07027be94e584e770ef5bfe3dd17eb875b1f421a6ea51c6747
outputs\019e9c6b-cca4-7fa2-aea5-cb2a55798073\presentations\rsfm-bwer-progress-update\assets\canonical\01_sen1floods\sen1floods11_protocol_matched_matched_runs_spectral_mndwi_event_segmentation_metrics.csv,segmentation,dataset;model;model_family;task;split;unit_id;sample_id;event_id;event;country;region;class_label;input_mode;adaptation_protocol;training_budget;split_protocol;checkpoint_source;aggregation_level;sample_count;TP_plus_FN_support;valid_pixel_count;positive_pixel_count;predicted_positive_pixel_count;TP;FP;FN;TN;iou;water_iou;micro_iou;dice;f1;micro_dice;micro_f1;precision;recall;pixel_accuracy;ground_truth_positive_pixel_ratio;predicted_positive_pixel_ratio;risk;risk_source;score;sensor,independent_unit_id;split_role;model_signature;dataset_signature;protocol_hash;metric_version,missing,recomputable,missing_balance_axis_or_risk,missing_confidence_or_risk,missing_prediction_set_outputs,missing_cluster_or_spatial_block,upgrade_schema_or_reexport,5bda6974bb099a07027be94e584e770ef5bfe3dd17eb875b1f421a6ea51c6747
outputs\019e9c6b-cca4-7fa2-aea5-cb2a55798073\presentations\rsfm-bwer-progress-update\assets\canonical\01_sen1floods\sen1floods11_protocol_matched_matched_runs_spectral_mndwi_segmentation_audit_table.csv,segmentation,dataset;model;model_family;task;split;unit_id;sample_id;event_id;event;country;region;class_label;input_mode;adaptation_protocol;training_budget;split_protocol;checkpoint_source;aggregation_level;sample_count;TP_plus_FN_support;valid_pixel_count;positive_pixel_count;predicted_positive_pixel_count;TP;FP;FN;TN;iou;water_iou;micro_iou;dice;f1;micro_dice;micro_f1;precision;recall;pixel_accuracy;ground_truth_positive_pixel_ratio;predicted_positive_pixel_ratio;risk;risk_source;score;sensor,independent_unit_id;split_role;model_signature;dataset_signature;protocol_hash;metric_version,missing,recomputable,missing_balance_axis_or_risk,missing_confidence_or_risk,missing_prediction_set_outputs,missing_cluster_or_spatial_block,upgrade_schema_or_reexport,5bda6974bb099a07027be94e584e770ef5bfe3dd17eb875b1f421a6ea51c6747
outputs\019e9c6b-cca4-7fa2-aea5-cb2a55798073\presentations\rsfm-bwer-progress-update\assets\canonical\01_sen1floods\sen1floods11_protocol_matched_matched_runs_spectral_mndwi_segmentation_metrics.csv,segmentation,sample_id;chip_path;mask_path;label;water_fraction;region;event;fallback_group;sensor;source_dataset;band_profile;band_indices;band_names;split;event_id;dataset;model;model_family;model_variant;display_name;task;input_mode;adaptation_protocol;training_budget;split_protocol;checkpoint_source;aggregation_level;unit_id;country;class_label;TP_plus_FN_support;threshold_index;threshold_value;threshold_policy;threshold_note;input_band_order;label_mapping;valid_pixel_count;positive_pixel_count;predicted_positive_pixel_count;TP;FP;FN;TN;iou;water_iou;micro_iou;dice;f1;micro_dice;micro_f1;precision;recall;pixel_accuracy;ground_truth_positive_pixel_ratio;predicted_positive_pixel_ratio;risk;risk_source;score,independent_unit_id;split_role;model_signature;dataset_signature;protocol_hash;metric_version,missing,recomputable,missing_balance_axis_or_risk,missing_confidence_or_risk,missing_prediction_set_outputs,missing_cluster_or_spatial_block,upgrade_schema_or_reexport,5bda6974bb099a07027be94e584e770ef5bfe3dd17eb875b1f421a6ea51c6747
outputs\019e9c6b-cca4-7fa2-aea5-cb2a55798073\presentations\rsfm-bwer-progress-update\assets\canonical\01_sen1floods\sen1floods11_protocol_matched_matched_runs_vanilla_unet_audit_table.csv,segmentation,dataset;model;model_family;task;split;unit_id;sample_id;event_id;event;country;region;class_label;input_mode;adaptation_protocol;training_budget;split_protocol;checkpoint_source;aggregation_level;sample_count;TP_plus_FN_support;valid_pixel_count;positive_pixel_count;predicted_positive_pixel_count;TP;FP;FN;TN;iou;water_iou;micro_iou;dice;f1;micro_dice;micro_f1;precision;recall;pixel_accuracy;ground_truth_positive_pixel_ratio;predicted_positive_pixel_ratio;risk;risk_source;score;sensor;mean_confidence;confidence_source;event_id__class_label;event__class_label,independent_unit_id;split_role;model_signature;dataset_signature;protocol_hash;metric_version,missing,recomputable,missing_balance_axis_or_risk,missing_confidence_or_risk,missing_prediction_set_outputs,missing_cluster_or_spatial_block,upgrade_schema_or_reexport,5bda6974bb099a07027be94e584e770ef5bfe3dd17eb875b1f421a6ea51c6747
outputs\019e9c6b-cca4-7fa2-aea5-cb2a55798073\presentations\rsfm-bwer-progress-update\assets\canonical\01_sen1floods\sen1floods11_protocol_matched_matched_runs_vanilla_unet_event_segmentation_metrics.csv,segmentation,dataset;model;model_family;task;split;unit_id;sample_id;event_id;event;country;region;class_label;input_mode;adaptation_protocol;training_budget;split_protocol;checkpoint_source;aggregation_level;sample_count;TP_plus_FN_support;valid_pixel_count;positive_pixel_count;predicted_positive_pixel_count;TP;FP;FN;TN;iou;water_iou;micro_iou;dice;f1;micro_dice;micro_f1;precision;recall;pixel_accuracy;ground_truth_positive_pixel_ratio;predicted_positive_pixel_ratio;risk;risk_source;score;sensor;mean_confidence;confidence_source,independent_unit_id;split_role;model_signature;dataset_signature;protocol_hash;metric_version,missing,recomputable,missing_balance_axis_or_risk,missing_confidence_or_risk,missing_prediction_set_outputs,missing_cluster_or_spatial_block,upgrade_schema_or_reexport,5bda6974bb099a07027be94e584e770ef5bfe3dd17eb875b1f421a6ea51c6747
outputs\019e9c6b-cca4-7fa2-aea5-cb2a55798073\presentations\rsfm-bwer-progress-update\assets\canonical\01_sen1floods\sen1floods11_protocol_matched_matched_runs_vanilla_unet_segmentation_audit_table.csv,segmentation,dataset;model;model_family;task;split;unit_id;sample_id;event_id;event;country;region;class_label;input_mode;adaptation_protocol;training_budget;split_protocol;checkpoint_source;aggregation_level;sample_count;TP_plus_FN_support;valid_pixel_count;positive_pixel_count;predicted_positive_pixel_count;TP;FP;FN;TN;iou;water_iou;micro_iou;dice;f1;micro_dice;micro_f1;precision;recall;pixel_accuracy;ground_truth_positive_pixel_ratio;predicted_positive_pixel_ratio;risk;risk_source;score;sensor;mean_confidence;confidence_source,independent_unit_id;split_role;model_signature;dataset_signature;protocol_hash;metric_version,missing,recomputable,missing_balance_axis_or_risk,missing_confidence_or_risk,missing_prediction_set_outputs,missing_cluster_or_spatial_block,upgrade_schema_or_reexport,5bda6974bb099a07027be94e584e770ef5bfe3dd17eb875b1f421a6ea51c6747
outputs\019e9c6b-cca4-7fa2-aea5-cb2a55798073\presentations\rsfm-bwer-progress-update\assets\canonical\01_sen1floods\sen1floods11_protocol_matched_matched_runs_vanilla_unet_segmentation_metrics.csv,segmentation,sample_id;chip_path;mask_path;label;water_fraction;region;event;fallback_group;sensor;source_dataset;band_profile;band_indices;band_names;split;event_id;dataset;model;model_family;model_variant;display_name;task;input_mode;adaptation_protocol;checkpoint_source;aggregation_level;unit_id;class_label;TP_plus_FN_support;mean_confidence;confidence_source;input_band_order;label_mapping;valid_pixel_count;positive_pixel_count;predicted_positive_pixel_count;TP;FP;FN;TN;iou;water_iou;micro_iou;dice;f1;micro_dice;micro_f1;precision;recall;pixel_accuracy;ground_truth_positive_pixel_ratio;predicted_positive_pixel_ratio;risk;risk_source;score;split_protocol;training_budget,independent_unit_id;split_role;model_signature;dataset_signature;protocol_hash;metric_version,missing,recomputable,missing_balance_axis_or_risk,missing_confidence_or_risk,missing_prediction_set_outputs,missing_cluster_or_spatial_block,upgrade_schema_or_reexport,5bda6974bb099a07027be94e584e770ef5bfe3dd17eb875b1f421a6ea51c6747
outputs\019e9c6b-cca4-7fa2-aea5-cb2a55798073\presentations\rsfm-bwer-progress-update\assets\canonical\02_fmow\dofa_random_split_sanity_audit_table.csv,selective_or_predictions,sample_id;image_id;image_path;extracted_path;dataset;task;split;label;category;class_label;prediction;predicted_category;correct;score;risk;confidence;max_probability;top5_correct;model;model_family;model_variant;input_mode;adaptation_protocol;training_budget;split_protocol;eval_scope;resolution;band_profile;metadata_provenance;timestamp;year;month;season;location_id;latitude;longitude;country;continent;un_region;region;latitude_band;unit_id;y_true;y_pred;aggregation_level,independent_unit_id;split_role;model_signature;dataset_signature;protocol_hash;metric_version,missing,recomputable,missing_balance_axis_or_risk,recomputable,missing_prediction_set_outputs,cluster_ready,upgrade_schema_or_reexport,5bda6974bb099a07027be94e584e770ef5bfe3dd17eb875b1f421a6ea51c6747
outputs\019e9c6b-cca4-7fa2-aea5-cb2a55798073\presentations\rsfm-bwer-progress-update\assets\canonical\02_fmow\dofa_random_split_sanity_bwer_audit_table.csv,selective_or_predictions,sample_id;image_id;image_path;extracted_path;dataset;task;split;label;category;class_label;prediction;predicted_category;correct;score;risk;confidence;max_probability;top5_correct;model;model_family;model_variant;input_mode;adaptation_protocol;training_budget;split_protocol;eval_scope;resolution;band_profile;metadata_provenance;timestamp;year;month;season;location_id;latitude;longitude;country;continent;un_region;region;latitude_band;unit_id;y_true;y_pred;aggregation_level;country__class_label;region__class_label;season__class_label;latitude_band__class_label;country__category;region__category;season__category;latitude_band__category,independent_unit_id;split_role;model_signature;dataset_signature;protocol_hash;metric_version,missing,recomputable,missing_balance_axis_or_risk,recomputable,missing_prediction_set_outputs,cluster_ready,upgrade_schema_or_reexport,5bda6974bb099a07027be94e584e770ef5bfe3dd17eb875b1f421a6ea51c6747
outputs\019e9c6b-cca4-7fa2-aea5-cb2a55798073\presentations\rsfm-bwer-progress-update\assets\canonical\02_fmow\fmow_sentinel_dofa_vitb_linear_probe_30k_location_disjoint_scaled10000_audit_table.csv,selective_or_predictions,sample_id;image_id;image_path;extracted_path;dataset;task;split;label;category;class_label;prediction;predicted_category;correct;score;risk;confidence;max_probability;top5_correct;model;model_family;model_variant;input_mode;adaptation_protocol;training_budget;split_protocol;eval_scope;resolution;band_profile;metadata_provenance;timestamp;year;month;season;location_id;latitude;longitude;country;continent;un_region;region;latitude_band;unit_id;y_true;y_pred;aggregation_level,independent_unit_id;split_role;model_signature;dataset_signature;protocol_hash;metric_version,missing,recomputable,missing_balance_axis_or_risk,recomputable,missing_prediction_set_outputs,cluster_ready,upgrade_schema_or_reexport,5bda6974bb099a07027be94e584e770ef5bfe3dd17eb875b1f421a6ea51c6747
outputs\019e9c6b-cca4-7fa2-aea5-cb2a55798073\presentations\rsfm-bwer-progress-update\assets\canonical\02_fmow\fmow_sentinel_dofa_vitb_linear_probe_30k_location_disjoint_scaled10000_bwer_audit_table.csv,selective_or_predictions,sample_id;image_id;image_path;extracted_path;dataset;task;split;label;category;class_label;prediction;predicted_category;correct;score;risk;confidence;max_probability;top5_correct;model;model_family;model_variant;input_mode;adaptation_protocol;training_budget;split_protocol;eval_scope;resolution;band_profile;metadata_provenance;timestamp;year;month;season;location_id;latitude;longitude;country;continent;un_region;region;latitude_band;unit_id;y_true;y_pred;aggregation_level;country__class_label;region__class_label;season__class_label;latitude_band__class_label;country__category;region__category;season__category;latitude_band__category,independent_unit_id;split_role;model_signature;dataset_signature;protocol_hash;metric_version,missing,recomputable,missing_balance_axis_or_risk,recomputable,missing_prediction_set_outputs,cluster_ready,upgrade_schema_or_reexport,5bda6974bb099a07027be94e584e770ef5bfe3dd17eb875b1f421a6ea51c6747
outputs\019e9c6b-cca4-7fa2-aea5-cb2a55798073\presentations\rsfm-bwer-progress-update\assets\canonical\02_fmow\fmow_sentinel_resnet50_30k_location_disjoint_audit_table.csv,selective_or_predictions,sample_id;image_id;image_path;extracted_path;dataset;task;split;label;category;class_label;prediction;predicted_category;correct;score;risk;confidence;max_probability;top5_correct;model;model_family;model_variant;input_mode;adaptation_protocol;training_budget;split_protocol;eval_scope;resolution;band_profile;metadata_provenance;timestamp;year;month;season;location_id;latitude;longitude;country;continent;un_region;region;latitude_band;unit_id;y_true;y_pred;aggregation_level,independent_unit_id;split_role;model_signature;dataset_signature;protocol_hash;metric_version,missing,recomputable,missing_balance_axis_or_risk,recomputable,missing_prediction_set_outputs,cluster_ready,upgrade_schema_or_reexport,5bda6974bb099a07027be94e584e770ef5bfe3dd17eb875b1f421a6ea51c6747
outputs\019e9c6b-cca4-7fa2-aea5-cb2a55798073\presentations\rsfm-bwer-progress-update\assets\canonical\02_fmow\random_split_resnet50_16epoch_audit_table.csv,selective_or_predictions,sample_id;image_id;image_path;extracted_path;dataset;task;split;label;category;class_label;prediction;predicted_category;correct;score;risk;confidence;max_probability;top5_correct;model;model_family;model_variant;input_mode;adaptation_protocol;training_budget;split_protocol;eval_scope;resolution;band_profile;metadata_provenance;timestamp;year;month;season;location_id;latitude;longitude;country;continent;un_region;region;latitude_band;unit_id;y_true;y_pred;aggregation_level,independent_unit_id;split_role;model_signature;dataset_signature;protocol_hash;metric_version,missing,recomputable,missing_balance_axis_or_risk,recomputable,missing_prediction_set_outputs,cluster_ready,upgrade_schema_or_reexport,5bda6974bb099a07027be94e584e770ef5bfe3dd17eb875b1f421a6ea51c6747
outputs\019e9c6b-cca4-7fa2-aea5-cb2a55798073\presentations\rsfm-bwer-progress-update\assets\canonical\02_fmow\random_split_resnet50_16epoch_bwer_audit_table.csv,selective_or_predictions,sample_id;image_id;image_path;extracted_path;dataset;task;split;label;category;class_label;prediction;predicted_category;correct;score;risk;confidence;max_probability;top5_correct;model;model_family;model_variant;input_mode;adaptation_protocol;training_budget;split_protocol;eval_scope;resolution;band_profile;metadata_provenance;timestamp;year;month;season;location_id;latitude;longitude;country;continent;un_region;region;latitude_band;unit_id;y_true;y_pred;aggregation_level;country__class_label;region__class_label;season__class_label;latitude_band__class_label;country__category;region__category;season__category;latitude_band__category,independent_unit_id;split_role;model_signature;dataset_signature;protocol_hash;metric_version,missing,recomputable,missing_balance_axis_or_risk,recomputable,missing_prediction_set_outputs,cluster_ready,upgrade_schema_or_reexport,5bda6974bb099a07027be94e584e770ef5bfe3dd17eb875b1f421a6ea51c6747
outputs\019e9c6b-cca4-7fa2-aea5-cb2a55798073\presentations\rsfm-bwer-progress-update\assets\canonical\03_reben\bwer_croma_s1_plus_s2_selective_risk_summary.csv,selective_or_predictions,coverage_target;slice_variable;slice_value;confidence_threshold;retained_count;total_count;retained_coverage;abstention_rate;mean_risk,dataset;model;task;split;sample_id;independent_unit_id;risk;split_role;model_signature;dataset_signature;protocol_hash;metric_version,missing,unavailable,missing_balance_axis_or_risk,missing_confidence_or_risk,missing_prediction_set_outputs,missing_cluster_or_spatial_block,not_an_audit_source,5bda6974bb099a07027be94e584e770ef5bfe3dd17eb875b1f421a6ea51c6747
outputs\019e9c6b-cca4-7fa2-aea5-cb2a55798073\presentations\rsfm-bwer-progress-update\assets\canonical\03_reben\bwer_croma_s1_selective_risk_summary.csv,selective_or_predictions,coverage_target;slice_variable;slice_value;confidence_threshold;retained_count;total_count;retained_coverage;abstention_rate;mean_risk,dataset;model;task;split;sample_id;independent_unit_id;risk;split_role;model_signature;dataset_signature;protocol_hash;metric_version,missing,unavailable,missing_balance_axis_or_risk,missing_confidence_or_risk,missing_prediction_set_outputs,missing_cluster_or_spatial_block,not_an_audit_source,5bda6974bb099a07027be94e584e770ef5bfe3dd17eb875b1f421a6ea51c6747
outputs\019e9c6b-cca4-7fa2-aea5-cb2a55798073\presentations\rsfm-bwer-progress-update\assets\canonical\03_reben\bwer_croma_s2_selective_risk_summary.csv,selective_or_predictions,coverage_target;slice_variable;slice_value;confidence_threshold;retained_count;total_count;retained_coverage;abstention_rate;mean_risk,dataset;model;task;split;sample_id;independent_unit_id;risk;split_role;model_signature;dataset_signature;protocol_hash;metric_version,missing,unavailable,missing_balance_axis_or_risk,missing_confidence_or_risk,missing_prediction_set_outputs,missing_cluster_or_spatial_block,not_an_audit_source,5bda6974bb099a07027be94e584e770ef5bfe3dd17eb875b1f421a6ea51c6747
outputs\019e9c6b-cca4-7fa2-aea5-cb2a55798073\presentations\rsfm-bwer-progress-update\assets\canonical\03_reben\content_outputs_reben_croma_sensor_mode_audit_croma_comparison_selective_risk_comparison.csv,selective_or_predictions,sensor_mode;run_name;source_dir;coverage_target;slice_variable;slice_value;confidence_threshold;retained_count;total_count;retained_coverage;abstention_rate;mean_risk,dataset;model;task;split;sample_id;independent_unit_id;risk;split_role;model_signature;dataset_signature;protocol_hash;metric_version,missing,unavailable,missing_balance_axis_or_risk,missing_confidence_or_risk,missing_prediction_set_outputs,missing_cluster_or_spatial_block,not_an_audit_source,5bda6974bb099a07027be94e584e770ef5bfe3dd17eb875b1f421a6ea51c6747
outputs\019e9c6b-cca4-7fa2-aea5-cb2a55798073\presentations\rsfm-bwer-progress-update\assets\canonical\03_reben\selective_risk_summary.csv,selective_or_predictions,coverage_target;slice_variable;slice_value;confidence_threshold;retained_count;total_count;retained_coverage;abstention_rate;mean_risk,dataset;model;task;split;sample_id;independent_unit_id;risk;split_role;model_signature;dataset_signature;protocol_hash;metric_version,missing,unavailable,missing_balance_axis_or_risk,missing_confidence_or_risk,missing_prediction_set_outputs,missing_cluster_or_spatial_block,not_an_audit_source,5bda6974bb099a07027be94e584e770ef5bfe3dd17eb875b1f421a6ea51c6747
outputs\019e9c6b-cca4-7fa2-aea5-cb2a55798073\presentations\rsfm-bwer-progress-update\assets\canonical\04_selective_risk\content_outputs_selective_risk_audit_v1_confidence_availability_audit.csv,selective_or_predictions,experiment_id;dataset;deployment_axis;task_type;confidence_definition;availability_policy;run_id;status;source_path;reason,model;task;split;sample_id;independent_unit_id;risk;split_role;model_signature;dataset_signature;protocol_hash;metric_version,missing,unavailable,missing_balance_axis_or_risk,missing_confidence_or_risk,missing_prediction_set_outputs,missing_cluster_or_spatial_block,not_an_audit_source,5bda6974bb099a07027be94e584e770ef5bfe3dd17eb875b1f421a6ea51c6747
outputs\019e9c6b-cca4-7fa2-aea5-cb2a55798073\presentations\rsfm-bwer-progress-update\assets\canonical\04_selective_risk\content_outputs_selective_risk_audit_v1_confidence_definition_registry.csv,selective_or_predictions,experiment_id;dataset;deployment_axis;task_type;confidence_definition;confidence_column;risk_column;slice_columns;availability_policy,model;task;split;sample_id;independent_unit_id;risk;split_role;model_signature;dataset_signature;protocol_hash;metric_version,missing,unavailable,missing_balance_axis_or_risk,missing_confidence_or_risk,missing_prediction_set_outputs,missing_cluster_or_spatial_block,not_an_audit_source,5bda6974bb099a07027be94e584e770ef5bfe3dd17eb875b1f421a6ea51c6747
outputs\019e9c6b-cca4-7fa2-aea5-cb2a55798073\presentations\rsfm-bwer-progress-update\assets\canonical\04_selective_risk\content_outputs_selective_risk_audit_v1_high_confidence_error_by_slice.csv,selective_or_predictions,experiment_id;dataset;deployment_axis;sensor_mode;run_name;source_dir;coverage_target;slice_variable;slice_value;confidence_threshold;retained_count;total_count;retained_coverage;abstention_rate;mean_risk;run_id;status;source_path,model;task;split;sample_id;independent_unit_id;risk;split_role;model_signature;dataset_signature;protocol_hash;metric_version,missing,unavailable,missing_balance_axis_or_risk,missing_confidence_or_risk,missing_prediction_set_outputs,missing_cluster_or_spatial_block,not_an_audit_source,5bda6974bb099a07027be94e584e770ef5bfe3dd17eb875b1f421a6ea51c6747
outputs\019e9c6b-cca4-7fa2-aea5-cb2a55798073\presentations\rsfm-bwer-progress-update\assets\canonical\04_selective_risk\content_outputs_selective_risk_audit_v1_retained_coverage_by_slice.csv,selective_or_predictions,experiment_id;dataset;deployment_axis;sensor_mode;run_name;source_dir;coverage_target;slice_variable;slice_value;confidence_threshold;retained_count;total_count;retained_coverage;abstention_rate;mean_risk;run_id;status;source_path,model;task;split;sample_id;independent_unit_id;risk;split_role;model_signature;dataset_signature;protocol_hash;metric_version,missing,unavailable,missing_balance_axis_or_risk,missing_confidence_or_risk,missing_prediction_set_outputs,missing_cluster_or_spatial_block,not_an_audit_source,5bda6974bb099a07027be94e584e770ef5bfe3dd17eb875b1f421a6ea51c6747
outputs\019e9c6b-cca4-7fa2-aea5-cb2a55798073\presentations\rsfm-bwer-progress-update\assets\canonical\04_selective_risk\content_outputs_selective_risk_audit_v1_risk_coverage_curve_points.csv,selective_or_predictions,experiment_id;dataset;deployment_axis;run_id;sensor_mode;coverage_target;slice_variable;slice_value;confidence_threshold;retained_count;total_count;retained_coverage;abstention_rate;mean_risk;status;reason;source_path;run_name;source_dir,model;task;split;sample_id;independent_unit_id;risk;split_role;model_signature;dataset_signature;protocol_hash;metric_version,missing,unavailable,missing_balance_axis_or_risk,missing_confidence_or_risk,missing_prediction_set_outputs,missing_cluster_or_spatial_block,not_an_audit_source,5bda6974bb099a07027be94e584e770ef5bfe3dd17eb875b1f421a6ea51c6747
outputs\019e9c6b-cca4-7fa2-aea5-cb2a55798073\presentations\rsfm-bwer-progress-update\assets\canonical\04_selective_risk\content_outputs_selective_risk_audit_v1_selective_bwer_summary.csv,selective_or_predictions,experiment_id;run_id;coverage_target;slice_variable;mean_slice_risk;worst_slice_risk;selective_bwer_proxy;note,dataset;model;task;split;sample_id;independent_unit_id;risk;split_role;model_signature;dataset_signature;protocol_hash;metric_version,missing,unavailable,missing_balance_axis_or_risk,missing_confidence_or_risk,missing_prediction_set_outputs,missing_cluster_or_spatial_block,not_an_audit_source,5bda6974bb099a07027be94e584e770ef5bfe3dd17eb875b1f421a6ea51c6747
outputs\019e9c6b-cca4-7fa2-aea5-cb2a55798073\presentations\rsfm-bwer-progress-update\assets\canonical\04_selective_risk\content_outputs_selective_risk_audit_v1_selective_risk_caveats.csv,selective_or_predictions,experiment_id;dataset;deployment_axis;task_type;confidence_definition;availability_policy;run_id;status;source_path;reason;caveat,model;task;split;sample_id;independent_unit_id;risk;split_role;model_signature;dataset_signature;protocol_hash;metric_version,missing,unavailable,missing_balance_axis_or_risk,missing_confidence_or_risk,missing_prediction_set_outputs,missing_cluster_or_spatial_block,not_an_audit_source,5bda6974bb099a07027be94e584e770ef5bfe3dd17eb875b1f421a6ea51c6747
outputs\019e9c6b-cca4-7fa2-aea5-cb2a55798073\presentations\rsfm-bwer-progress-update\assets\canonical\04_selective_risk\content_outputs_selective_risk_audit_v1_selective_risk_summary_cross_dataset.csv,selective_or_predictions,experiment_id;dataset;deployment_axis;run_id;sensor_mode;coverage_target;slice_variable;slice_value;confidence_threshold;retained_count;total_count;retained_coverage;abstention_rate;mean_risk;status;reason;source_path;run_name;source_dir,model;task;split;sample_id;independent_unit_id;risk;split_role;model_signature;dataset_signature;protocol_hash;metric_version,missing,unavailable,missing_balance_axis_or_risk,missing_confidence_or_risk,missing_prediction_set_outputs,missing_cluster_or_spatial_block,not_an_audit_source,5bda6974bb099a07027be94e584e770ef5bfe3dd17eb875b1f421a6ea51c6747
outputs\alphaearth_gee_pilot_v1\alphaearth_landcover_pilot_audit_table.csv,selective_or_predictions,sample_id;lon;lat;year;country_iso3;region;income_group;biome_or_ecoregion;urban_rural_or_built_proxy;spatial_block_id;split;worldcover_label;worldcover_class_name;A00;A01;A02;A03;A04;A05;A06;A07;A08;A09;A10;A11;A12;A13;A14;A15;A16;A17;A18;A19;A20;A21;A22;A23;A24;A25;A26;A27;A28;A29;A30;A31;A32;A33;A34;A35;A36;A37;A38;A39;A40;A41;A42;A43;A44;A45;A46;A47;A48;A49;A50;A51;A52;A53;A54;A55;A56;A57;A58;A59;A60;A61;A62;A63;support_stratum;dataset;task;model;label;class_label;prediction;predicted_class_name;correct;risk;confidence,independent_unit_id;split_role;model_signature;dataset_signature;protocol_hash;metric_version,missing,recomputable,missing_balance_axis_or_risk,recomputable,missing_prediction_set_outputs,cluster_ready,upgrade_schema_or_reexport,5bda6974bb099a07027be94e584e770ef5bfe3dd17eb875b1f421a6ea51c6747
outputs\alphaearth_gee_readiness_v1\alphaearth_audit_table_schema.csv,audit_table,field;required;description,dataset;model;task;split;sample_id;independent_unit_id;risk;split_role;model_signature;dataset_signature;protocol_hash;metric_version,missing,unavailable,missing_balance_axis_or_risk,missing_confidence_or_risk,missing_prediction_set_outputs,missing_cluster_or_spatial_block,not_an_audit_source,5bda6974bb099a07027be94e584e770ef5bfe3dd17eb875b1f421a6ea51c6747
outputs\alphaearth_landcover_audit_full_v1\alphaearth_full_conformal_bwer.csv,conformal,status;reason;required_action,dataset;model;task;split;sample_id;independent_unit_id;risk;split_role;model_signature;dataset_signature;protocol_hash;metric_version,missing,unavailable,missing_balance_axis_or_risk,missing_confidence_or_risk,missing_prediction_set_outputs,missing_cluster_or_spatial_block,not_an_audit_source,5bda6974bb099a07027be94e584e770ef5bfe3dd17eb875b1f421a6ea51c6747
outputs\alphaearth_landcover_audit_full_v1\alphaearth_full_conformal_coverage_summary.csv,conformal,status;reason;required_action,dataset;model;task;split;sample_id;independent_unit_id;risk;split_role;model_signature;dataset_signature;protocol_hash;metric_version,missing,unavailable,missing_balance_axis_or_risk,missing_confidence_or_risk,missing_prediction_set_outputs,missing_cluster_or_spatial_block,not_an_audit_source,5bda6974bb099a07027be94e584e770ef5bfe3dd17eb875b1f421a6ea51c6747
outputs\alphaearth_landcover_audit_full_v1\alphaearth_full_conformal_set_size_summary.csv,conformal,status;reason;required_action,dataset;model;task;split;sample_id;independent_unit_id;risk;split_role;model_signature;dataset_signature;protocol_hash;metric_version,missing,unavailable,missing_balance_axis_or_risk,missing_confidence_or_risk,missing_prediction_set_outputs,missing_cluster_or_spatial_block,not_an_audit_source,5bda6974bb099a07027be94e584e770ef5bfe3dd17eb875b1f421a6ea51c6747
outputs\alphaearth_landcover_audit_full_v1\alphaearth_full_conformal_slice_coverage.csv,conformal,status;reason;required_action,dataset;model;task;split;sample_id;independent_unit_id;risk;split_role;model_signature;dataset_signature;protocol_hash;metric_version,missing,unavailable,missing_balance_axis_or_risk,missing_confidence_or_risk,missing_prediction_set_outputs,missing_cluster_or_spatial_block,not_an_audit_source,5bda6974bb099a07027be94e584e770ef5bfe3dd17eb875b1f421a6ea51c6747
outputs\alphaearth_landcover_audit_full_v1\alphaearth_full_predictions.csv,audit_table,status;reason;required_action,dataset;model;task;split;sample_id;independent_unit_id;risk;split_role;model_signature;dataset_signature;protocol_hash;metric_version,missing,unavailable,missing_balance_axis_or_risk,missing_confidence_or_risk,missing_prediction_set_outputs,missing_cluster_or_spatial_block,not_an_audit_source,5bda6974bb099a07027be94e584e770ef5bfe3dd17eb875b1f421a6ea51c6747
outputs\alphaearth_landcover_audit_full_v1\alphaearth_full_selective_bwer.csv,selective_or_predictions,status;reason;required_action,dataset;model;task;split;sample_id;independent_unit_id;risk;split_role;model_signature;dataset_signature;protocol_hash;metric_version,missing,unavailable,missing_balance_axis_or_risk,missing_confidence_or_risk,missing_prediction_set_outputs,missing_cluster_or_spatial_block,not_an_audit_source,5bda6974bb099a07027be94e584e770ef5bfe3dd17eb875b1f421a6ea51c6747
outputs\alphaearth_landcover_audit_full_v1\alphaearth_full_selective_risk_summary.csv,selective_or_predictions,status;reason;required_action,dataset;model;task;split;sample_id;independent_unit_id;risk;split_role;model_signature;dataset_signature;protocol_hash;metric_version,missing,unavailable,missing_balance_axis_or_risk,missing_confidence_or_risk,missing_prediction_set_outputs,missing_cluster_or_spatial_block,not_an_audit_source,5bda6974bb099a07027be94e584e770ef5bfe3dd17eb875b1f421a6ea51c6747
outputs\final_paper_assets\rsfm_bwer_paper_freeze_v3\rsfm_bwer_paper_freeze_v3.zip::source_outputs/fmow_conformal_selective_audit_v1/calibration_split_manifest.csv,conformal,run_id;row_id;sample_id;image_id;location_id;country;region;class_label;calibration_split;calibration_group_column;calibration_group_value,dataset;model;task;split;independent_unit_id;risk;split_role;model_signature;dataset_signature;protocol_hash;metric_version,missing,unavailable,missing_balance_axis_or_risk,missing_confidence_or_risk,missing_prediction_set_outputs,cluster_ready,not_an_audit_source,5bda6974bb099a07027be94e584e770ef5bfe3dd17eb875b1f421a6ea51c6747
outputs\final_paper_assets\rsfm_bwer_paper_freeze_v3\rsfm_bwer_paper_freeze_v3.zip::source_outputs/fmow_conformal_selective_audit_v1/fmow_conformal_bwer_summary.csv,conformal,run_id;selector;coverage_target;analysis_type;slice_variable;balance_variable;bwer;mean_slice_risk;tail_risk;worst_slice;tail_slices;n_valid_slices;note,dataset;model;task;split;sample_id;independent_unit_id;risk;split_role;model_signature;dataset_signature;protocol_hash;metric_version,missing,unavailable,missing_balance_axis_or_risk,missing_confidence_or_risk,missing_prediction_set_outputs,missing_cluster_or_spatial_block,not_an_audit_source,5bda6974bb099a07027be94e584e770ef5bfe3dd17eb875b1f421a6ea51c6747
outputs\final_paper_assets\rsfm_bwer_paper_freeze_v3\rsfm_bwer_paper_freeze_v3.zip::source_outputs/fmow_conformal_selective_audit_v1/fmow_conformal_coverage_summary.csv,conformal,run_id;method;coverage_target;alpha;qhat_nonconformity;confidence_threshold;calibration_count;test_count;retained_count;retained_coverage;empirical_retained_accuracy;formal_label_coverage_claim;note,dataset;model;task;split;sample_id;independent_unit_id;risk;split_role;model_signature;dataset_signature;protocol_hash;metric_version,missing,unavailable,missing_balance_axis_or_risk,missing_confidence_or_risk,missing_prediction_set_outputs,missing_cluster_or_spatial_block,not_an_audit_source,5bda6974bb099a07027be94e584e770ef5bfe3dd17eb875b1f421a6ea51c6747
outputs\final_paper_assets\rsfm_bwer_paper_freeze_v3\rsfm_bwer_paper_freeze_v3.zip::source_outputs/fmow_conformal_selective_audit_v1/fmow_conformal_slice_coverage.csv,conformal,run_id;method;coverage_target;slice_variable;slice_value;retained_count;total_count;retained_coverage;empirical_retained_accuracy,dataset;model;task;split;sample_id;independent_unit_id;risk;split_role;model_signature;dataset_signature;protocol_hash;metric_version,missing,unavailable,missing_balance_axis_or_risk,missing_confidence_or_risk,missing_prediction_set_outputs,missing_cluster_or_spatial_block,not_an_audit_source,5bda6974bb099a07027be94e584e770ef5bfe3dd17eb875b1f421a6ea51c6747
outputs\final_paper_assets\rsfm_bwer_paper_freeze_v3\rsfm_bwer_paper_freeze_v3.zip::source_outputs/fmow_conformal_selective_audit_v1/fmow_high_confidence_error_by_slice.csv,conformal,run_id;selector;coverage_target;slice_variable;slice_value;retained_count;total_count;retained_coverage;mean_risk;baseline_mean_risk;high_confidence_error,dataset;model;task;split;sample_id;independent_unit_id;risk;split_role;model_signature;dataset_signature;protocol_hash;metric_version,missing,unavailable,missing_balance_axis_or_risk,missing_confidence_or_risk,missing_prediction_set_outputs,missing_cluster_or_spatial_block,not_an_audit_source,5bda6974bb099a07027be94e584e770ef5bfe3dd17eb875b1f421a6ea51c6747
outputs\final_paper_assets\rsfm_bwer_paper_freeze_v3\rsfm_bwer_paper_freeze_v3.zip::source_outputs/fmow_conformal_selective_audit_v1/fmow_retained_coverage_by_slice.csv,conformal,run_id;selector;coverage_target;slice_variable;slice_value;retained_count;total_count;retained_coverage;mean_risk;baseline_mean_risk,dataset;model;task;split;sample_id;independent_unit_id;risk;split_role;model_signature;dataset_signature;protocol_hash;metric_version,missing,unavailable,missing_balance_axis_or_risk,missing_confidence_or_risk,missing_prediction_set_outputs,missing_cluster_or_spatial_block,not_an_audit_source,5bda6974bb099a07027be94e584e770ef5bfe3dd17eb875b1f421a6ea51c6747
outputs\final_paper_assets\rsfm_bwer_paper_freeze_v3\rsfm_bwer_paper_freeze_v3.zip::source_outputs/fmow_conformal_selective_audit_v1/fmow_selective_bwer_summary.csv,conformal,run_id;selector;coverage_target;analysis_type;slice_variable;balance_variable;bwer;mean_slice_risk;tail_risk;worst_slice;tail_slices;n_valid_slices;note,dataset;model;task;split;sample_id;independent_unit_id;risk;split_role;model_signature;dataset_signature;protocol_hash;metric_version,missing,unavailable,missing_balance_axis_or_risk,missing_confidence_or_risk,missing_prediction_set_outputs,missing_cluster_or_spatial_block,not_an_audit_source,5bda6974bb099a07027be94e584e770ef5bfe3dd17eb875b1f421a6ea51c6747
outputs\final_paper_assets\rsfm_bwer_paper_freeze_v3\rsfm_bwer_paper_freeze_v3.zip::source_outputs/fmow_conformal_selective_audit_v1/fmow_selective_risk_summary.csv,conformal,run_id;selector;coverage_target;confidence_threshold;retained_count;total_count;retained_coverage;abstention_rate;mean_risk;baseline_mean_risk;risk_reduction;confidence_column;risk_column,dataset;model;task;split;sample_id;independent_unit_id;risk;split_role;model_signature;dataset_signature;protocol_hash;metric_version,missing,unavailable,missing_balance_axis_or_risk,missing_confidence_or_risk,missing_prediction_set_outputs,missing_cluster_or_spatial_block,not_an_audit_source,5bda6974bb099a07027be94e584e770ef5bfe3dd17eb875b1f421a6ea51c6747
outputs\final_paper_assets\rsfm_bwer_paper_freeze_v3\rsfm_bwer_paper_freeze_v3.zip::source_outputs/fmow_conformal_selective_audit_v1/fmow_support_filtered_slice_summary.csv,conformal,run_id;selector;coverage_target;slice_variable;support_filter;n_supported_slices;n_excluded_low_support_slices;risk_rank;slice_value;retained_count;total_count;retained_coverage;mean_risk;baseline_mean_risk;note,dataset;model;task;split;sample_id;independent_unit_id;risk;split_role;model_signature;dataset_signature;protocol_hash;metric_version,missing,unavailable,missing_balance_axis_or_risk,missing_confidence_or_risk,missing_prediction_set_outputs,missing_cluster_or_spatial_block,not_an_audit_source,5bda6974bb099a07027be94e584e770ef5bfe3dd17eb875b1f421a6ea51c6747
outputs\final_paper_assets\rsfm_bwer_paper_freeze_v3\rsfm_bwer_paper_freeze_v3.zip::source_outputs/fmow_conformal_selective_audit_v1/rank_divergence_under_selective_audit.csv,conformal,scenario;selector;coverage_target;analysis_type;aggregate_best_run;aggregate_best_mean_risk;bwer_best_run;bwer_best;rank_diverges;compared_runs;interpretation,dataset;model;task;split;sample_id;independent_unit_id;risk;split_role;model_signature;dataset_signature;protocol_hash;metric_version,missing,unavailable,missing_balance_axis_or_risk,missing_confidence_or_risk,missing_prediction_set_outputs,missing_cluster_or_spatial_block,not_an_audit_source,5bda6974bb099a07027be94e584e770ef5bfe3dd17eb875b1f421a6ea51c6747
outputs\final_paper_assets\rsfm_bwer_paper_freeze_v3\rsfm_bwer_paper_freeze_v3.zip::source_outputs/unified_paper_package_v3/fmow_selective_social_spatial_summary_v3.csv,selective_or_predictions,summary_item;value;interpretation,dataset;model;task;split;sample_id;independent_unit_id;risk;split_role;model_signature;dataset_signature;protocol_hash;metric_version,missing,unavailable,missing_balance_axis_or_risk,missing_confidence_or_risk,missing_prediction_set_outputs,missing_cluster_or_spatial_block,not_an_audit_source,5bda6974bb099a07027be94e584e770ef5bfe3dd17eb875b1f421a6ea51c6747
outputs\final_paper_assets\rsfm_bwer_paper_freeze_v3\source_outputs\fmow_conformal_selective_audit_v1\fmow_conformal_bwer_summary.csv,conformal,run_id;selector;coverage_target;analysis_type;slice_variable;balance_variable;bwer;mean_slice_risk;tail_risk;worst_slice;tail_slices;n_valid_slices;note,dataset;model;task;split;sample_id;independent_unit_id;risk;split_role;model_signature;dataset_signature;protocol_hash;metric_version,missing,unavailable,missing_balance_axis_or_risk,missing_confidence_or_risk,missing_prediction_set_outputs,missing_cluster_or_spatial_block,not_an_audit_source,5bda6974bb099a07027be94e584e770ef5bfe3dd17eb875b1f421a6ea51c6747
outputs\final_paper_assets\rsfm_bwer_paper_freeze_v3\source_outputs\fmow_conformal_selective_audit_v1\fmow_conformal_coverage_summary.csv,conformal,run_id;method;coverage_target;alpha;qhat_nonconformity;confidence_threshold;calibration_count;test_count;retained_count;retained_coverage;empirical_retained_accuracy;formal_label_coverage_claim;note,dataset;model;task;split;sample_id;independent_unit_id;risk;split_role;model_signature;dataset_signature;protocol_hash;metric_version,missing,unavailable,missing_balance_axis_or_risk,missing_confidence_or_risk,missing_prediction_set_outputs,missing_cluster_or_spatial_block,not_an_audit_source,5bda6974bb099a07027be94e584e770ef5bfe3dd17eb875b1f421a6ea51c6747
outputs\final_paper_assets\rsfm_bwer_paper_freeze_v3\source_outputs\fmow_conformal_selective_audit_v1\fmow_conformal_slice_coverage.csv,conformal,run_id;method;coverage_target;slice_variable;slice_value;retained_count;total_count;retained_coverage;empirical_retained_accuracy,dataset;model;task;split;sample_id;independent_unit_id;risk;split_role;model_signature;dataset_signature;protocol_hash;metric_version,missing,unavailable,missing_balance_axis_or_risk,missing_confidence_or_risk,missing_prediction_set_outputs,missing_cluster_or_spatial_block,not_an_audit_source,5bda6974bb099a07027be94e584e770ef5bfe3dd17eb875b1f421a6ea51c6747
outputs\final_paper_assets\rsfm_bwer_paper_freeze_v3\source_outputs\fmow_conformal_selective_audit_v1\fmow_selective_bwer_summary.csv,conformal,run_id;selector;coverage_target;analysis_type;slice_variable;balance_variable;bwer;mean_slice_risk;tail_risk;worst_slice;tail_slices;n_valid_slices;note,dataset;model;task;split;sample_id;independent_unit_id;risk;split_role;model_signature;dataset_signature;protocol_hash;metric_version,missing,unavailable,missing_balance_axis_or_risk,missing_confidence_or_risk,missing_prediction_set_outputs,missing_cluster_or_spatial_block,not_an_audit_source,5bda6974bb099a07027be94e584e770ef5bfe3dd17eb875b1f421a6ea51c6747
outputs\final_paper_assets\rsfm_bwer_paper_freeze_v3\source_outputs\fmow_conformal_selective_audit_v1\fmow_selective_risk_summary.csv,conformal,run_id;selector;coverage_target;confidence_threshold;retained_count;total_count;retained_coverage;abstention_rate;mean_risk;baseline_mean_risk;risk_reduction;confidence_column;risk_column,dataset;model;task;split;sample_id;independent_unit_id;risk;split_role;model_signature;dataset_signature;protocol_hash;metric_version,missing,unavailable,missing_balance_axis_or_risk,missing_confidence_or_risk,missing_prediction_set_outputs,missing_cluster_or_spatial_block,not_an_audit_source,5bda6974bb099a07027be94e584e770ef5bfe3dd17eb875b1f421a6ea51c6747
outputs\final_paper_assets\rsfm_bwer_paper_freeze_v3\source_outputs\fmow_conformal_selective_audit_v1\rank_divergence_under_selective_audit.csv,conformal,scenario;selector;coverage_target;analysis_type;aggregate_best_run;aggregate_best_mean_risk;bwer_best_run;bwer_best;rank_diverges;compared_runs;interpretation,dataset;model;task;split;sample_id;independent_unit_id;risk;split_role;model_signature;dataset_signature;protocol_hash;metric_version,missing,unavailable,missing_balance_axis_or_risk,missing_confidence_or_risk,missing_prediction_set_outputs,missing_cluster_or_spatial_block,not_an_audit_source,5bda6974bb099a07027be94e584e770ef5bfe3dd17eb875b1f421a6ea51c6747
outputs\final_paper_assets\rsfm_bwer_paper_freeze_v3\source_outputs\unified_paper_package_v3\fmow_selective_social_spatial_summary_v3.csv,selective_or_predictions,summary_item;value;interpretation,dataset;model;task;split;sample_id;independent_unit_id;risk;split_role;model_signature;dataset_signature;protocol_hash;metric_version,missing,unavailable,missing_balance_axis_or_risk,missing_confidence_or_risk,missing_prediction_set_outputs,missing_cluster_or_spatial_block,not_an_audit_source,5bda6974bb099a07027be94e584e770ef5bfe3dd17eb875b1f421a6ea51c6747
outputs\fmow_conformal_selective_audit_v1\fmow_conformal_bwer_summary.csv,conformal,run_id;selector;coverage_target;analysis_type;slice_variable;balance_variable;bwer;mean_slice_risk;tail_risk;worst_slice;tail_slices;n_valid_slices;note,dataset;model;task;split;sample_id;independent_unit_id;risk;split_role;model_signature;dataset_signature;protocol_hash;metric_version,missing,unavailable,missing_balance_axis_or_risk,missing_confidence_or_risk,missing_prediction_set_outputs,missing_cluster_or_spatial_block,not_an_audit_source,5bda6974bb099a07027be94e584e770ef5bfe3dd17eb875b1f421a6ea51c6747
outputs\fmow_conformal_selective_audit_v1\fmow_conformal_coverage_summary.csv,conformal,run_id;method;coverage_target;alpha;qhat_nonconformity;confidence_threshold;calibration_count;test_count;retained_count;retained_coverage;empirical_retained_accuracy;formal_label_coverage_claim;note,dataset;model;task;split;sample_id;independent_unit_id;risk;split_role;model_signature;dataset_signature;protocol_hash;metric_version,missing,unavailable,missing_balance_axis_or_risk,missing_confidence_or_risk,missing_prediction_set_outputs,missing_cluster_or_spatial_block,not_an_audit_source,5bda6974bb099a07027be94e584e770ef5bfe3dd17eb875b1f421a6ea51c6747
outputs\fmow_conformal_selective_audit_v1\fmow_conformal_slice_coverage.csv,conformal,run_id;method;coverage_target;slice_variable;slice_value;retained_count;total_count;retained_coverage;empirical_retained_accuracy,dataset;model;task;split;sample_id;independent_unit_id;risk;split_role;model_signature;dataset_signature;protocol_hash;metric_version,missing,unavailable,missing_balance_axis_or_risk,missing_confidence_or_risk,missing_prediction_set_outputs,missing_cluster_or_spatial_block,not_an_audit_source,5bda6974bb099a07027be94e584e770ef5bfe3dd17eb875b1f421a6ea51c6747
outputs\fmow_conformal_selective_audit_v1\fmow_selective_bwer_summary.csv,conformal,run_id;selector;coverage_target;analysis_type;slice_variable;balance_variable;bwer;mean_slice_risk;tail_risk;worst_slice;tail_slices;n_valid_slices;note,dataset;model;task;split;sample_id;independent_unit_id;risk;split_role;model_signature;dataset_signature;protocol_hash;metric_version,missing,unavailable,missing_balance_axis_or_risk,missing_confidence_or_risk,missing_prediction_set_outputs,missing_cluster_or_spatial_block,not_an_audit_source,5bda6974bb099a07027be94e584e770ef5bfe3dd17eb875b1f421a6ea51c6747
outputs\fmow_conformal_selective_audit_v1\fmow_selective_risk_summary.csv,conformal,run_id;selector;coverage_target;confidence_threshold;retained_count;total_count;retained_coverage;abstention_rate;mean_risk;baseline_mean_risk;risk_reduction;confidence_column;risk_column,dataset;model;task;split;sample_id;independent_unit_id;risk;split_role;model_signature;dataset_signature;protocol_hash;metric_version,missing,unavailable,missing_balance_axis_or_risk,missing_confidence_or_risk,missing_prediction_set_outputs,missing_cluster_or_spatial_block,not_an_audit_source,5bda6974bb099a07027be94e584e770ef5bfe3dd17eb875b1f421a6ea51c6747
outputs\fmow_conformal_selective_audit_v1\rank_divergence_under_selective_audit.csv,conformal,scenario;selector;coverage_target;analysis_type;aggregate_best_run;aggregate_best_mean_risk;bwer_best_run;bwer_best;rank_diverges;compared_runs;interpretation,dataset;model;task;split;sample_id;independent_unit_id;risk;split_role;model_signature;dataset_signature;protocol_hash;metric_version,missing,unavailable,missing_balance_axis_or_risk,missing_confidence_or_risk,missing_prediction_set_outputs,missing_cluster_or_spatial_block,not_an_audit_source,5bda6974bb099a07027be94e584e770ef5bfe3dd17eb875b1f421a6ea51c6747
outputs\selective_risk_audit_v1\selective_bwer_summary.csv,selective_or_predictions,experiment_id;run_id;coverage_target;slice_variable;mean_slice_risk;worst_slice_risk;selective_bwer_proxy;status;note,dataset;model;task;split;sample_id;independent_unit_id;risk;split_role;model_signature;dataset_signature;protocol_hash;metric_version,missing,unavailable,missing_balance_axis_or_risk,missing_confidence_or_risk,missing_prediction_set_outputs,missing_cluster_or_spatial_block,not_an_audit_source,5bda6974bb099a07027be94e584e770ef5bfe3dd17eb875b1f421a6ea51c6747
outputs\selective_risk_audit_v1\selective_risk_caveats.csv,selective_or_predictions,experiment_id;dataset;deployment_axis;task_type;confidence_definition;availability_policy;run_id;status;source_path;reason;caveat,model;task;split;sample_id;independent_unit_id;risk;split_role;model_signature;dataset_signature;protocol_hash;metric_version,missing,unavailable,missing_balance_axis_or_risk,missing_confidence_or_risk,missing_prediction_set_outputs,missing_cluster_or_spatial_block,not_an_audit_source,5bda6974bb099a07027be94e584e770ef5bfe3dd17eb875b1f421a6ea51c6747
outputs\selective_risk_audit_v1\selective_risk_summary_cross_dataset.csv,selective_or_predictions,experiment_id;dataset;deployment_axis;run_id;sensor_mode;coverage_target;slice_variable;slice_value;confidence_threshold;retained_count;total_count;retained_coverage;abstention_rate;mean_risk;status;reason;source_path,model;task;split;sample_id;independent_unit_id;risk;split_role;model_signature;dataset_signature;protocol_hash;metric_version,missing,unavailable,missing_balance_axis_or_risk,missing_confidence_or_risk,missing_prediction_set_outputs,missing_cluster_or_spatial_block,not_an_audit_source,5bda6974bb099a07027be94e584e770ef5bfe3dd17eb875b1f421a6ea51c6747
outputs\test_alphaearth_audit_01ed7d6bfc0f4ea2a0cc218dd5e67b06\alphaearth_landcover_pilot_audit_table.csv,selective_or_predictions,sample_id;lon;lat;year;country_iso3;region;income_group;biome_or_ecoregion;urban_rural_or_built_proxy;spatial_block_id;split;worldcover_label;worldcover_class_name;dynamic_world_label;dynamic_world_confidence;A00;A01;A02;A03;A04;A05;A06;A07;A08;A09;A10;A11;A12;A13;A14;A15;A16;A17;A18;A19;A20;A21;A22;A23;A24;A25;A26;A27;A28;A29;A30;A31;A32;A33;A34;A35;A36;A37;A38;A39;A40;A41;A42;A43;A44;A45;A46;A47;A48;A49;A50;A51;A52;A53;A54;A55;A56;A57;A58;A59;A60;A61;A62;A63;support_stratum;dataset;task;model;label;class_label;prediction;predicted_class_name;correct;risk;confidence,independent_unit_id;split_role;model_signature;dataset_signature;protocol_hash;metric_version,missing,recomputable,missing_balance_axis_or_risk,recomputable,missing_prediction_set_outputs,cluster_ready,upgrade_schema_or_reexport,5bda6974bb099a07027be94e584e770ef5bfe3dd17eb875b1f421a6ea51c6747
outputs\test_alphaearth_audit_4271dae05f3c40a9b093ba9da206f9a9\alphaearth_landcover_pilot_audit_table.csv,selective_or_predictions,sample_id;lon;lat;year;country_iso3;region;income_group;biome_or_ecoregion;urban_rural_or_built_proxy;spatial_block_id;split;worldcover_label;worldcover_class_name;dynamic_world_label;dynamic_world_confidence;A00;A01;A02;A03;A04;A05;A06;A07;A08;A09;A10;A11;A12;A13;A14;A15;A16;A17;A18;A19;A20;A21;A22;A23;A24;A25;A26;A27;A28;A29;A30;A31;A32;A33;A34;A35;A36;A37;A38;A39;A40;A41;A42;A43;A44;A45;A46;A47;A48;A49;A50;A51;A52;A53;A54;A55;A56;A57;A58;A59;A60;A61;A62;A63;support_stratum;dataset;task;model;label;class_label;prediction;predicted_class_name;correct;risk;confidence,independent_unit_id;split_role;model_signature;dataset_signature;protocol_hash;metric_version,missing,recomputable,missing_balance_axis_or_risk,recomputable,missing_prediction_set_outputs,cluster_ready,upgrade_schema_or_reexport,5bda6974bb099a07027be94e584e770ef5bfe3dd17eb875b1f421a6ea51c6747
outputs\test_alphaearth_audit_774bf0e61eee4767b75f3ce5dbcd0ec0\alphaearth_landcover_pilot_audit_table.csv,selective_or_predictions,sample_id;lon;lat;year;country_iso3;region;income_group;biome_or_ecoregion;urban_rural_or_built_proxy;spatial_block_id;split;worldcover_label;worldcover_class_name;dynamic_world_label;dynamic_world_confidence;A00;A01;A02;A03;A04;A05;A06;A07;A08;A09;A10;A11;A12;A13;A14;A15;A16;A17;A18;A19;A20;A21;A22;A23;A24;A25;A26;A27;A28;A29;A30;A31;A32;A33;A34;A35;A36;A37;A38;A39;A40;A41;A42;A43;A44;A45;A46;A47;A48;A49;A50;A51;A52;A53;A54;A55;A56;A57;A58;A59;A60;A61;A62;A63;support_stratum;dataset;task;model;label;class_label;prediction;predicted_class_name;correct;risk;confidence,independent_unit_id;split_role;model_signature;dataset_signature;protocol_hash;metric_version,missing,recomputable,missing_balance_axis_or_risk,recomputable,missing_prediction_set_outputs,cluster_ready,upgrade_schema_or_reexport,5bda6974bb099a07027be94e584e770ef5bfe3dd17eb875b1f421a6ea51c6747
outputs\test_alphaearth_audit_7b20ec8c56874cfeae6cb853bd0d0b8b\alphaearth_landcover_pilot_audit_table.csv,selective_or_predictions,sample_id;lon;lat;year;country_iso3;region;income_group;biome_or_ecoregion;urban_rural_or_built_proxy;spatial_block_id;split;worldcover_label;worldcover_class_name;dynamic_world_label;dynamic_world_confidence;A00;A01;A02;A03;A04;A05;A06;A07;A08;A09;A10;A11;A12;A13;A14;A15;A16;A17;A18;A19;A20;A21;A22;A23;A24;A25;A26;A27;A28;A29;A30;A31;A32;A33;A34;A35;A36;A37;A38;A39;A40;A41;A42;A43;A44;A45;A46;A47;A48;A49;A50;A51;A52;A53;A54;A55;A56;A57;A58;A59;A60;A61;A62;A63;support_stratum;dataset;task;model;label;class_label;prediction;predicted_class_name;correct;risk;confidence,independent_unit_id;split_role;model_signature;dataset_signature;protocol_hash;metric_version,missing,recomputable,missing_balance_axis_or_risk,recomputable,missing_prediction_set_outputs,cluster_ready,upgrade_schema_or_reexport,5bda6974bb099a07027be94e584e770ef5bfe3dd17eb875b1f421a6ea51c6747
outputs\test_alphaearth_audit_baa38da591c84e9994edd0a87ffa6c9b\alphaearth_landcover_pilot_audit_table.csv,selective_or_predictions,sample_id;lon;lat;year;country_iso3;region;income_group;biome_or_ecoregion;urban_rural_or_built_proxy;spatial_block_id;split;worldcover_label;worldcover_class_name;dynamic_world_label;dynamic_world_confidence;A00;A01;A02;A03;A04;A05;A06;A07;A08;A09;A10;A11;A12;A13;A14;A15;A16;A17;A18;A19;A20;A21;A22;A23;A24;A25;A26;A27;A28;A29;A30;A31;A32;A33;A34;A35;A36;A37;A38;A39;A40;A41;A42;A43;A44;A45;A46;A47;A48;A49;A50;A51;A52;A53;A54;A55;A56;A57;A58;A59;A60;A61;A62;A63;support_stratum;dataset;task;model;label;class_label;prediction;predicted_class_name;correct;risk;confidence,independent_unit_id;split_role;model_signature;dataset_signature;protocol_hash;metric_version,missing,recomputable,missing_balance_axis_or_risk,recomputable,missing_prediction_set_outputs,cluster_ready,upgrade_schema_or_reexport,5bda6974bb099a07027be94e584e770ef5bfe3dd17eb875b1f421a6ea51c6747
outputs\test_alphaearth_full_audit_0a2a0b236168403bb728c31e6c278cd1\audit\alphaearth_conformal_slice_gap_diagnostic.csv,conformal,coverage_target;slice_variable;slice_value;support_count;slice_coverage;coverage_gap;average_set_size;coverage_gap_recomputed;undercovered;interpretation,dataset;model;task;split;sample_id;independent_unit_id;risk;split_role;model_signature;dataset_signature;protocol_hash;metric_version,missing,unavailable,missing_balance_axis_or_risk,missing_confidence_or_risk,missing_prediction_set_outputs,missing_cluster_or_spatial_block,not_an_audit_source,5bda6974bb099a07027be94e584e770ef5bfe3dd17eb875b1f421a6ea51c6747
outputs\test_alphaearth_full_audit_0a2a0b236168403bb728c31e6c278cd1\audit\alphaearth_full_conformal_bwer.csv,conformal,dataset;model;task;split;slice_variable;balance_variable;score_name;risk_name;tail_fraction;weighting;missing_balance_policy;bwer;tail_risk;mean_risk;max_bwer;best_slice;best_slice_risk;worst_slice;worst_slice_risk;n_slices_total;n_slices_valid;n_units;min_samples_per_slice;n_total_balance_levels;n_used_balance_levels;missing_gz_count;missing_gz_fraction;ci_low;ci_high;bootstrap_n;bootstrap_method;tail_slices;task_type;input_mode;adaptation_protocol;training_budget;split_protocol;selective_coverage;retained_coverage;abstention_rate;warnings;analysis_type;bwer_type;coverage_target,sample_id;independent_unit_id;risk;split_role;model_signature;dataset_signature;protocol_hash;metric_version,missing,unavailable,missing_balance_axis_or_risk,missing_confidence_or_risk,missing_prediction_set_outputs,missing_cluster_or_spatial_block,not_an_audit_source,5bda6974bb099a07027be94e584e770ef5bfe3dd17eb875b1f421a6ea51c6747
outputs\test_alphaearth_full_audit_0a2a0b236168403bb728c31e6c278cd1\audit\alphaearth_full_conformal_coverage_summary.csv,conformal,method;coverage_target;alpha;qhat;marginal_coverage;average_set_size;n_calibration;n_test,dataset;model;task;split;sample_id;independent_unit_id;risk;split_role;model_signature;dataset_signature;protocol_hash;metric_version,missing,unavailable,missing_balance_axis_or_risk,missing_confidence_or_risk,missing_prediction_set_outputs,missing_cluster_or_spatial_block,not_an_audit_source,5bda6974bb099a07027be94e584e770ef5bfe3dd17eb875b1f421a6ea51c6747
outputs\test_alphaearth_full_audit_0a2a0b236168403bb728c31e6c278cd1\audit\alphaearth_full_conformal_set_size_summary.csv,conformal,coverage_target;average_set_size;qhat,dataset;model;task;split;sample_id;independent_unit_id;risk;split_role;model_signature;dataset_signature;protocol_hash;metric_version,missing,unavailable,missing_balance_axis_or_risk,missing_confidence_or_risk,missing_prediction_set_outputs,missing_cluster_or_spatial_block,not_an_audit_source,5bda6974bb099a07027be94e584e770ef5bfe3dd17eb875b1f421a6ea51c6747
outputs\test_alphaearth_full_audit_0a2a0b236168403bb728c31e6c278cd1\audit\alphaearth_full_conformal_slice_coverage.csv,conformal,coverage_target;slice_variable;slice_value;support_count;slice_coverage;coverage_gap;average_set_size,dataset;model;task;split;sample_id;independent_unit_id;risk;split_role;model_signature;dataset_signature;protocol_hash;metric_version,missing,unavailable,missing_balance_axis_or_risk,missing_confidence_or_risk,missing_prediction_set_outputs,missing_cluster_or_spatial_block,not_an_audit_source,5bda6974bb099a07027be94e584e770ef5bfe3dd17eb875b1f421a6ea51c6747
outputs\test_alphaearth_full_audit_0a2a0b236168403bb728c31e6c278cd1\audit\alphaearth_full_predictions.csv,selective_or_predictions,sample_id;lon;lat;year;country_iso3;region;income_group;biome_or_ecoregion;urban_rural_or_built_proxy;spatial_block_id;split;worldcover_label;worldcover_class_name;dynamic_world_label;dynamic_world_confidence;A00;A01;A02;A03;A04;A05;A06;A07;A08;A09;A10;A11;A12;A13;A14;A15;A16;A17;A18;A19;A20;A21;A22;A23;A24;A25;A26;A27;A28;A29;A30;A31;A32;A33;A34;A35;A36;A37;A38;A39;A40;A41;A42;A43;A44;A45;A46;A47;A48;A49;A50;A51;A52;A53;A54;A55;A56;A57;A58;A59;A60;A61;A62;A63;country_class;region_class;original_export_split;split_assignment;dataset;task;model;split_protocol;label;class_label;prediction;predicted_class_name;correct;risk;confidence;p_true;prob_10;prob_40;prob_50,independent_unit_id;split_role;model_signature;dataset_signature;protocol_hash;metric_version,missing,recomputable,missing_balance_axis_or_risk,recomputable,missing_prediction_set_outputs,cluster_ready,upgrade_schema_or_reexport,5bda6974bb099a07027be94e584e770ef5bfe3dd17eb875b1f421a6ea51c6747
outputs\test_alphaearth_full_audit_0a2a0b236168403bb728c31e6c278cd1\audit\alphaearth_full_selective_bwer.csv,selective_or_predictions,dataset;model;task;split;slice_variable;balance_variable;score_name;risk_name;tail_fraction;weighting;missing_balance_policy;bwer;tail_risk;mean_risk;max_bwer;best_slice;best_slice_risk;worst_slice;worst_slice_risk;n_slices_total;n_slices_valid;n_units;min_samples_per_slice;n_total_balance_levels;n_used_balance_levels;missing_gz_count;missing_gz_fraction;ci_low;ci_high;bootstrap_n;bootstrap_method;tail_slices;task_type;input_mode;adaptation_protocol;training_budget;split_protocol;selective_coverage;retained_coverage;abstention_rate;warnings;analysis_type;bwer_type;coverage_target,sample_id;independent_unit_id;risk;split_role;model_signature;dataset_signature;protocol_hash;metric_version,missing,unavailable,missing_balance_axis_or_risk,missing_confidence_or_risk,missing_prediction_set_outputs,missing_cluster_or_spatial_block,not_an_audit_source,5bda6974bb099a07027be94e584e770ef5bfe3dd17eb875b1f421a6ea51c6747
outputs\test_alphaearth_full_audit_0a2a0b236168403bb728c31e6c278cd1\audit\alphaearth_full_selective_risk_summary.csv,selective_or_predictions,selector;coverage_target;retained_coverage;mean_risk;n_retained,dataset;model;task;split;sample_id;independent_unit_id;risk;split_role;model_signature;dataset_signature;protocol_hash;metric_version,missing,unavailable,missing_balance_axis_or_risk,missing_confidence_or_risk,missing_prediction_set_outputs,missing_cluster_or_spatial_block,not_an_audit_source,5bda6974bb099a07027be94e584e770ef5bfe3dd17eb875b1f421a6ea51c6747
outputs\test_alphaearth_full_audit_0bb2c7331bf04e3fafc7e13c93318327\audit\alphaearth_conformal_slice_gap_diagnostic.csv,conformal,coverage_target;slice_variable;slice_value;support_count;slice_coverage;coverage_gap;average_set_size;coverage_gap_recomputed;undercovered;interpretation,dataset;model;task;split;sample_id;independent_unit_id;risk;split_role;model_signature;dataset_signature;protocol_hash;metric_version,missing,unavailable,missing_balance_axis_or_risk,missing_confidence_or_risk,missing_prediction_set_outputs,missing_cluster_or_spatial_block,not_an_audit_source,5bda6974bb099a07027be94e584e770ef5bfe3dd17eb875b1f421a6ea51c6747
outputs\test_alphaearth_full_audit_0bb2c7331bf04e3fafc7e13c93318327\audit\alphaearth_full_conformal_bwer.csv,conformal,dataset;model;task;split;slice_variable;balance_variable;score_name;risk_name;tail_fraction;weighting;missing_balance_policy;bwer;tail_risk;mean_risk;max_bwer;best_slice;best_slice_risk;worst_slice;worst_slice_risk;n_slices_total;n_slices_valid;n_units;min_samples_per_slice;n_total_balance_levels;n_used_balance_levels;missing_gz_count;missing_gz_fraction;ci_low;ci_high;bootstrap_n;bootstrap_method;tail_slices;task_type;input_mode;adaptation_protocol;training_budget;split_protocol;selective_coverage;retained_coverage;abstention_rate;warnings;analysis_type;bwer_type;coverage_target,sample_id;independent_unit_id;risk;split_role;model_signature;dataset_signature;protocol_hash;metric_version,missing,unavailable,missing_balance_axis_or_risk,missing_confidence_or_risk,missing_prediction_set_outputs,missing_cluster_or_spatial_block,not_an_audit_source,5bda6974bb099a07027be94e584e770ef5bfe3dd17eb875b1f421a6ea51c6747
outputs\test_alphaearth_full_audit_0bb2c7331bf04e3fafc7e13c93318327\audit\alphaearth_full_conformal_coverage_summary.csv,conformal,method;coverage_target;alpha;qhat;marginal_coverage;average_set_size;n_calibration;n_test,dataset;model;task;split;sample_id;independent_unit_id;risk;split_role;model_signature;dataset_signature;protocol_hash;metric_version,missing,unavailable,missing_balance_axis_or_risk,missing_confidence_or_risk,missing_prediction_set_outputs,missing_cluster_or_spatial_block,not_an_audit_source,5bda6974bb099a07027be94e584e770ef5bfe3dd17eb875b1f421a6ea51c6747
outputs\test_alphaearth_full_audit_0bb2c7331bf04e3fafc7e13c93318327\audit\alphaearth_full_conformal_set_size_summary.csv,conformal,coverage_target;average_set_size;qhat,dataset;model;task;split;sample_id;independent_unit_id;risk;split_role;model_signature;dataset_signature;protocol_hash;metric_version,missing,unavailable,missing_balance_axis_or_risk,missing_confidence_or_risk,missing_prediction_set_outputs,missing_cluster_or_spatial_block,not_an_audit_source,5bda6974bb099a07027be94e584e770ef5bfe3dd17eb875b1f421a6ea51c6747
outputs\test_alphaearth_full_audit_0bb2c7331bf04e3fafc7e13c93318327\audit\alphaearth_full_conformal_slice_coverage.csv,conformal,coverage_target;slice_variable;slice_value;support_count;slice_coverage;coverage_gap;average_set_size,dataset;model;task;split;sample_id;independent_unit_id;risk;split_role;model_signature;dataset_signature;protocol_hash;metric_version,missing,unavailable,missing_balance_axis_or_risk,missing_confidence_or_risk,missing_prediction_set_outputs,missing_cluster_or_spatial_block,not_an_audit_source,5bda6974bb099a07027be94e584e770ef5bfe3dd17eb875b1f421a6ea51c6747
outputs\test_alphaearth_full_audit_0bb2c7331bf04e3fafc7e13c93318327\audit\alphaearth_full_predictions.csv,selective_or_predictions,sample_id;lon;lat;year;country_iso3;region;income_group;biome_or_ecoregion;urban_rural_or_built_proxy;spatial_block_id;split;worldcover_label;worldcover_class_name;dynamic_world_label;dynamic_world_confidence;A00;A01;A02;A03;A04;A05;A06;A07;A08;A09;A10;A11;A12;A13;A14;A15;A16;A17;A18;A19;A20;A21;A22;A23;A24;A25;A26;A27;A28;A29;A30;A31;A32;A33;A34;A35;A36;A37;A38;A39;A40;A41;A42;A43;A44;A45;A46;A47;A48;A49;A50;A51;A52;A53;A54;A55;A56;A57;A58;A59;A60;A61;A62;A63;country_class;region_class;original_export_split;split_assignment;dataset;task;model;split_protocol;label;class_label;prediction;predicted_class_name;correct;risk;confidence;p_true;prob_10;prob_40;prob_50,independent_unit_id;split_role;model_signature;dataset_signature;protocol_hash;metric_version,missing,recomputable,missing_balance_axis_or_risk,recomputable,missing_prediction_set_outputs,cluster_ready,upgrade_schema_or_reexport,5bda6974bb099a07027be94e584e770ef5bfe3dd17eb875b1f421a6ea51c6747
outputs\test_alphaearth_full_audit_0bb2c7331bf04e3fafc7e13c93318327\audit\alphaearth_full_selective_bwer.csv,selective_or_predictions,dataset;model;task;split;slice_variable;balance_variable;score_name;risk_name;tail_fraction;weighting;missing_balance_policy;bwer;tail_risk;mean_risk;max_bwer;best_slice;best_slice_risk;worst_slice;worst_slice_risk;n_slices_total;n_slices_valid;n_units;min_samples_per_slice;n_total_balance_levels;n_used_balance_levels;missing_gz_count;missing_gz_fraction;ci_low;ci_high;bootstrap_n;bootstrap_method;tail_slices;task_type;input_mode;adaptation_protocol;training_budget;split_protocol;selective_coverage;retained_coverage;abstention_rate;warnings;analysis_type;bwer_type;coverage_target,sample_id;independent_unit_id;risk;split_role;model_signature;dataset_signature;protocol_hash;metric_version,missing,unavailable,missing_balance_axis_or_risk,missing_confidence_or_risk,missing_prediction_set_outputs,missing_cluster_or_spatial_block,not_an_audit_source,5bda6974bb099a07027be94e584e770ef5bfe3dd17eb875b1f421a6ea51c6747
outputs\test_alphaearth_full_audit_0bb2c7331bf04e3fafc7e13c93318327\audit\alphaearth_full_selective_risk_summary.csv,selective_or_predictions,selector;coverage_target;retained_coverage;mean_risk;n_retained,dataset;model;task;split;sample_id;independent_unit_id;risk;split_role;model_signature;dataset_signature;protocol_hash;metric_version,missing,unavailable,missing_balance_axis_or_risk,missing_confidence_or_risk,missing_prediction_set_outputs,missing_cluster_or_spatial_block,not_an_audit_source,5bda6974bb099a07027be94e584e770ef5bfe3dd17eb875b1f421a6ea51c6747
outputs\test_alphaearth_full_audit_2c1754be1cc74b3195aa8b2f9d661f38\audit\alphaearth_full_conformal_bwer.csv,conformal,dataset;model;task;split;slice_variable;balance_variable;score_name;risk_name;tail_fraction;weighting;missing_balance_policy;bwer;tail_risk;mean_risk;max_bwer;best_slice;best_slice_risk;worst_slice;worst_slice_risk;n_slices_total;n_slices_valid;n_units;min_samples_per_slice;n_total_balance_levels;n_used_balance_levels;missing_gz_count;missing_gz_fraction;ci_low;ci_high;bootstrap_n;bootstrap_method;tail_slices;task_type;input_mode;adaptation_protocol;training_budget;split_protocol;selective_coverage;retained_coverage;abstention_rate;warnings;analysis_type;bwer_type;coverage_target,sample_id;independent_unit_id;risk;split_role;model_signature;dataset_signature;protocol_hash;metric_version,missing,unavailable,missing_balance_axis_or_risk,missing_confidence_or_risk,missing_prediction_set_outputs,missing_cluster_or_spatial_block,not_an_audit_source,5bda6974bb099a07027be94e584e770ef5bfe3dd17eb875b1f421a6ea51c6747
outputs\test_alphaearth_full_audit_2c1754be1cc74b3195aa8b2f9d661f38\audit\alphaearth_full_conformal_coverage_summary.csv,conformal,method;coverage_target;alpha;qhat;marginal_coverage;average_set_size;n_calibration;n_test,dataset;model;task;split;sample_id;independent_unit_id;risk;split_role;model_signature;dataset_signature;protocol_hash;metric_version,missing,unavailable,missing_balance_axis_or_risk,missing_confidence_or_risk,missing_prediction_set_outputs,missing_cluster_or_spatial_block,not_an_audit_source,5bda6974bb099a07027be94e584e770ef5bfe3dd17eb875b1f421a6ea51c6747
outputs\test_alphaearth_full_audit_2c1754be1cc74b3195aa8b2f9d661f38\audit\alphaearth_full_conformal_set_size_summary.csv,conformal,coverage_target;average_set_size;qhat,dataset;model;task;split;sample_id;independent_unit_id;risk;split_role;model_signature;dataset_signature;protocol_hash;metric_version,missing,unavailable,missing_balance_axis_or_risk,missing_confidence_or_risk,missing_prediction_set_outputs,missing_cluster_or_spatial_block,not_an_audit_source,5bda6974bb099a07027be94e584e770ef5bfe3dd17eb875b1f421a6ea51c6747
outputs\test_alphaearth_full_audit_2c1754be1cc74b3195aa8b2f9d661f38\audit\alphaearth_full_conformal_slice_coverage.csv,conformal,coverage_target;slice_variable;slice_value;support_count;slice_coverage;coverage_gap;average_set_size,dataset;model;task;split;sample_id;independent_unit_id;risk;split_role;model_signature;dataset_signature;protocol_hash;metric_version,missing,unavailable,missing_balance_axis_or_risk,missing_confidence_or_risk,missing_prediction_set_outputs,missing_cluster_or_spatial_block,not_an_audit_source,5bda6974bb099a07027be94e584e770ef5bfe3dd17eb875b1f421a6ea51c6747
outputs\test_alphaearth_full_audit_2c1754be1cc74b3195aa8b2f9d661f38\audit\alphaearth_full_predictions.csv,selective_or_predictions,sample_id;lon;lat;year;country_iso3;region;income_group;biome_or_ecoregion;urban_rural_or_built_proxy;spatial_block_id;split;worldcover_label;worldcover_class_name;dynamic_world_label;dynamic_world_confidence;A00;A01;A02;A03;A04;A05;A06;A07;A08;A09;A10;A11;A12;A13;A14;A15;A16;A17;A18;A19;A20;A21;A22;A23;A24;A25;A26;A27;A28;A29;A30;A31;A32;A33;A34;A35;A36;A37;A38;A39;A40;A41;A42;A43;A44;A45;A46;A47;A48;A49;A50;A51;A52;A53;A54;A55;A56;A57;A58;A59;A60;A61;A62;A63;country_class;region_class;dataset;task;model;split_protocol;label;class_label;prediction;predicted_class_name;correct;risk;confidence;p_true;prob_10;prob_40;prob_50,independent_unit_id;split_role;model_signature;dataset_signature;protocol_hash;metric_version,missing,recomputable,missing_balance_axis_or_risk,recomputable,missing_prediction_set_outputs,cluster_ready,upgrade_schema_or_reexport,5bda6974bb099a07027be94e584e770ef5bfe3dd17eb875b1f421a6ea51c6747
outputs\test_alphaearth_full_audit_2c1754be1cc74b3195aa8b2f9d661f38\audit\alphaearth_full_selective_bwer.csv,selective_or_predictions,dataset;model;task;split;slice_variable;balance_variable;score_name;risk_name;tail_fraction;weighting;missing_balance_policy;bwer;tail_risk;mean_risk;max_bwer;best_slice;best_slice_risk;worst_slice;worst_slice_risk;n_slices_total;n_slices_valid;n_units;min_samples_per_slice;n_total_balance_levels;n_used_balance_levels;missing_gz_count;missing_gz_fraction;ci_low;ci_high;bootstrap_n;bootstrap_method;tail_slices;task_type;input_mode;adaptation_protocol;training_budget;split_protocol;selective_coverage;retained_coverage;abstention_rate;warnings;analysis_type;bwer_type;coverage_target,sample_id;independent_unit_id;risk;split_role;model_signature;dataset_signature;protocol_hash;metric_version,missing,unavailable,missing_balance_axis_or_risk,missing_confidence_or_risk,missing_prediction_set_outputs,missing_cluster_or_spatial_block,not_an_audit_source,5bda6974bb099a07027be94e584e770ef5bfe3dd17eb875b1f421a6ea51c6747
outputs\test_alphaearth_full_audit_2c1754be1cc74b3195aa8b2f9d661f38\audit\alphaearth_full_selective_risk_summary.csv,selective_or_predictions,selector;coverage_target;retained_coverage;mean_risk;n_retained,dataset;model;task;split;sample_id;independent_unit_id;risk;split_role;model_signature;dataset_signature;protocol_hash;metric_version,missing,unavailable,missing_balance_axis_or_risk,missing_confidence_or_risk,missing_prediction_set_outputs,missing_cluster_or_spatial_block,not_an_audit_source,5bda6974bb099a07027be94e584e770ef5bfe3dd17eb875b1f421a6ea51c6747
outputs\test_alphaearth_full_audit_2cb9114cb14f4629bd4fb9e9f86e5238\audit\alphaearth_conformal_slice_gap_diagnostic.csv,conformal,coverage_target;slice_variable;slice_value;support_count;slice_coverage;coverage_gap;average_set_size;coverage_gap_recomputed;undercovered;interpretation,dataset;model;task;split;sample_id;independent_unit_id;risk;split_role;model_signature;dataset_signature;protocol_hash;metric_version,missing,unavailable,missing_balance_axis_or_risk,missing_confidence_or_risk,missing_prediction_set_outputs,missing_cluster_or_spatial_block,not_an_audit_source,5bda6974bb099a07027be94e584e770ef5bfe3dd17eb875b1f421a6ea51c6747
outputs\test_alphaearth_full_audit_2cb9114cb14f4629bd4fb9e9f86e5238\audit\alphaearth_full_all_split_predictions.csv,selective_or_predictions,sample_id;lon;lat;year;country_iso3;region;income_group;biome_or_ecoregion;urban_rural_or_built_proxy;spatial_block_id;split;worldcover_label;worldcover_class_name;dynamic_world_label;dynamic_world_confidence;A00;A01;A02;A03;A04;A05;A06;A07;A08;A09;A10;A11;A12;A13;A14;A15;A16;A17;A18;A19;A20;A21;A22;A23;A24;A25;A26;A27;A28;A29;A30;A31;A32;A33;A34;A35;A36;A37;A38;A39;A40;A41;A42;A43;A44;A45;A46;A47;A48;A49;A50;A51;A52;A53;A54;A55;A56;A57;A58;A59;A60;A61;A62;A63;country_class;region_class;original_export_split;split_assignment;dataset;task;model;split_protocol;label;class_label;prediction;predicted_class_name;correct;risk;confidence;max_probability;p_true;prob_10;prob_40;prob_50,independent_unit_id;split_role;model_signature;dataset_signature;protocol_hash;metric_version,missing,recomputable,missing_balance_axis_or_risk,recomputable,missing_prediction_set_outputs,cluster_ready,upgrade_schema_or_reexport,5bda6974bb099a07027be94e584e770ef5bfe3dd17eb875b1f421a6ea51c6747
outputs\test_alphaearth_full_audit_2cb9114cb14f4629bd4fb9e9f86e5238\audit\alphaearth_full_conformal_bwer.csv,conformal,dataset;model;task;split;slice_variable;balance_variable;score_name;risk_name;tail_fraction;weighting;missing_balance_policy;bwer;tail_risk;mean_risk;max_bwer;best_slice;best_slice_risk;worst_slice;worst_slice_risk;n_slices_total;n_slices_valid;n_units;min_samples_per_slice;n_total_balance_levels;n_used_balance_levels;missing_gz_count;missing_gz_fraction;ci_low;ci_high;bootstrap_n;bootstrap_method;tail_slices;task_type;input_mode;adaptation_protocol;training_budget;split_protocol;selective_coverage;retained_coverage;abstention_rate;warnings;analysis_type;bwer_type;coverage_target,sample_id;independent_unit_id;risk;split_role;model_signature;dataset_signature;protocol_hash;metric_version,missing,unavailable,missing_balance_axis_or_risk,missing_confidence_or_risk,missing_prediction_set_outputs,missing_cluster_or_spatial_block,not_an_audit_source,5bda6974bb099a07027be94e584e770ef5bfe3dd17eb875b1f421a6ea51c6747
outputs\test_alphaearth_full_audit_2cb9114cb14f4629bd4fb9e9f86e5238\audit\alphaearth_full_conformal_coverage_summary.csv,conformal,method;coverage_target;alpha;qhat;marginal_coverage;average_set_size;n_calibration;n_test,dataset;model;task;split;sample_id;independent_unit_id;risk;split_role;model_signature;dataset_signature;protocol_hash;metric_version,missing,unavailable,missing_balance_axis_or_risk,missing_confidence_or_risk,missing_prediction_set_outputs,missing_cluster_or_spatial_block,not_an_audit_source,5bda6974bb099a07027be94e584e770ef5bfe3dd17eb875b1f421a6ea51c6747
outputs\test_alphaearth_full_audit_2cb9114cb14f4629bd4fb9e9f86e5238\audit\alphaearth_full_conformal_set_size_summary.csv,conformal,coverage_target;average_set_size;qhat,dataset;model;task;split;sample_id;independent_unit_id;risk;split_role;model_signature;dataset_signature;protocol_hash;metric_version,missing,unavailable,missing_balance_axis_or_risk,missing_confidence_or_risk,missing_prediction_set_outputs,missing_cluster_or_spatial_block,not_an_audit_source,5bda6974bb099a07027be94e584e770ef5bfe3dd17eb875b1f421a6ea51c6747
outputs\test_alphaearth_full_audit_2cb9114cb14f4629bd4fb9e9f86e5238\audit\alphaearth_full_conformal_slice_coverage.csv,conformal,coverage_target;slice_variable;slice_value;support_count;slice_coverage;coverage_gap;average_set_size,dataset;model;task;split;sample_id;independent_unit_id;risk;split_role;model_signature;dataset_signature;protocol_hash;metric_version,missing,unavailable,missing_balance_axis_or_risk,missing_confidence_or_risk,missing_prediction_set_outputs,missing_cluster_or_spatial_block,not_an_audit_source,5bda6974bb099a07027be94e584e770ef5bfe3dd17eb875b1f421a6ea51c6747
outputs\test_alphaearth_full_audit_2cb9114cb14f4629bd4fb9e9f86e5238\audit\alphaearth_full_predictions.csv,selective_or_predictions,sample_id;lon;lat;year;country_iso3;region;income_group;biome_or_ecoregion;urban_rural_or_built_proxy;spatial_block_id;split;worldcover_label;worldcover_class_name;dynamic_world_label;dynamic_world_confidence;A00;A01;A02;A03;A04;A05;A06;A07;A08;A09;A10;A11;A12;A13;A14;A15;A16;A17;A18;A19;A20;A21;A22;A23;A24;A25;A26;A27;A28;A29;A30;A31;A32;A33;A34;A35;A36;A37;A38;A39;A40;A41;A42;A43;A44;A45;A46;A47;A48;A49;A50;A51;A52;A53;A54;A55;A56;A57;A58;A59;A60;A61;A62;A63;country_class;region_class;original_export_split;split_assignment;dataset;task;model;split_protocol;label;class_label;prediction;predicted_class_name;correct;risk;confidence;max_probability;p_true;prob_10;prob_40;prob_50,independent_unit_id;split_role;model_signature;dataset_signature;protocol_hash;metric_version,missing,recomputable,missing_balance_axis_or_risk,recomputable,missing_prediction_set_outputs,cluster_ready,upgrade_schema_or_reexport,5bda6974bb099a07027be94e584e770ef5bfe3dd17eb875b1f421a6ea51c6747
outputs\test_alphaearth_full_audit_2cb9114cb14f4629bd4fb9e9f86e5238\audit\alphaearth_full_selective_bwer.csv,selective_or_predictions,dataset;model;task;split;slice_variable;balance_variable;score_name;risk_name;tail_fraction;weighting;missing_balance_policy;bwer;tail_risk;mean_risk;max_bwer;best_slice;best_slice_risk;worst_slice;worst_slice_risk;n_slices_total;n_slices_valid;n_units;min_samples_per_slice;n_total_balance_levels;n_used_balance_levels;missing_gz_count;missing_gz_fraction;ci_low;ci_high;bootstrap_n;bootstrap_method;tail_slices;task_type;input_mode;adaptation_protocol;training_budget;split_protocol;selective_coverage;retained_coverage;abstention_rate;warnings;analysis_type;bwer_type;coverage_target,sample_id;independent_unit_id;risk;split_role;model_signature;dataset_signature;protocol_hash;metric_version,missing,unavailable,missing_balance_axis_or_risk,missing_confidence_or_risk,missing_prediction_set_outputs,missing_cluster_or_spatial_block,not_an_audit_source,5bda6974bb099a07027be94e584e770ef5bfe3dd17eb875b1f421a6ea51c6747
outputs\test_alphaearth_full_audit_2cb9114cb14f4629bd4fb9e9f86e5238\audit\alphaearth_full_selective_risk_summary.csv,selective_or_predictions,selector;coverage_target;retained_coverage;mean_risk;n_retained,dataset;model;task;split;sample_id;independent_unit_id;risk;split_role;model_signature;dataset_signature;protocol_hash;metric_version,missing,unavailable,missing_balance_axis_or_risk,missing_confidence_or_risk,missing_prediction_set_outputs,missing_cluster_or_spatial_block,not_an_audit_source,5bda6974bb099a07027be94e584e770ef5bfe3dd17eb875b1f421a6ea51c6747
outputs\test_alphaearth_full_audit_3c62a960e6ec4996852c0dd661a1ff55\audit\alphaearth_conformal_slice_gap_diagnostic.csv,conformal,coverage_target;slice_variable;slice_value;support_count;slice_coverage;coverage_gap;average_set_size;coverage_gap_recomputed;undercovered;interpretation,dataset;model;task;split;sample_id;independent_unit_id;risk;split_role;model_signature;dataset_signature;protocol_hash;metric_version,missing,unavailable,missing_balance_axis_or_risk,missing_confidence_or_risk,missing_prediction_set_outputs,missing_cluster_or_spatial_block,not_an_audit_source,5bda6974bb099a07027be94e584e770ef5bfe3dd17eb875b1f421a6ea51c6747
outputs\test_alphaearth_full_audit_3c62a960e6ec4996852c0dd661a1ff55\audit\alphaearth_full_all_split_predictions.csv,selective_or_predictions,sample_id;lon;lat;year;country_iso3;region;income_group;biome_or_ecoregion;urban_rural_or_built_proxy;spatial_block_id;split;worldcover_label;worldcover_class_name;dynamic_world_label;dynamic_world_confidence;A00;A01;A02;A03;A04;A05;A06;A07;A08;A09;A10;A11;A12;A13;A14;A15;A16;A17;A18;A19;A20;A21;A22;A23;A24;A25;A26;A27;A28;A29;A30;A31;A32;A33;A34;A35;A36;A37;A38;A39;A40;A41;A42;A43;A44;A45;A46;A47;A48;A49;A50;A51;A52;A53;A54;A55;A56;A57;A58;A59;A60;A61;A62;A63;country_class;region_class;original_export_split;split_assignment;dataset;task;model;split_protocol;label;class_label;prediction;predicted_class_name;correct;risk;confidence;max_probability;p_true;prob_10;prob_40;prob_50,independent_unit_id;split_role;model_signature;dataset_signature;protocol_hash;metric_version,missing,recomputable,missing_balance_axis_or_risk,recomputable,missing_prediction_set_outputs,cluster_ready,upgrade_schema_or_reexport,5bda6974bb099a07027be94e584e770ef5bfe3dd17eb875b1f421a6ea51c6747
outputs\test_alphaearth_full_audit_3c62a960e6ec4996852c0dd661a1ff55\audit\alphaearth_full_conformal_bwer.csv,conformal,dataset;model;task;split;slice_variable;balance_variable;score_name;risk_name;tail_fraction;weighting;missing_balance_policy;bwer;tail_risk;mean_risk;max_bwer;best_slice;best_slice_risk;worst_slice;worst_slice_risk;n_slices_total;n_slices_valid;n_units;min_samples_per_slice;n_total_balance_levels;n_used_balance_levels;missing_gz_count;missing_gz_fraction;ci_low;ci_high;bootstrap_n;bootstrap_method;tail_slices;task_type;input_mode;adaptation_protocol;training_budget;split_protocol;selective_coverage;retained_coverage;abstention_rate;warnings;analysis_type;bwer_type;coverage_target,sample_id;independent_unit_id;risk;split_role;model_signature;dataset_signature;protocol_hash;metric_version,missing,unavailable,missing_balance_axis_or_risk,missing_confidence_or_risk,missing_prediction_set_outputs,missing_cluster_or_spatial_block,not_an_audit_source,5bda6974bb099a07027be94e584e770ef5bfe3dd17eb875b1f421a6ea51c6747
outputs\test_alphaearth_full_audit_3c62a960e6ec4996852c0dd661a1ff55\audit\alphaearth_full_conformal_coverage_summary.csv,conformal,method;coverage_target;alpha;qhat;marginal_coverage;average_set_size;n_calibration;n_test,dataset;model;task;split;sample_id;independent_unit_id;risk;split_role;model_signature;dataset_signature;protocol_hash;metric_version,missing,unavailable,missing_balance_axis_or_risk,missing_confidence_or_risk,missing_prediction_set_outputs,missing_cluster_or_spatial_block,not_an_audit_source,5bda6974bb099a07027be94e584e770ef5bfe3dd17eb875b1f421a6ea51c6747
outputs\test_alphaearth_full_audit_3c62a960e6ec4996852c0dd661a1ff55\audit\alphaearth_full_conformal_set_size_summary.csv,conformal,coverage_target;average_set_size;qhat,dataset;model;task;split;sample_id;independent_unit_id;risk;split_role;model_signature;dataset_signature;protocol_hash;metric_version,missing,unavailable,missing_balance_axis_or_risk,missing_confidence_or_risk,missing_prediction_set_outputs,missing_cluster_or_spatial_block,not_an_audit_source,5bda6974bb099a07027be94e584e770ef5bfe3dd17eb875b1f421a6ea51c6747
outputs\test_alphaearth_full_audit_3c62a960e6ec4996852c0dd661a1ff55\audit\alphaearth_full_conformal_slice_coverage.csv,conformal,coverage_target;slice_variable;slice_value;support_count;slice_coverage;coverage_gap;average_set_size,dataset;model;task;split;sample_id;independent_unit_id;risk;split_role;model_signature;dataset_signature;protocol_hash;metric_version,missing,unavailable,missing_balance_axis_or_risk,missing_confidence_or_risk,missing_prediction_set_outputs,missing_cluster_or_spatial_block,not_an_audit_source,5bda6974bb099a07027be94e584e770ef5bfe3dd17eb875b1f421a6ea51c6747
outputs\test_alphaearth_full_audit_3c62a960e6ec4996852c0dd661a1ff55\audit\alphaearth_full_eval_predictions.csv,selective_or_predictions,sample_id;lon;lat;year;country_iso3;region;income_group;biome_or_ecoregion;urban_rural_or_built_proxy;spatial_block_id;split;worldcover_label;worldcover_class_name;dynamic_world_label;dynamic_world_confidence;A00;A01;A02;A03;A04;A05;A06;A07;A08;A09;A10;A11;A12;A13;A14;A15;A16;A17;A18;A19;A20;A21;A22;A23;A24;A25;A26;A27;A28;A29;A30;A31;A32;A33;A34;A35;A36;A37;A38;A39;A40;A41;A42;A43;A44;A45;A46;A47;A48;A49;A50;A51;A52;A53;A54;A55;A56;A57;A58;A59;A60;A61;A62;A63;country_class;region_class;original_export_split;split_assignment;dataset;task;model;split_protocol;label;class_label;prediction;predicted_class_name;correct;risk;confidence;max_probability;p_true;prob_10;prob_40;prob_50,independent_unit_id;split_role;model_signature;dataset_signature;protocol_hash;metric_version,missing,recomputable,missing_balance_axis_or_risk,recomputable,missing_prediction_set_outputs,cluster_ready,upgrade_schema_or_reexport,5bda6974bb099a07027be94e584e770ef5bfe3dd17eb875b1f421a6ea51c6747
outputs\test_alphaearth_full_audit_3c62a960e6ec4996852c0dd661a1ff55\audit\alphaearth_full_predictions.csv,selective_or_predictions,sample_id;lon;lat;year;country_iso3;region;income_group;biome_or_ecoregion;urban_rural_or_built_proxy;spatial_block_id;split;worldcover_label;worldcover_class_name;dynamic_world_label;dynamic_world_confidence;A00;A01;A02;A03;A04;A05;A06;A07;A08;A09;A10;A11;A12;A13;A14;A15;A16;A17;A18;A19;A20;A21;A22;A23;A24;A25;A26;A27;A28;A29;A30;A31;A32;A33;A34;A35;A36;A37;A38;A39;A40;A41;A42;A43;A44;A45;A46;A47;A48;A49;A50;A51;A52;A53;A54;A55;A56;A57;A58;A59;A60;A61;A62;A63;country_class;region_class;original_export_split;split_assignment;dataset;task;model;split_protocol;label;class_label;prediction;predicted_class_name;correct;risk;confidence;max_probability;p_true;prob_10;prob_40;prob_50,independent_unit_id;split_role;model_signature;dataset_signature;protocol_hash;metric_version,missing,recomputable,missing_balance_axis_or_risk,recomputable,missing_prediction_set_outputs,cluster_ready,upgrade_schema_or_reexport,5bda6974bb099a07027be94e584e770ef5bfe3dd17eb875b1f421a6ea51c6747
outputs\test_alphaearth_full_audit_3c62a960e6ec4996852c0dd661a1ff55\audit\alphaearth_full_selective_bwer.csv,selective_or_predictions,dataset;model;task;split;slice_variable;balance_variable;score_name;risk_name;tail_fraction;weighting;missing_balance_policy;bwer;tail_risk;mean_risk;max_bwer;best_slice;best_slice_risk;worst_slice;worst_slice_risk;n_slices_total;n_slices_valid;n_units;min_samples_per_slice;n_total_balance_levels;n_used_balance_levels;missing_gz_count;missing_gz_fraction;ci_low;ci_high;bootstrap_n;bootstrap_method;tail_slices;task_type;input_mode;adaptation_protocol;training_budget;split_protocol;selective_coverage;retained_coverage;abstention_rate;warnings;analysis_type;bwer_type;coverage_target,sample_id;independent_unit_id;risk;split_role;model_signature;dataset_signature;protocol_hash;metric_version,missing,unavailable,missing_balance_axis_or_risk,missing_confidence_or_risk,missing_prediction_set_outputs,missing_cluster_or_spatial_block,not_an_audit_source,5bda6974bb099a07027be94e584e770ef5bfe3dd17eb875b1f421a6ea51c6747
outputs\test_alphaearth_full_audit_3c62a960e6ec4996852c0dd661a1ff55\audit\alphaearth_full_selective_risk_summary.csv,selective_or_predictions,selector;coverage_target;retained_coverage;mean_risk;n_retained,dataset;model;task;split;sample_id;independent_unit_id;risk;split_role;model_signature;dataset_signature;protocol_hash;metric_version,missing,unavailable,missing_balance_axis_or_risk,missing_confidence_or_risk,missing_prediction_set_outputs,missing_cluster_or_spatial_block,not_an_audit_source,5bda6974bb099a07027be94e584e770ef5bfe3dd17eb875b1f421a6ea51c6747
outputs\test_alphaearth_full_audit_3f24e8af0e104abd856d74c92f26af2e\audit\alphaearth_full_conformal_bwer.csv,conformal,dataset;model;task;split;slice_variable;balance_variable;score_name;risk_name;tail_fraction;weighting;missing_balance_policy;bwer;tail_risk;mean_risk;max_bwer;best_slice;best_slice_risk;worst_slice;worst_slice_risk;n_slices_total;n_slices_valid;n_units;min_samples_per_slice;n_total_balance_levels;n_used_balance_levels;missing_gz_count;missing_gz_fraction;ci_low;ci_high;bootstrap_n;bootstrap_method;tail_slices;task_type;input_mode;adaptation_protocol;training_budget;split_protocol;selective_coverage;retained_coverage;abstention_rate;warnings;analysis_type;bwer_type;coverage_target,sample_id;independent_unit_id;risk;split_role;model_signature;dataset_signature;protocol_hash;metric_version,missing,unavailable,missing_balance_axis_or_risk,missing_confidence_or_risk,missing_prediction_set_outputs,missing_cluster_or_spatial_block,not_an_audit_source,5bda6974bb099a07027be94e584e770ef5bfe3dd17eb875b1f421a6ea51c6747
outputs\test_alphaearth_full_audit_3f24e8af0e104abd856d74c92f26af2e\audit\alphaearth_full_conformal_coverage_summary.csv,conformal,method;coverage_target;alpha;qhat;marginal_coverage;average_set_size;n_calibration;n_test,dataset;model;task;split;sample_id;independent_unit_id;risk;split_role;model_signature;dataset_signature;protocol_hash;metric_version,missing,unavailable,missing_balance_axis_or_risk,missing_confidence_or_risk,missing_prediction_set_outputs,missing_cluster_or_spatial_block,not_an_audit_source,5bda6974bb099a07027be94e584e770ef5bfe3dd17eb875b1f421a6ea51c6747
outputs\test_alphaearth_full_audit_3f24e8af0e104abd856d74c92f26af2e\audit\alphaearth_full_conformal_set_size_summary.csv,conformal,coverage_target;average_set_size;qhat,dataset;model;task;split;sample_id;independent_unit_id;risk;split_role;model_signature;dataset_signature;protocol_hash;metric_version,missing,unavailable,missing_balance_axis_or_risk,missing_confidence_or_risk,missing_prediction_set_outputs,missing_cluster_or_spatial_block,not_an_audit_source,5bda6974bb099a07027be94e584e770ef5bfe3dd17eb875b1f421a6ea51c6747
outputs\test_alphaearth_full_audit_3f24e8af0e104abd856d74c92f26af2e\audit\alphaearth_full_conformal_slice_coverage.csv,conformal,coverage_target;slice_variable;slice_value;support_count;slice_coverage;coverage_gap;average_set_size,dataset;model;task;split;sample_id;independent_unit_id;risk;split_role;model_signature;dataset_signature;protocol_hash;metric_version,missing,unavailable,missing_balance_axis_or_risk,missing_confidence_or_risk,missing_prediction_set_outputs,missing_cluster_or_spatial_block,not_an_audit_source,5bda6974bb099a07027be94e584e770ef5bfe3dd17eb875b1f421a6ea51c6747
outputs\test_alphaearth_full_audit_3f24e8af0e104abd856d74c92f26af2e\audit\alphaearth_full_predictions.csv,selective_or_predictions,sample_id;lon;lat;year;country_iso3;region;income_group;biome_or_ecoregion;urban_rural_or_built_proxy;spatial_block_id;split;worldcover_label;worldcover_class_name;dynamic_world_label;dynamic_world_confidence;A00;A01;A02;A03;A04;A05;A06;A07;A08;A09;A10;A11;A12;A13;A14;A15;A16;A17;A18;A19;A20;A21;A22;A23;A24;A25;A26;A27;A28;A29;A30;A31;A32;A33;A34;A35;A36;A37;A38;A39;A40;A41;A42;A43;A44;A45;A46;A47;A48;A49;A50;A51;A52;A53;A54;A55;A56;A57;A58;A59;A60;A61;A62;A63;country_class;region_class;original_export_split;split_assignment;dataset;task;model;split_protocol;label;class_label;prediction;predicted_class_name;correct;risk;confidence;p_true;prob_10;prob_40;prob_50,independent_unit_id;split_role;model_signature;dataset_signature;protocol_hash;metric_version,missing,recomputable,missing_balance_axis_or_risk,recomputable,missing_prediction_set_outputs,cluster_ready,upgrade_schema_or_reexport,5bda6974bb099a07027be94e584e770ef5bfe3dd17eb875b1f421a6ea51c6747
outputs\test_alphaearth_full_audit_3f24e8af0e104abd856d74c92f26af2e\audit\alphaearth_full_selective_bwer.csv,selective_or_predictions,dataset;model;task;split;slice_variable;balance_variable;score_name;risk_name;tail_fraction;weighting;missing_balance_policy;bwer;tail_risk;mean_risk;max_bwer;best_slice;best_slice_risk;worst_slice;worst_slice_risk;n_slices_total;n_slices_valid;n_units;min_samples_per_slice;n_total_balance_levels;n_used_balance_levels;missing_gz_count;missing_gz_fraction;ci_low;ci_high;bootstrap_n;bootstrap_method;tail_slices;task_type;input_mode;adaptation_protocol;training_budget;split_protocol;selective_coverage;retained_coverage;abstention_rate;warnings;analysis_type;bwer_type;coverage_target,sample_id;independent_unit_id;risk;split_role;model_signature;dataset_signature;protocol_hash;metric_version,missing,unavailable,missing_balance_axis_or_risk,missing_confidence_or_risk,missing_prediction_set_outputs,missing_cluster_or_spatial_block,not_an_audit_source,5bda6974bb099a07027be94e584e770ef5bfe3dd17eb875b1f421a6ea51c6747
outputs\test_alphaearth_full_audit_3f24e8af0e104abd856d74c92f26af2e\audit\alphaearth_full_selective_risk_summary.csv,selective_or_predictions,selector;coverage_target;retained_coverage;mean_risk;n_retained,dataset;model;task;split;sample_id;independent_unit_id;risk;split_role;model_signature;dataset_signature;protocol_hash;metric_version,missing,unavailable,missing_balance_axis_or_risk,missing_confidence_or_risk,missing_prediction_set_outputs,missing_cluster_or_spatial_block,not_an_audit_source,5bda6974bb099a07027be94e584e770ef5bfe3dd17eb875b1f421a6ea51c6747
outputs\test_alphaearth_full_audit_40ab640f20164dd2bcd5d687bbc9bf97\audit\alphaearth_full_conformal_bwer.csv,conformal,dataset;model;task;split;slice_variable;balance_variable;score_name;risk_name;tail_fraction;weighting;missing_balance_policy;bwer;tail_risk;mean_risk;max_bwer;best_slice;best_slice_risk;worst_slice;worst_slice_risk;n_slices_total;n_slices_valid;n_units;min_samples_per_slice;n_total_balance_levels;n_used_balance_levels;missing_gz_count;missing_gz_fraction;ci_low;ci_high;bootstrap_n;bootstrap_method;tail_slices;task_type;input_mode;adaptation_protocol;training_budget;split_protocol;selective_coverage;retained_coverage;abstention_rate;warnings;analysis_type;bwer_type;coverage_target,sample_id;independent_unit_id;risk;split_role;model_signature;dataset_signature;protocol_hash;metric_version,missing,unavailable,missing_balance_axis_or_risk,missing_confidence_or_risk,missing_prediction_set_outputs,missing_cluster_or_spatial_block,not_an_audit_source,5bda6974bb099a07027be94e584e770ef5bfe3dd17eb875b1f421a6ea51c6747
outputs\test_alphaearth_full_audit_40ab640f20164dd2bcd5d687bbc9bf97\audit\alphaearth_full_conformal_coverage_summary.csv,conformal,method;coverage_target;alpha;qhat;marginal_coverage;average_set_size;n_calibration;n_test,dataset;model;task;split;sample_id;independent_unit_id;risk;split_role;model_signature;dataset_signature;protocol_hash;metric_version,missing,unavailable,missing_balance_axis_or_risk,missing_confidence_or_risk,missing_prediction_set_outputs,missing_cluster_or_spatial_block,not_an_audit_source,5bda6974bb099a07027be94e584e770ef5bfe3dd17eb875b1f421a6ea51c6747
outputs\test_alphaearth_full_audit_40ab640f20164dd2bcd5d687bbc9bf97\audit\alphaearth_full_conformal_set_size_summary.csv,conformal,coverage_target;average_set_size;qhat,dataset;model;task;split;sample_id;independent_unit_id;risk;split_role;model_signature;dataset_signature;protocol_hash;metric_version,missing,unavailable,missing_balance_axis_or_risk,missing_confidence_or_risk,missing_prediction_set_outputs,missing_cluster_or_spatial_block,not_an_audit_source,5bda6974bb099a07027be94e584e770ef5bfe3dd17eb875b1f421a6ea51c6747
outputs\test_alphaearth_full_audit_40ab640f20164dd2bcd5d687bbc9bf97\audit\alphaearth_full_conformal_slice_coverage.csv,conformal,coverage_target;slice_variable;slice_value;support_count;slice_coverage;coverage_gap;average_set_size,dataset;model;task;split;sample_id;independent_unit_id;risk;split_role;model_signature;dataset_signature;protocol_hash;metric_version,missing,unavailable,missing_balance_axis_or_risk,missing_confidence_or_risk,missing_prediction_set_outputs,missing_cluster_or_spatial_block,not_an_audit_source,5bda6974bb099a07027be94e584e770ef5bfe3dd17eb875b1f421a6ea51c6747
outputs\test_alphaearth_full_audit_40ab640f20164dd2bcd5d687bbc9bf97\audit\alphaearth_full_predictions.csv,selective_or_predictions,sample_id;lon;lat;year;country_iso3;region;income_group;biome_or_ecoregion;urban_rural_or_built_proxy;spatial_block_id;split;worldcover_label;worldcover_class_name;dynamic_world_label;dynamic_world_confidence;A00;A01;A02;A03;A04;A05;A06;A07;A08;A09;A10;A11;A12;A13;A14;A15;A16;A17;A18;A19;A20;A21;A22;A23;A24;A25;A26;A27;A28;A29;A30;A31;A32;A33;A34;A35;A36;A37;A38;A39;A40;A41;A42;A43;A44;A45;A46;A47;A48;A49;A50;A51;A52;A53;A54;A55;A56;A57;A58;A59;A60;A61;A62;A63;country_class;region_class;dataset;task;model;split_protocol;label;class_label;prediction;predicted_class_name;correct;risk;confidence;p_true;prob_10;prob_40;prob_50,independent_unit_id;split_role;model_signature;dataset_signature;protocol_hash;metric_version,missing,recomputable,missing_balance_axis_or_risk,recomputable,missing_prediction_set_outputs,cluster_ready,upgrade_schema_or_reexport,5bda6974bb099a07027be94e584e770ef5bfe3dd17eb875b1f421a6ea51c6747
outputs\test_alphaearth_full_audit_40ab640f20164dd2bcd5d687bbc9bf97\audit\alphaearth_full_selective_bwer.csv,selective_or_predictions,dataset;model;task;split;slice_variable;balance_variable;score_name;risk_name;tail_fraction;weighting;missing_balance_policy;bwer;tail_risk;mean_risk;max_bwer;best_slice;best_slice_risk;worst_slice;worst_slice_risk;n_slices_total;n_slices_valid;n_units;min_samples_per_slice;n_total_balance_levels;n_used_balance_levels;missing_gz_count;missing_gz_fraction;ci_low;ci_high;bootstrap_n;bootstrap_method;tail_slices;task_type;input_mode;adaptation_protocol;training_budget;split_protocol;selective_coverage;retained_coverage;abstention_rate;warnings;analysis_type;bwer_type;coverage_target,sample_id;independent_unit_id;risk;split_role;model_signature;dataset_signature;protocol_hash;metric_version,missing,unavailable,missing_balance_axis_or_risk,missing_confidence_or_risk,missing_prediction_set_outputs,missing_cluster_or_spatial_block,not_an_audit_source,5bda6974bb099a07027be94e584e770ef5bfe3dd17eb875b1f421a6ea51c6747
outputs\test_alphaearth_full_audit_40ab640f20164dd2bcd5d687bbc9bf97\audit\alphaearth_full_selective_risk_summary.csv,selective_or_predictions,selector;coverage_target;retained_coverage;mean_risk;n_retained,dataset;model;task;split;sample_id;independent_unit_id;risk;split_role;model_signature;dataset_signature;protocol_hash;metric_version,missing,unavailable,missing_balance_axis_or_risk,missing_confidence_or_risk,missing_prediction_set_outputs,missing_cluster_or_spatial_block,not_an_audit_source,5bda6974bb099a07027be94e584e770ef5bfe3dd17eb875b1f421a6ea51c6747
outputs\test_alphaearth_full_audit_4e4dfa06a2b84ee480be60a5d5e9a481\audit\alphaearth_conformal_slice_gap_diagnostic.csv,conformal,coverage_target;slice_variable;slice_value;support_count;slice_coverage;coverage_gap;average_set_size;coverage_gap_recomputed;undercovered;interpretation,dataset;model;task;split;sample_id;independent_unit_id;risk;split_role;model_signature;dataset_signature;protocol_hash;metric_version,missing,unavailable,missing_balance_axis_or_risk,missing_confidence_or_risk,missing_prediction_set_outputs,missing_cluster_or_spatial_block,not_an_audit_source,5bda6974bb099a07027be94e584e770ef5bfe3dd17eb875b1f421a6ea51c6747
outputs\test_alphaearth_full_audit_4e4dfa06a2b84ee480be60a5d5e9a481\audit\alphaearth_full_all_split_predictions.csv,selective_or_predictions,sample_id;lon;lat;year;country_iso3;region;income_group;biome_or_ecoregion;urban_rural_or_built_proxy;spatial_block_id;split;worldcover_label;worldcover_class_name;dynamic_world_label;dynamic_world_confidence;A00;A01;A02;A03;A04;A05;A06;A07;A08;A09;A10;A11;A12;A13;A14;A15;A16;A17;A18;A19;A20;A21;A22;A23;A24;A25;A26;A27;A28;A29;A30;A31;A32;A33;A34;A35;A36;A37;A38;A39;A40;A41;A42;A43;A44;A45;A46;A47;A48;A49;A50;A51;A52;A53;A54;A55;A56;A57;A58;A59;A60;A61;A62;A63;country_class;region_class;original_export_split;split_assignment;dataset;task;model;split_protocol;label;class_label;prediction;predicted_class_name;correct;risk;confidence;max_probability;p_true;prob_10;prob_40;prob_50,independent_unit_id;split_role;model_signature;dataset_signature;protocol_hash;metric_version,missing,recomputable,missing_balance_axis_or_risk,recomputable,missing_prediction_set_outputs,cluster_ready,upgrade_schema_or_reexport,5bda6974bb099a07027be94e584e770ef5bfe3dd17eb875b1f421a6ea51c6747
outputs\test_alphaearth_full_audit_4e4dfa06a2b84ee480be60a5d5e9a481\audit\alphaearth_full_conformal_bwer.csv,conformal,dataset;model;task;split;slice_variable;balance_variable;score_name;risk_name;tail_fraction;weighting;missing_balance_policy;bwer;tail_risk;mean_risk;max_bwer;best_slice;best_slice_risk;worst_slice;worst_slice_risk;n_slices_total;n_slices_valid;n_units;min_samples_per_slice;n_total_balance_levels;n_used_balance_levels;missing_gz_count;missing_gz_fraction;ci_low;ci_high;bootstrap_n;bootstrap_method;tail_slices;task_type;input_mode;adaptation_protocol;training_budget;split_protocol;selective_coverage;retained_coverage;abstention_rate;warnings;analysis_type;bwer_type;coverage_target,sample_id;independent_unit_id;risk;split_role;model_signature;dataset_signature;protocol_hash;metric_version,missing,unavailable,missing_balance_axis_or_risk,missing_confidence_or_risk,missing_prediction_set_outputs,missing_cluster_or_spatial_block,not_an_audit_source,5bda6974bb099a07027be94e584e770ef5bfe3dd17eb875b1f421a6ea51c6747
outputs\test_alphaearth_full_audit_4e4dfa06a2b84ee480be60a5d5e9a481\audit\alphaearth_full_conformal_coverage_summary.csv,conformal,method;coverage_target;alpha;qhat;marginal_coverage;average_set_size;n_calibration;n_test,dataset;model;task;split;sample_id;independent_unit_id;risk;split_role;model_signature;dataset_signature;protocol_hash;metric_version,missing,unavailable,missing_balance_axis_or_risk,missing_confidence_or_risk,missing_prediction_set_outputs,missing_cluster_or_spatial_block,not_an_audit_source,5bda6974bb099a07027be94e584e770ef5bfe3dd17eb875b1f421a6ea51c6747
outputs\test_alphaearth_full_audit_4e4dfa06a2b84ee480be60a5d5e9a481\audit\alphaearth_full_conformal_set_size_summary.csv,conformal,coverage_target;average_set_size;qhat,dataset;model;task;split;sample_id;independent_unit_id;risk;split_role;model_signature;dataset_signature;protocol_hash;metric_version,missing,unavailable,missing_balance_axis_or_risk,missing_confidence_or_risk,missing_prediction_set_outputs,missing_cluster_or_spatial_block,not_an_audit_source,5bda6974bb099a07027be94e584e770ef5bfe3dd17eb875b1f421a6ea51c6747
outputs\test_alphaearth_full_audit_4e4dfa06a2b84ee480be60a5d5e9a481\audit\alphaearth_full_conformal_slice_coverage.csv,conformal,coverage_target;slice_variable;slice_value;support_count;slice_coverage;coverage_gap;average_set_size,dataset;model;task;split;sample_id;independent_unit_id;risk;split_role;model_signature;dataset_signature;protocol_hash;metric_version,missing,unavailable,missing_balance_axis_or_risk,missing_confidence_or_risk,missing_prediction_set_outputs,missing_cluster_or_spatial_block,not_an_audit_source,5bda6974bb099a07027be94e584e770ef5bfe3dd17eb875b1f421a6ea51c6747
outputs\test_alphaearth_full_audit_4e4dfa06a2b84ee480be60a5d5e9a481\audit\alphaearth_full_eval_predictions.csv,selective_or_predictions,sample_id;lon;lat;year;country_iso3;region;income_group;biome_or_ecoregion;urban_rural_or_built_proxy;spatial_block_id;split;worldcover_label;worldcover_class_name;dynamic_world_label;dynamic_world_confidence;A00;A01;A02;A03;A04;A05;A06;A07;A08;A09;A10;A11;A12;A13;A14;A15;A16;A17;A18;A19;A20;A21;A22;A23;A24;A25;A26;A27;A28;A29;A30;A31;A32;A33;A34;A35;A36;A37;A38;A39;A40;A41;A42;A43;A44;A45;A46;A47;A48;A49;A50;A51;A52;A53;A54;A55;A56;A57;A58;A59;A60;A61;A62;A63;country_class;region_class;original_export_split;split_assignment;dataset;task;model;split_protocol;label;class_label;prediction;predicted_class_name;correct;risk;confidence;max_probability;p_true;prob_10;prob_40;prob_50,independent_unit_id;split_role;model_signature;dataset_signature;protocol_hash;metric_version,missing,recomputable,missing_balance_axis_or_risk,recomputable,missing_prediction_set_outputs,cluster_ready,upgrade_schema_or_reexport,5bda6974bb099a07027be94e584e770ef5bfe3dd17eb875b1f421a6ea51c6747
outputs\test_alphaearth_full_audit_4e4dfa06a2b84ee480be60a5d5e9a481\audit\alphaearth_full_predictions.csv,selective_or_predictions,sample_id;lon;lat;year;country_iso3;region;income_group;biome_or_ecoregion;urban_rural_or_built_proxy;spatial_block_id;split;worldcover_label;worldcover_class_name;dynamic_world_label;dynamic_world_confidence;A00;A01;A02;A03;A04;A05;A06;A07;A08;A09;A10;A11;A12;A13;A14;A15;A16;A17;A18;A19;A20;A21;A22;A23;A24;A25;A26;A27;A28;A29;A30;A31;A32;A33;A34;A35;A36;A37;A38;A39;A40;A41;A42;A43;A44;A45;A46;A47;A48;A49;A50;A51;A52;A53;A54;A55;A56;A57;A58;A59;A60;A61;A62;A63;country_class;region_class;original_export_split;split_assignment;dataset;task;model;split_protocol;label;class_label;prediction;predicted_class_name;correct;risk;confidence;max_probability;p_true;prob_10;prob_40;prob_50,independent_unit_id;split_role;model_signature;dataset_signature;protocol_hash;metric_version,missing,recomputable,missing_balance_axis_or_risk,recomputable,missing_prediction_set_outputs,cluster_ready,upgrade_schema_or_reexport,5bda6974bb099a07027be94e584e770ef5bfe3dd17eb875b1f421a6ea51c6747
outputs\test_alphaearth_full_audit_4e4dfa06a2b84ee480be60a5d5e9a481\audit\alphaearth_full_selective_bwer.csv,selective_or_predictions,dataset;model;task;split;slice_variable;balance_variable;score_name;risk_name;tail_fraction;weighting;missing_balance_policy;bwer;tail_risk;mean_risk;max_bwer;best_slice;best_slice_risk;worst_slice;worst_slice_risk;n_slices_total;n_slices_valid;n_units;min_samples_per_slice;n_total_balance_levels;n_used_balance_levels;missing_gz_count;missing_gz_fraction;ci_low;ci_high;bootstrap_n;bootstrap_method;tail_slices;task_type;input_mode;adaptation_protocol;training_budget;split_protocol;selective_coverage;retained_coverage;abstention_rate;warnings;analysis_type;bwer_type;coverage_target,sample_id;independent_unit_id;risk;split_role;model_signature;dataset_signature;protocol_hash;metric_version,missing,unavailable,missing_balance_axis_or_risk,missing_confidence_or_risk,missing_prediction_set_outputs,missing_cluster_or_spatial_block,not_an_audit_source,5bda6974bb099a07027be94e584e770ef5bfe3dd17eb875b1f421a6ea51c6747
outputs\test_alphaearth_full_audit_4e4dfa06a2b84ee480be60a5d5e9a481\audit\alphaearth_full_selective_risk_summary.csv,selective_or_predictions,selector;coverage_target;retained_coverage;mean_risk;n_retained,dataset;model;task;split;sample_id;independent_unit_id;risk;split_role;model_signature;dataset_signature;protocol_hash;metric_version,missing,unavailable,missing_balance_axis_or_risk,missing_confidence_or_risk,missing_prediction_set_outputs,missing_cluster_or_spatial_block,not_an_audit_source,5bda6974bb099a07027be94e584e770ef5bfe3dd17eb875b1f421a6ea51c6747
outputs\test_alphaearth_full_audit_54c15905d22a4689b60c05a3b6e31019\audit\alphaearth_full_conformal_bwer.csv,conformal,dataset;model;task;split;slice_variable;balance_variable;score_name;risk_name;tail_fraction;weighting;missing_balance_policy;bwer;tail_risk;mean_risk;max_bwer;best_slice;best_slice_risk;worst_slice;worst_slice_risk;n_slices_total;n_slices_valid;n_units;min_samples_per_slice;n_total_balance_levels;n_used_balance_levels;missing_gz_count;missing_gz_fraction;ci_low;ci_high;bootstrap_n;bootstrap_method;tail_slices;task_type;input_mode;adaptation_protocol;training_budget;split_protocol;selective_coverage;retained_coverage;abstention_rate;warnings;analysis_type;bwer_type;coverage_target,sample_id;independent_unit_id;risk;split_role;model_signature;dataset_signature;protocol_hash;metric_version,missing,unavailable,missing_balance_axis_or_risk,missing_confidence_or_risk,missing_prediction_set_outputs,missing_cluster_or_spatial_block,not_an_audit_source,5bda6974bb099a07027be94e584e770ef5bfe3dd17eb875b1f421a6ea51c6747
outputs\test_alphaearth_full_audit_54c15905d22a4689b60c05a3b6e31019\audit\alphaearth_full_conformal_coverage_summary.csv,conformal,method;coverage_target;alpha;qhat;marginal_coverage;average_set_size;n_calibration;n_test,dataset;model;task;split;sample_id;independent_unit_id;risk;split_role;model_signature;dataset_signature;protocol_hash;metric_version,missing,unavailable,missing_balance_axis_or_risk,missing_confidence_or_risk,missing_prediction_set_outputs,missing_cluster_or_spatial_block,not_an_audit_source,5bda6974bb099a07027be94e584e770ef5bfe3dd17eb875b1f421a6ea51c6747
outputs\test_alphaearth_full_audit_54c15905d22a4689b60c05a3b6e31019\audit\alphaearth_full_conformal_set_size_summary.csv,conformal,coverage_target;average_set_size;qhat,dataset;model;task;split;sample_id;independent_unit_id;risk;split_role;model_signature;dataset_signature;protocol_hash;metric_version,missing,unavailable,missing_balance_axis_or_risk,missing_confidence_or_risk,missing_prediction_set_outputs,missing_cluster_or_spatial_block,not_an_audit_source,5bda6974bb099a07027be94e584e770ef5bfe3dd17eb875b1f421a6ea51c6747
outputs\test_alphaearth_full_audit_54c15905d22a4689b60c05a3b6e31019\audit\alphaearth_full_conformal_slice_coverage.csv,conformal,coverage_target;slice_variable;slice_value;support_count;slice_coverage;coverage_gap;average_set_size,dataset;model;task;split;sample_id;independent_unit_id;risk;split_role;model_signature;dataset_signature;protocol_hash;metric_version,missing,unavailable,missing_balance_axis_or_risk,missing_confidence_or_risk,missing_prediction_set_outputs,missing_cluster_or_spatial_block,not_an_audit_source,5bda6974bb099a07027be94e584e770ef5bfe3dd17eb875b1f421a6ea51c6747
outputs\test_alphaearth_full_audit_54c15905d22a4689b60c05a3b6e31019\audit\alphaearth_full_predictions.csv,selective_or_predictions,sample_id;lon;lat;year;country_iso3;region;income_group;biome_or_ecoregion;urban_rural_or_built_proxy;spatial_block_id;split;worldcover_label;worldcover_class_name;dynamic_world_label;dynamic_world_confidence;A00;A01;A02;A03;A04;A05;A06;A07;A08;A09;A10;A11;A12;A13;A14;A15;A16;A17;A18;A19;A20;A21;A22;A23;A24;A25;A26;A27;A28;A29;A30;A31;A32;A33;A34;A35;A36;A37;A38;A39;A40;A41;A42;A43;A44;A45;A46;A47;A48;A49;A50;A51;A52;A53;A54;A55;A56;A57;A58;A59;A60;A61;A62;A63;country_class;region_class;dataset;task;model;split_protocol;label;class_label;prediction;predicted_class_name;correct;risk;confidence;p_true;prob_10;prob_40;prob_50,independent_unit_id;split_role;model_signature;dataset_signature;protocol_hash;metric_version,missing,recomputable,missing_balance_axis_or_risk,recomputable,missing_prediction_set_outputs,cluster_ready,upgrade_schema_or_reexport,5bda6974bb099a07027be94e584e770ef5bfe3dd17eb875b1f421a6ea51c6747
outputs\test_alphaearth_full_audit_54c15905d22a4689b60c05a3b6e31019\audit\alphaearth_full_selective_bwer.csv,selective_or_predictions,dataset;model;task;split;slice_variable;balance_variable;score_name;risk_name;tail_fraction;weighting;missing_balance_policy;bwer;tail_risk;mean_risk;max_bwer;best_slice;best_slice_risk;worst_slice;worst_slice_risk;n_slices_total;n_slices_valid;n_units;min_samples_per_slice;n_total_balance_levels;n_used_balance_levels;missing_gz_count;missing_gz_fraction;ci_low;ci_high;bootstrap_n;bootstrap_method;tail_slices;task_type;input_mode;adaptation_protocol;training_budget;split_protocol;selective_coverage;retained_coverage;abstention_rate;warnings;analysis_type;bwer_type;coverage_target,sample_id;independent_unit_id;risk;split_role;model_signature;dataset_signature;protocol_hash;metric_version,missing,unavailable,missing_balance_axis_or_risk,missing_confidence_or_risk,missing_prediction_set_outputs,missing_cluster_or_spatial_block,not_an_audit_source,5bda6974bb099a07027be94e584e770ef5bfe3dd17eb875b1f421a6ea51c6747
outputs\test_alphaearth_full_audit_54c15905d22a4689b60c05a3b6e31019\audit\alphaearth_full_selective_risk_summary.csv,selective_or_predictions,selector;coverage_target;retained_coverage;mean_risk;n_retained,dataset;model;task;split;sample_id;independent_unit_id;risk;split_role;model_signature;dataset_signature;protocol_hash;metric_version,missing,unavailable,missing_balance_axis_or_risk,missing_confidence_or_risk,missing_prediction_set_outputs,missing_cluster_or_spatial_block,not_an_audit_source,5bda6974bb099a07027be94e584e770ef5bfe3dd17eb875b1f421a6ea51c6747
outputs\test_alphaearth_full_audit_7d61a2db0fa74091b5eb89d5f597d47a\audit\alphaearth_conformal_slice_gap_diagnostic.csv,conformal,coverage_target;slice_variable;slice_value;support_count;slice_coverage;coverage_gap;average_set_size;coverage_gap_recomputed;undercovered;interpretation,dataset;model;task;split;sample_id;independent_unit_id;risk;split_role;model_signature;dataset_signature;protocol_hash;metric_version,missing,unavailable,missing_balance_axis_or_risk,missing_confidence_or_risk,missing_prediction_set_outputs,missing_cluster_or_spatial_block,not_an_audit_source,5bda6974bb099a07027be94e584e770ef5bfe3dd17eb875b1f421a6ea51c6747
outputs\test_alphaearth_full_audit_7d61a2db0fa74091b5eb89d5f597d47a\audit\alphaearth_full_all_split_predictions.csv,selective_or_predictions,sample_id;lon;lat;year;country_iso3;region;income_group;biome_or_ecoregion;urban_rural_or_built_proxy;spatial_block_id;split;worldcover_label;worldcover_class_name;dynamic_world_label;dynamic_world_confidence;A00;A01;A02;A03;A04;A05;A06;A07;A08;A09;A10;A11;A12;A13;A14;A15;A16;A17;A18;A19;A20;A21;A22;A23;A24;A25;A26;A27;A28;A29;A30;A31;A32;A33;A34;A35;A36;A37;A38;A39;A40;A41;A42;A43;A44;A45;A46;A47;A48;A49;A50;A51;A52;A53;A54;A55;A56;A57;A58;A59;A60;A61;A62;A63;country_class;region_class;original_export_split;split_assignment;dataset;task;model;split_protocol;label;class_label;prediction;predicted_class_name;correct;risk;confidence;max_probability;p_true;prob_10;prob_40;prob_50,independent_unit_id;split_role;model_signature;dataset_signature;protocol_hash;metric_version,missing,recomputable,missing_balance_axis_or_risk,recomputable,missing_prediction_set_outputs,cluster_ready,upgrade_schema_or_reexport,5bda6974bb099a07027be94e584e770ef5bfe3dd17eb875b1f421a6ea51c6747
outputs\test_alphaearth_full_audit_7d61a2db0fa74091b5eb89d5f597d47a\audit\alphaearth_full_conformal_bwer.csv,conformal,dataset;model;task;split;slice_variable;balance_variable;score_name;risk_name;tail_fraction;weighting;missing_balance_policy;bwer;tail_risk;mean_risk;max_bwer;best_slice;best_slice_risk;worst_slice;worst_slice_risk;n_slices_total;n_slices_valid;n_units;min_samples_per_slice;n_total_balance_levels;n_used_balance_levels;missing_gz_count;missing_gz_fraction;ci_low;ci_high;bootstrap_n;bootstrap_method;tail_slices;task_type;input_mode;adaptation_protocol;training_budget;split_protocol;selective_coverage;retained_coverage;abstention_rate;warnings;analysis_type;bwer_type;coverage_target,sample_id;independent_unit_id;risk;split_role;model_signature;dataset_signature;protocol_hash;metric_version,missing,unavailable,missing_balance_axis_or_risk,missing_confidence_or_risk,missing_prediction_set_outputs,missing_cluster_or_spatial_block,not_an_audit_source,5bda6974bb099a07027be94e584e770ef5bfe3dd17eb875b1f421a6ea51c6747
outputs\test_alphaearth_full_audit_7d61a2db0fa74091b5eb89d5f597d47a\audit\alphaearth_full_conformal_coverage_summary.csv,conformal,method;coverage_target;alpha;qhat;marginal_coverage;average_set_size;n_calibration;n_test,dataset;model;task;split;sample_id;independent_unit_id;risk;split_role;model_signature;dataset_signature;protocol_hash;metric_version,missing,unavailable,missing_balance_axis_or_risk,missing_confidence_or_risk,missing_prediction_set_outputs,missing_cluster_or_spatial_block,not_an_audit_source,5bda6974bb099a07027be94e584e770ef5bfe3dd17eb875b1f421a6ea51c6747
outputs\test_alphaearth_full_audit_7d61a2db0fa74091b5eb89d5f597d47a\audit\alphaearth_full_conformal_set_size_summary.csv,conformal,coverage_target;average_set_size;qhat,dataset;model;task;split;sample_id;independent_unit_id;risk;split_role;model_signature;dataset_signature;protocol_hash;metric_version,missing,unavailable,missing_balance_axis_or_risk,missing_confidence_or_risk,missing_prediction_set_outputs,missing_cluster_or_spatial_block,not_an_audit_source,5bda6974bb099a07027be94e584e770ef5bfe3dd17eb875b1f421a6ea51c6747
outputs\test_alphaearth_full_audit_7d61a2db0fa74091b5eb89d5f597d47a\audit\alphaearth_full_conformal_slice_coverage.csv,conformal,coverage_target;slice_variable;slice_value;support_count;slice_coverage;coverage_gap;average_set_size,dataset;model;task;split;sample_id;independent_unit_id;risk;split_role;model_signature;dataset_signature;protocol_hash;metric_version,missing,unavailable,missing_balance_axis_or_risk,missing_confidence_or_risk,missing_prediction_set_outputs,missing_cluster_or_spatial_block,not_an_audit_source,5bda6974bb099a07027be94e584e770ef5bfe3dd17eb875b1f421a6ea51c6747
outputs\test_alphaearth_full_audit_7d61a2db0fa74091b5eb89d5f597d47a\audit\alphaearth_full_eval_predictions.csv,selective_or_predictions,sample_id;lon;lat;year;country_iso3;region;income_group;biome_or_ecoregion;urban_rural_or_built_proxy;spatial_block_id;split;worldcover_label;worldcover_class_name;dynamic_world_label;dynamic_world_confidence;A00;A01;A02;A03;A04;A05;A06;A07;A08;A09;A10;A11;A12;A13;A14;A15;A16;A17;A18;A19;A20;A21;A22;A23;A24;A25;A26;A27;A28;A29;A30;A31;A32;A33;A34;A35;A36;A37;A38;A39;A40;A41;A42;A43;A44;A45;A46;A47;A48;A49;A50;A51;A52;A53;A54;A55;A56;A57;A58;A59;A60;A61;A62;A63;country_class;region_class;original_export_split;split_assignment;dataset;task;model;split_protocol;label;class_label;prediction;predicted_class_name;correct;risk;confidence;max_probability;p_true;prob_10;prob_40;prob_50,independent_unit_id;split_role;model_signature;dataset_signature;protocol_hash;metric_version,missing,recomputable,missing_balance_axis_or_risk,recomputable,missing_prediction_set_outputs,cluster_ready,upgrade_schema_or_reexport,5bda6974bb099a07027be94e584e770ef5bfe3dd17eb875b1f421a6ea51c6747
outputs\test_alphaearth_full_audit_7d61a2db0fa74091b5eb89d5f597d47a\audit\alphaearth_full_predictions.csv,selective_or_predictions,sample_id;lon;lat;year;country_iso3;region;income_group;biome_or_ecoregion;urban_rural_or_built_proxy;spatial_block_id;split;worldcover_label;worldcover_class_name;dynamic_world_label;dynamic_world_confidence;A00;A01;A02;A03;A04;A05;A06;A07;A08;A09;A10;A11;A12;A13;A14;A15;A16;A17;A18;A19;A20;A21;A22;A23;A24;A25;A26;A27;A28;A29;A30;A31;A32;A33;A34;A35;A36;A37;A38;A39;A40;A41;A42;A43;A44;A45;A46;A47;A48;A49;A50;A51;A52;A53;A54;A55;A56;A57;A58;A59;A60;A61;A62;A63;country_class;region_class;original_export_split;split_assignment;dataset;task;model;split_protocol;label;class_label;prediction;predicted_class_name;correct;risk;confidence;max_probability;p_true;prob_10;prob_40;prob_50,independent_unit_id;split_role;model_signature;dataset_signature;protocol_hash;metric_version,missing,recomputable,missing_balance_axis_or_risk,recomputable,missing_prediction_set_outputs,cluster_ready,upgrade_schema_or_reexport,5bda6974bb099a07027be94e584e770ef5bfe3dd17eb875b1f421a6ea51c6747
outputs\test_alphaearth_full_audit_7d61a2db0fa74091b5eb89d5f597d47a\audit\alphaearth_full_selective_bwer.csv,selective_or_predictions,dataset;model;task;split;slice_variable;balance_variable;score_name;risk_name;tail_fraction;weighting;missing_balance_policy;bwer;tail_risk;mean_risk;max_bwer;best_slice;best_slice_risk;worst_slice;worst_slice_risk;n_slices_total;n_slices_valid;n_units;min_samples_per_slice;n_total_balance_levels;n_used_balance_levels;missing_gz_count;missing_gz_fraction;ci_low;ci_high;bootstrap_n;bootstrap_method;tail_slices;task_type;input_mode;adaptation_protocol;training_budget;split_protocol;selective_coverage;retained_coverage;abstention_rate;warnings;analysis_type;bwer_type;coverage_target,sample_id;independent_unit_id;risk;split_role;model_signature;dataset_signature;protocol_hash;metric_version,missing,unavailable,missing_balance_axis_or_risk,missing_confidence_or_risk,missing_prediction_set_outputs,missing_cluster_or_spatial_block,not_an_audit_source,5bda6974bb099a07027be94e584e770ef5bfe3dd17eb875b1f421a6ea51c6747
outputs\test_alphaearth_full_audit_7d61a2db0fa74091b5eb89d5f597d47a\audit\alphaearth_full_selective_risk_summary.csv,selective_or_predictions,selector;coverage_target;retained_coverage;mean_risk;n_retained,dataset;model;task;split;sample_id;independent_unit_id;risk;split_role;model_signature;dataset_signature;protocol_hash;metric_version,missing,unavailable,missing_balance_axis_or_risk,missing_confidence_or_risk,missing_prediction_set_outputs,missing_cluster_or_spatial_block,not_an_audit_source,5bda6974bb099a07027be94e584e770ef5bfe3dd17eb875b1f421a6ea51c6747
outputs\test_alphaearth_full_audit_8d89a5b23c7d47e69293c0cc2314ed27\audit\alphaearth_conformal_slice_gap_diagnostic.csv,conformal,coverage_target;slice_variable;slice_value;support_count;slice_coverage;coverage_gap;average_set_size;coverage_gap_recomputed;undercovered;interpretation,dataset;model;task;split;sample_id;independent_unit_id;risk;split_role;model_signature;dataset_signature;protocol_hash;metric_version,missing,unavailable,missing_balance_axis_or_risk,missing_confidence_or_risk,missing_prediction_set_outputs,missing_cluster_or_spatial_block,not_an_audit_source,5bda6974bb099a07027be94e584e770ef5bfe3dd17eb875b1f421a6ea51c6747
outputs\test_alphaearth_full_audit_8d89a5b23c7d47e69293c0cc2314ed27\audit\alphaearth_full_conformal_bwer.csv,conformal,dataset;model;task;split;slice_variable;balance_variable;score_name;risk_name;tail_fraction;weighting;missing_balance_policy;bwer;tail_risk;mean_risk;max_bwer;best_slice;best_slice_risk;worst_slice;worst_slice_risk;n_slices_total;n_slices_valid;n_units;min_samples_per_slice;n_total_balance_levels;n_used_balance_levels;missing_gz_count;missing_gz_fraction;ci_low;ci_high;bootstrap_n;bootstrap_method;tail_slices;task_type;input_mode;adaptation_protocol;training_budget;split_protocol;selective_coverage;retained_coverage;abstention_rate;warnings;analysis_type;bwer_type;coverage_target,sample_id;independent_unit_id;risk;split_role;model_signature;dataset_signature;protocol_hash;metric_version,missing,unavailable,missing_balance_axis_or_risk,missing_confidence_or_risk,missing_prediction_set_outputs,missing_cluster_or_spatial_block,not_an_audit_source,5bda6974bb099a07027be94e584e770ef5bfe3dd17eb875b1f421a6ea51c6747
outputs\test_alphaearth_full_audit_8d89a5b23c7d47e69293c0cc2314ed27\audit\alphaearth_full_conformal_coverage_summary.csv,conformal,method;coverage_target;alpha;qhat;marginal_coverage;average_set_size;n_calibration;n_test,dataset;model;task;split;sample_id;independent_unit_id;risk;split_role;model_signature;dataset_signature;protocol_hash;metric_version,missing,unavailable,missing_balance_axis_or_risk,missing_confidence_or_risk,missing_prediction_set_outputs,missing_cluster_or_spatial_block,not_an_audit_source,5bda6974bb099a07027be94e584e770ef5bfe3dd17eb875b1f421a6ea51c6747
outputs\test_alphaearth_full_audit_8d89a5b23c7d47e69293c0cc2314ed27\audit\alphaearth_full_conformal_set_size_summary.csv,conformal,coverage_target;average_set_size;qhat,dataset;model;task;split;sample_id;independent_unit_id;risk;split_role;model_signature;dataset_signature;protocol_hash;metric_version,missing,unavailable,missing_balance_axis_or_risk,missing_confidence_or_risk,missing_prediction_set_outputs,missing_cluster_or_spatial_block,not_an_audit_source,5bda6974bb099a07027be94e584e770ef5bfe3dd17eb875b1f421a6ea51c6747
outputs\test_alphaearth_full_audit_8d89a5b23c7d47e69293c0cc2314ed27\audit\alphaearth_full_conformal_slice_coverage.csv,conformal,coverage_target;slice_variable;slice_value;support_count;slice_coverage;coverage_gap;average_set_size,dataset;model;task;split;sample_id;independent_unit_id;risk;split_role;model_signature;dataset_signature;protocol_hash;metric_version,missing,unavailable,missing_balance_axis_or_risk,missing_confidence_or_risk,missing_prediction_set_outputs,missing_cluster_or_spatial_block,not_an_audit_source,5bda6974bb099a07027be94e584e770ef5bfe3dd17eb875b1f421a6ea51c6747
outputs\test_alphaearth_full_audit_8d89a5b23c7d47e69293c0cc2314ed27\audit\alphaearth_full_predictions.csv,selective_or_predictions,sample_id;lon;lat;year;country_iso3;region;income_group;biome_or_ecoregion;urban_rural_or_built_proxy;spatial_block_id;split;worldcover_label;worldcover_class_name;dynamic_world_label;dynamic_world_confidence;A00;A01;A02;A03;A04;A05;A06;A07;A08;A09;A10;A11;A12;A13;A14;A15;A16;A17;A18;A19;A20;A21;A22;A23;A24;A25;A26;A27;A28;A29;A30;A31;A32;A33;A34;A35;A36;A37;A38;A39;A40;A41;A42;A43;A44;A45;A46;A47;A48;A49;A50;A51;A52;A53;A54;A55;A56;A57;A58;A59;A60;A61;A62;A63;country_class;region_class;original_export_split;split_assignment;dataset;task;model;split_protocol;label;class_label;prediction;predicted_class_name;correct;risk;confidence;p_true;prob_10;prob_40;prob_50,independent_unit_id;split_role;model_signature;dataset_signature;protocol_hash;metric_version,missing,recomputable,missing_balance_axis_or_risk,recomputable,missing_prediction_set_outputs,cluster_ready,upgrade_schema_or_reexport,5bda6974bb099a07027be94e584e770ef5bfe3dd17eb875b1f421a6ea51c6747
outputs\test_alphaearth_full_audit_8d89a5b23c7d47e69293c0cc2314ed27\audit\alphaearth_full_selective_bwer.csv,selective_or_predictions,dataset;model;task;split;slice_variable;balance_variable;score_name;risk_name;tail_fraction;weighting;missing_balance_policy;bwer;tail_risk;mean_risk;max_bwer;best_slice;best_slice_risk;worst_slice;worst_slice_risk;n_slices_total;n_slices_valid;n_units;min_samples_per_slice;n_total_balance_levels;n_used_balance_levels;missing_gz_count;missing_gz_fraction;ci_low;ci_high;bootstrap_n;bootstrap_method;tail_slices;task_type;input_mode;adaptation_protocol;training_budget;split_protocol;selective_coverage;retained_coverage;abstention_rate;warnings;analysis_type;bwer_type;coverage_target,sample_id;independent_unit_id;risk;split_role;model_signature;dataset_signature;protocol_hash;metric_version,missing,unavailable,missing_balance_axis_or_risk,missing_confidence_or_risk,missing_prediction_set_outputs,missing_cluster_or_spatial_block,not_an_audit_source,5bda6974bb099a07027be94e584e770ef5bfe3dd17eb875b1f421a6ea51c6747
outputs\test_alphaearth_full_audit_8d89a5b23c7d47e69293c0cc2314ed27\audit\alphaearth_full_selective_risk_summary.csv,selective_or_predictions,selector;coverage_target;retained_coverage;mean_risk;n_retained,dataset;model;task;split;sample_id;independent_unit_id;risk;split_role;model_signature;dataset_signature;protocol_hash;metric_version,missing,unavailable,missing_balance_axis_or_risk,missing_confidence_or_risk,missing_prediction_set_outputs,missing_cluster_or_spatial_block,not_an_audit_source,5bda6974bb099a07027be94e584e770ef5bfe3dd17eb875b1f421a6ea51c6747
outputs\test_alphaearth_full_audit_ab43261ff0684dd7b4a86382de2feb86\audit\alphaearth_full_conformal_bwer.csv,conformal,dataset;model;task;split;slice_variable;balance_variable;score_name;risk_name;tail_fraction;weighting;missing_balance_policy;bwer;tail_risk;mean_risk;max_bwer;best_slice;best_slice_risk;worst_slice;worst_slice_risk;n_slices_total;n_slices_valid;n_units;min_samples_per_slice;n_total_balance_levels;n_used_balance_levels;missing_gz_count;missing_gz_fraction;ci_low;ci_high;bootstrap_n;bootstrap_method;tail_slices;task_type;input_mode;adaptation_protocol;training_budget;split_protocol;selective_coverage;retained_coverage;abstention_rate;warnings;analysis_type;bwer_type;coverage_target,sample_id;independent_unit_id;risk;split_role;model_signature;dataset_signature;protocol_hash;metric_version,missing,unavailable,missing_balance_axis_or_risk,missing_confidence_or_risk,missing_prediction_set_outputs,missing_cluster_or_spatial_block,not_an_audit_source,5bda6974bb099a07027be94e584e770ef5bfe3dd17eb875b1f421a6ea51c6747
outputs\test_alphaearth_full_audit_ab43261ff0684dd7b4a86382de2feb86\audit\alphaearth_full_conformal_coverage_summary.csv,conformal,method;coverage_target;alpha;qhat;marginal_coverage;average_set_size;n_calibration;n_test,dataset;model;task;split;sample_id;independent_unit_id;risk;split_role;model_signature;dataset_signature;protocol_hash;metric_version,missing,unavailable,missing_balance_axis_or_risk,missing_confidence_or_risk,missing_prediction_set_outputs,missing_cluster_or_spatial_block,not_an_audit_source,5bda6974bb099a07027be94e584e770ef5bfe3dd17eb875b1f421a6ea51c6747
outputs\test_alphaearth_full_audit_ab43261ff0684dd7b4a86382de2feb86\audit\alphaearth_full_conformal_set_size_summary.csv,conformal,coverage_target;average_set_size;qhat,dataset;model;task;split;sample_id;independent_unit_id;risk;split_role;model_signature;dataset_signature;protocol_hash;metric_version,missing,unavailable,missing_balance_axis_or_risk,missing_confidence_or_risk,missing_prediction_set_outputs,missing_cluster_or_spatial_block,not_an_audit_source,5bda6974bb099a07027be94e584e770ef5bfe3dd17eb875b1f421a6ea51c6747
outputs\test_alphaearth_full_audit_ab43261ff0684dd7b4a86382de2feb86\audit\alphaearth_full_conformal_slice_coverage.csv,conformal,coverage_target;slice_variable;slice_value;support_count;slice_coverage;coverage_gap;average_set_size,dataset;model;task;split;sample_id;independent_unit_id;risk;split_role;model_signature;dataset_signature;protocol_hash;metric_version,missing,unavailable,missing_balance_axis_or_risk,missing_confidence_or_risk,missing_prediction_set_outputs,missing_cluster_or_spatial_block,not_an_audit_source,5bda6974bb099a07027be94e584e770ef5bfe3dd17eb875b1f421a6ea51c6747
outputs\test_alphaearth_full_audit_ab43261ff0684dd7b4a86382de2feb86\audit\alphaearth_full_predictions.csv,selective_or_predictions,sample_id;lon;lat;year;country_iso3;region;income_group;biome_or_ecoregion;urban_rural_or_built_proxy;spatial_block_id;split;worldcover_label;worldcover_class_name;dynamic_world_label;dynamic_world_confidence;A00;A01;A02;A03;A04;A05;A06;A07;A08;A09;A10;A11;A12;A13;A14;A15;A16;A17;A18;A19;A20;A21;A22;A23;A24;A25;A26;A27;A28;A29;A30;A31;A32;A33;A34;A35;A36;A37;A38;A39;A40;A41;A42;A43;A44;A45;A46;A47;A48;A49;A50;A51;A52;A53;A54;A55;A56;A57;A58;A59;A60;A61;A62;A63;country_class;region_class;dataset;task;model;split_protocol;label;class_label;prediction;predicted_class_name;correct;risk;confidence;p_true;prob_10;prob_40;prob_50,independent_unit_id;split_role;model_signature;dataset_signature;protocol_hash;metric_version,missing,recomputable,missing_balance_axis_or_risk,recomputable,missing_prediction_set_outputs,cluster_ready,upgrade_schema_or_reexport,5bda6974bb099a07027be94e584e770ef5bfe3dd17eb875b1f421a6ea51c6747
outputs\test_alphaearth_full_audit_ab43261ff0684dd7b4a86382de2feb86\audit\alphaearth_full_selective_bwer.csv,selective_or_predictions,dataset;model;task;split;slice_variable;balance_variable;score_name;risk_name;tail_fraction;weighting;missing_balance_policy;bwer;tail_risk;mean_risk;max_bwer;best_slice;best_slice_risk;worst_slice;worst_slice_risk;n_slices_total;n_slices_valid;n_units;min_samples_per_slice;n_total_balance_levels;n_used_balance_levels;missing_gz_count;missing_gz_fraction;ci_low;ci_high;bootstrap_n;bootstrap_method;tail_slices;task_type;input_mode;adaptation_protocol;training_budget;split_protocol;selective_coverage;retained_coverage;abstention_rate;warnings;analysis_type;bwer_type;coverage_target,sample_id;independent_unit_id;risk;split_role;model_signature;dataset_signature;protocol_hash;metric_version,missing,unavailable,missing_balance_axis_or_risk,missing_confidence_or_risk,missing_prediction_set_outputs,missing_cluster_or_spatial_block,not_an_audit_source,5bda6974bb099a07027be94e584e770ef5bfe3dd17eb875b1f421a6ea51c6747
outputs\test_alphaearth_full_audit_ab43261ff0684dd7b4a86382de2feb86\audit\alphaearth_full_selective_risk_summary.csv,selective_or_predictions,selector;coverage_target;retained_coverage;mean_risk;n_retained,dataset;model;task;split;sample_id;independent_unit_id;risk;split_role;model_signature;dataset_signature;protocol_hash;metric_version,missing,unavailable,missing_balance_axis_or_risk,missing_confidence_or_risk,missing_prediction_set_outputs,missing_cluster_or_spatial_block,not_an_audit_source,5bda6974bb099a07027be94e584e770ef5bfe3dd17eb875b1f421a6ea51c6747
outputs\test_alphaearth_full_audit_bd7be73cd27f4325a905991350d90071\audit\alphaearth_conformal_slice_gap_diagnostic.csv,conformal,coverage_target;slice_variable;slice_value;support_count;slice_coverage;coverage_gap;average_set_size;coverage_gap_recomputed;undercovered;interpretation,dataset;model;task;split;sample_id;independent_unit_id;risk;split_role;model_signature;dataset_signature;protocol_hash;metric_version,missing,unavailable,missing_balance_axis_or_risk,missing_confidence_or_risk,missing_prediction_set_outputs,missing_cluster_or_spatial_block,not_an_audit_source,5bda6974bb099a07027be94e584e770ef5bfe3dd17eb875b1f421a6ea51c6747
outputs\test_alphaearth_full_audit_bd7be73cd27f4325a905991350d90071\audit\alphaearth_full_conformal_bwer.csv,conformal,dataset;model;task;split;slice_variable;balance_variable;score_name;risk_name;tail_fraction;weighting;missing_balance_policy;bwer;tail_risk;mean_risk;max_bwer;best_slice;best_slice_risk;worst_slice;worst_slice_risk;n_slices_total;n_slices_valid;n_units;min_samples_per_slice;n_total_balance_levels;n_used_balance_levels;missing_gz_count;missing_gz_fraction;ci_low;ci_high;bootstrap_n;bootstrap_method;tail_slices;task_type;input_mode;adaptation_protocol;training_budget;split_protocol;selective_coverage;retained_coverage;abstention_rate;warnings;analysis_type;bwer_type;coverage_target,sample_id;independent_unit_id;risk;split_role;model_signature;dataset_signature;protocol_hash;metric_version,missing,unavailable,missing_balance_axis_or_risk,missing_confidence_or_risk,missing_prediction_set_outputs,missing_cluster_or_spatial_block,not_an_audit_source,5bda6974bb099a07027be94e584e770ef5bfe3dd17eb875b1f421a6ea51c6747
outputs\test_alphaearth_full_audit_bd7be73cd27f4325a905991350d90071\audit\alphaearth_full_conformal_coverage_summary.csv,conformal,method;coverage_target;alpha;qhat;marginal_coverage;average_set_size;n_calibration;n_test,dataset;model;task;split;sample_id;independent_unit_id;risk;split_role;model_signature;dataset_signature;protocol_hash;metric_version,missing,unavailable,missing_balance_axis_or_risk,missing_confidence_or_risk,missing_prediction_set_outputs,missing_cluster_or_spatial_block,not_an_audit_source,5bda6974bb099a07027be94e584e770ef5bfe3dd17eb875b1f421a6ea51c6747
outputs\test_alphaearth_full_audit_bd7be73cd27f4325a905991350d90071\audit\alphaearth_full_conformal_set_size_summary.csv,conformal,coverage_target;average_set_size;qhat,dataset;model;task;split;sample_id;independent_unit_id;risk;split_role;model_signature;dataset_signature;protocol_hash;metric_version,missing,unavailable,missing_balance_axis_or_risk,missing_confidence_or_risk,missing_prediction_set_outputs,missing_cluster_or_spatial_block,not_an_audit_source,5bda6974bb099a07027be94e584e770ef5bfe3dd17eb875b1f421a6ea51c6747
outputs\test_alphaearth_full_audit_bd7be73cd27f4325a905991350d90071\audit\alphaearth_full_conformal_slice_coverage.csv,conformal,coverage_target;slice_variable;slice_value;support_count;slice_coverage;coverage_gap;average_set_size,dataset;model;task;split;sample_id;independent_unit_id;risk;split_role;model_signature;dataset_signature;protocol_hash;metric_version,missing,unavailable,missing_balance_axis_or_risk,missing_confidence_or_risk,missing_prediction_set_outputs,missing_cluster_or_spatial_block,not_an_audit_source,5bda6974bb099a07027be94e584e770ef5bfe3dd17eb875b1f421a6ea51c6747
outputs\test_alphaearth_full_audit_bd7be73cd27f4325a905991350d90071\audit\alphaearth_full_predictions.csv,selective_or_predictions,sample_id;lon;lat;year;country_iso3;region;income_group;biome_or_ecoregion;urban_rural_or_built_proxy;spatial_block_id;split;worldcover_label;worldcover_class_name;dynamic_world_label;dynamic_world_confidence;A00;A01;A02;A03;A04;A05;A06;A07;A08;A09;A10;A11;A12;A13;A14;A15;A16;A17;A18;A19;A20;A21;A22;A23;A24;A25;A26;A27;A28;A29;A30;A31;A32;A33;A34;A35;A36;A37;A38;A39;A40;A41;A42;A43;A44;A45;A46;A47;A48;A49;A50;A51;A52;A53;A54;A55;A56;A57;A58;A59;A60;A61;A62;A63;country_class;region_class;original_export_split;split_assignment;dataset;task;model;split_protocol;label;class_label;prediction;predicted_class_name;correct;risk;confidence;p_true;prob_10;prob_40;prob_50,independent_unit_id;split_role;model_signature;dataset_signature;protocol_hash;metric_version,missing,recomputable,missing_balance_axis_or_risk,recomputable,missing_prediction_set_outputs,cluster_ready,upgrade_schema_or_reexport,5bda6974bb099a07027be94e584e770ef5bfe3dd17eb875b1f421a6ea51c6747
outputs\test_alphaearth_full_audit_bd7be73cd27f4325a905991350d90071\audit\alphaearth_full_selective_bwer.csv,selective_or_predictions,dataset;model;task;split;slice_variable;balance_variable;score_name;risk_name;tail_fraction;weighting;missing_balance_policy;bwer;tail_risk;mean_risk;max_bwer;best_slice;best_slice_risk;worst_slice;worst_slice_risk;n_slices_total;n_slices_valid;n_units;min_samples_per_slice;n_total_balance_levels;n_used_balance_levels;missing_gz_count;missing_gz_fraction;ci_low;ci_high;bootstrap_n;bootstrap_method;tail_slices;task_type;input_mode;adaptation_protocol;training_budget;split_protocol;selective_coverage;retained_coverage;abstention_rate;warnings;analysis_type;bwer_type;coverage_target,sample_id;independent_unit_id;risk;split_role;model_signature;dataset_signature;protocol_hash;metric_version,missing,unavailable,missing_balance_axis_or_risk,missing_confidence_or_risk,missing_prediction_set_outputs,missing_cluster_or_spatial_block,not_an_audit_source,5bda6974bb099a07027be94e584e770ef5bfe3dd17eb875b1f421a6ea51c6747
outputs\test_alphaearth_full_audit_bd7be73cd27f4325a905991350d90071\audit\alphaearth_full_selective_risk_summary.csv,selective_or_predictions,selector;coverage_target;retained_coverage;mean_risk;n_retained,dataset;model;task;split;sample_id;independent_unit_id;risk;split_role;model_signature;dataset_signature;protocol_hash;metric_version,missing,unavailable,missing_balance_axis_or_risk,missing_confidence_or_risk,missing_prediction_set_outputs,missing_cluster_or_spatial_block,not_an_audit_source,5bda6974bb099a07027be94e584e770ef5bfe3dd17eb875b1f421a6ea51c6747
outputs\test_alphaearth_full_audit_c4cbc617f5624f2780d90e3bc6af2a19\audit\alphaearth_full_conformal_bwer.csv,conformal,dataset;model;task;split;slice_variable;balance_variable;score_name;risk_name;tail_fraction;weighting;missing_balance_policy;bwer;tail_risk;mean_risk;max_bwer;best_slice;best_slice_risk;worst_slice;worst_slice_risk;n_slices_total;n_slices_valid;n_units;min_samples_per_slice;n_total_balance_levels;n_used_balance_levels;missing_gz_count;missing_gz_fraction;ci_low;ci_high;bootstrap_n;bootstrap_method;tail_slices;task_type;input_mode;adaptation_protocol;training_budget;split_protocol;selective_coverage;retained_coverage;abstention_rate;warnings;analysis_type;bwer_type;coverage_target,sample_id;independent_unit_id;risk;split_role;model_signature;dataset_signature;protocol_hash;metric_version,missing,unavailable,missing_balance_axis_or_risk,missing_confidence_or_risk,missing_prediction_set_outputs,missing_cluster_or_spatial_block,not_an_audit_source,5bda6974bb099a07027be94e584e770ef5bfe3dd17eb875b1f421a6ea51c6747
outputs\test_alphaearth_full_audit_c4cbc617f5624f2780d90e3bc6af2a19\audit\alphaearth_full_conformal_coverage_summary.csv,conformal,method;coverage_target;alpha;qhat;marginal_coverage;average_set_size;n_calibration;n_test,dataset;model;task;split;sample_id;independent_unit_id;risk;split_role;model_signature;dataset_signature;protocol_hash;metric_version,missing,unavailable,missing_balance_axis_or_risk,missing_confidence_or_risk,missing_prediction_set_outputs,missing_cluster_or_spatial_block,not_an_audit_source,5bda6974bb099a07027be94e584e770ef5bfe3dd17eb875b1f421a6ea51c6747
outputs\test_alphaearth_full_audit_c4cbc617f5624f2780d90e3bc6af2a19\audit\alphaearth_full_conformal_set_size_summary.csv,conformal,coverage_target;average_set_size;qhat,dataset;model;task;split;sample_id;independent_unit_id;risk;split_role;model_signature;dataset_signature;protocol_hash;metric_version,missing,unavailable,missing_balance_axis_or_risk,missing_confidence_or_risk,missing_prediction_set_outputs,missing_cluster_or_spatial_block,not_an_audit_source,5bda6974bb099a07027be94e584e770ef5bfe3dd17eb875b1f421a6ea51c6747
outputs\test_alphaearth_full_audit_c4cbc617f5624f2780d90e3bc6af2a19\audit\alphaearth_full_conformal_slice_coverage.csv,conformal,coverage_target;slice_variable;slice_value;support_count;slice_coverage;coverage_gap;average_set_size,dataset;model;task;split;sample_id;independent_unit_id;risk;split_role;model_signature;dataset_signature;protocol_hash;metric_version,missing,unavailable,missing_balance_axis_or_risk,missing_confidence_or_risk,missing_prediction_set_outputs,missing_cluster_or_spatial_block,not_an_audit_source,5bda6974bb099a07027be94e584e770ef5bfe3dd17eb875b1f421a6ea51c6747
outputs\test_alphaearth_full_audit_c4cbc617f5624f2780d90e3bc6af2a19\audit\alphaearth_full_predictions.csv,selective_or_predictions,sample_id;lon;lat;year;country_iso3;region;income_group;biome_or_ecoregion;urban_rural_or_built_proxy;spatial_block_id;split;worldcover_label;worldcover_class_name;dynamic_world_label;dynamic_world_confidence;A00;A01;A02;A03;A04;A05;A06;A07;A08;A09;A10;A11;A12;A13;A14;A15;A16;A17;A18;A19;A20;A21;A22;A23;A24;A25;A26;A27;A28;A29;A30;A31;A32;A33;A34;A35;A36;A37;A38;A39;A40;A41;A42;A43;A44;A45;A46;A47;A48;A49;A50;A51;A52;A53;A54;A55;A56;A57;A58;A59;A60;A61;A62;A63;country_class;region_class;original_export_split;split_assignment;dataset;task;model;split_protocol;label;class_label;prediction;predicted_class_name;correct;risk;confidence;p_true;prob_10;prob_40;prob_50,independent_unit_id;split_role;model_signature;dataset_signature;protocol_hash;metric_version,missing,recomputable,missing_balance_axis_or_risk,recomputable,missing_prediction_set_outputs,cluster_ready,upgrade_schema_or_reexport,5bda6974bb099a07027be94e584e770ef5bfe3dd17eb875b1f421a6ea51c6747
outputs\test_alphaearth_full_audit_c4cbc617f5624f2780d90e3bc6af2a19\audit\alphaearth_full_selective_bwer.csv,selective_or_predictions,dataset;model;task;split;slice_variable;balance_variable;score_name;risk_name;tail_fraction;weighting;missing_balance_policy;bwer;tail_risk;mean_risk;max_bwer;best_slice;best_slice_risk;worst_slice;worst_slice_risk;n_slices_total;n_slices_valid;n_units;min_samples_per_slice;n_total_balance_levels;n_used_balance_levels;missing_gz_count;missing_gz_fraction;ci_low;ci_high;bootstrap_n;bootstrap_method;tail_slices;task_type;input_mode;adaptation_protocol;training_budget;split_protocol;selective_coverage;retained_coverage;abstention_rate;warnings;analysis_type;bwer_type;coverage_target,sample_id;independent_unit_id;risk;split_role;model_signature;dataset_signature;protocol_hash;metric_version,missing,unavailable,missing_balance_axis_or_risk,missing_confidence_or_risk,missing_prediction_set_outputs,missing_cluster_or_spatial_block,not_an_audit_source,5bda6974bb099a07027be94e584e770ef5bfe3dd17eb875b1f421a6ea51c6747
outputs\test_alphaearth_full_audit_c4cbc617f5624f2780d90e3bc6af2a19\audit\alphaearth_full_selective_risk_summary.csv,selective_or_predictions,selector;coverage_target;retained_coverage;mean_risk;n_retained,dataset;model;task;split;sample_id;independent_unit_id;risk;split_role;model_signature;dataset_signature;protocol_hash;metric_version,missing,unavailable,missing_balance_axis_or_risk,missing_confidence_or_risk,missing_prediction_set_outputs,missing_cluster_or_spatial_block,not_an_audit_source,5bda6974bb099a07027be94e584e770ef5bfe3dd17eb875b1f421a6ea51c6747
outputs\test_alphaearth_full_audit_e41f90dcccff47eda44ac60bd5db3b45\audit\alphaearth_conformal_slice_gap_diagnostic.csv,conformal,coverage_target;slice_variable;slice_value;support_count;slice_coverage;coverage_gap;average_set_size;coverage_gap_recomputed;undercovered;interpretation,dataset;model;task;split;sample_id;independent_unit_id;risk;split_role;model_signature;dataset_signature;protocol_hash;metric_version,missing,unavailable,missing_balance_axis_or_risk,missing_confidence_or_risk,missing_prediction_set_outputs,missing_cluster_or_spatial_block,not_an_audit_source,5bda6974bb099a07027be94e584e770ef5bfe3dd17eb875b1f421a6ea51c6747
outputs\test_alphaearth_full_audit_e41f90dcccff47eda44ac60bd5db3b45\audit\alphaearth_full_conformal_bwer.csv,conformal,dataset;model;task;split;slice_variable;balance_variable;score_name;risk_name;tail_fraction;weighting;missing_balance_policy;bwer;tail_risk;mean_risk;max_bwer;best_slice;best_slice_risk;worst_slice;worst_slice_risk;n_slices_total;n_slices_valid;n_units;min_samples_per_slice;n_total_balance_levels;n_used_balance_levels;missing_gz_count;missing_gz_fraction;ci_low;ci_high;bootstrap_n;bootstrap_method;tail_slices;task_type;input_mode;adaptation_protocol;training_budget;split_protocol;selective_coverage;retained_coverage;abstention_rate;warnings;analysis_type;bwer_type;coverage_target,sample_id;independent_unit_id;risk;split_role;model_signature;dataset_signature;protocol_hash;metric_version,missing,unavailable,missing_balance_axis_or_risk,missing_confidence_or_risk,missing_prediction_set_outputs,missing_cluster_or_spatial_block,not_an_audit_source,5bda6974bb099a07027be94e584e770ef5bfe3dd17eb875b1f421a6ea51c6747
outputs\test_alphaearth_full_audit_e41f90dcccff47eda44ac60bd5db3b45\audit\alphaearth_full_conformal_coverage_summary.csv,conformal,method;coverage_target;alpha;qhat;marginal_coverage;average_set_size;n_calibration;n_test,dataset;model;task;split;sample_id;independent_unit_id;risk;split_role;model_signature;dataset_signature;protocol_hash;metric_version,missing,unavailable,missing_balance_axis_or_risk,missing_confidence_or_risk,missing_prediction_set_outputs,missing_cluster_or_spatial_block,not_an_audit_source,5bda6974bb099a07027be94e584e770ef5bfe3dd17eb875b1f421a6ea51c6747
outputs\test_alphaearth_full_audit_e41f90dcccff47eda44ac60bd5db3b45\audit\alphaearth_full_conformal_set_size_summary.csv,conformal,coverage_target;average_set_size;qhat,dataset;model;task;split;sample_id;independent_unit_id;risk;split_role;model_signature;dataset_signature;protocol_hash;metric_version,missing,unavailable,missing_balance_axis_or_risk,missing_confidence_or_risk,missing_prediction_set_outputs,missing_cluster_or_spatial_block,not_an_audit_source,5bda6974bb099a07027be94e584e770ef5bfe3dd17eb875b1f421a6ea51c6747
outputs\test_alphaearth_full_audit_e41f90dcccff47eda44ac60bd5db3b45\audit\alphaearth_full_conformal_slice_coverage.csv,conformal,coverage_target;slice_variable;slice_value;support_count;slice_coverage;coverage_gap;average_set_size,dataset;model;task;split;sample_id;independent_unit_id;risk;split_role;model_signature;dataset_signature;protocol_hash;metric_version,missing,unavailable,missing_balance_axis_or_risk,missing_confidence_or_risk,missing_prediction_set_outputs,missing_cluster_or_spatial_block,not_an_audit_source,5bda6974bb099a07027be94e584e770ef5bfe3dd17eb875b1f421a6ea51c6747
outputs\test_alphaearth_full_audit_e41f90dcccff47eda44ac60bd5db3b45\audit\alphaearth_full_predictions.csv,selective_or_predictions,sample_id;lon;lat;year;country_iso3;region;income_group;biome_or_ecoregion;urban_rural_or_built_proxy;spatial_block_id;split;worldcover_label;worldcover_class_name;dynamic_world_label;dynamic_world_confidence;A00;A01;A02;A03;A04;A05;A06;A07;A08;A09;A10;A11;A12;A13;A14;A15;A16;A17;A18;A19;A20;A21;A22;A23;A24;A25;A26;A27;A28;A29;A30;A31;A32;A33;A34;A35;A36;A37;A38;A39;A40;A41;A42;A43;A44;A45;A46;A47;A48;A49;A50;A51;A52;A53;A54;A55;A56;A57;A58;A59;A60;A61;A62;A63;country_class;region_class;original_export_split;split_assignment;dataset;task;model;split_protocol;label;class_label;prediction;predicted_class_name;correct;risk;confidence;p_true;prob_10;prob_40;prob_50,independent_unit_id;split_role;model_signature;dataset_signature;protocol_hash;metric_version,missing,recomputable,missing_balance_axis_or_risk,recomputable,missing_prediction_set_outputs,cluster_ready,upgrade_schema_or_reexport,5bda6974bb099a07027be94e584e770ef5bfe3dd17eb875b1f421a6ea51c6747
outputs\test_alphaearth_full_audit_e41f90dcccff47eda44ac60bd5db3b45\audit\alphaearth_full_selective_bwer.csv,selective_or_predictions,dataset;model;task;split;slice_variable;balance_variable;score_name;risk_name;tail_fraction;weighting;missing_balance_policy;bwer;tail_risk;mean_risk;max_bwer;best_slice;best_slice_risk;worst_slice;worst_slice_risk;n_slices_total;n_slices_valid;n_units;min_samples_per_slice;n_total_balance_levels;n_used_balance_levels;missing_gz_count;missing_gz_fraction;ci_low;ci_high;bootstrap_n;bootstrap_method;tail_slices;task_type;input_mode;adaptation_protocol;training_budget;split_protocol;selective_coverage;retained_coverage;abstention_rate;warnings;analysis_type;bwer_type;coverage_target,sample_id;independent_unit_id;risk;split_role;model_signature;dataset_signature;protocol_hash;metric_version,missing,unavailable,missing_balance_axis_or_risk,missing_confidence_or_risk,missing_prediction_set_outputs,missing_cluster_or_spatial_block,not_an_audit_source,5bda6974bb099a07027be94e584e770ef5bfe3dd17eb875b1f421a6ea51c6747
outputs\test_alphaearth_full_audit_e41f90dcccff47eda44ac60bd5db3b45\audit\alphaearth_full_selective_risk_summary.csv,selective_or_predictions,selector;coverage_target;retained_coverage;mean_risk;n_retained,dataset;model;task;split;sample_id;independent_unit_id;risk;split_role;model_signature;dataset_signature;protocol_hash;metric_version,missing,unavailable,missing_balance_axis_or_risk,missing_confidence_or_risk,missing_prediction_set_outputs,missing_cluster_or_spatial_block,not_an_audit_source,5bda6974bb099a07027be94e584e770ef5bfe3dd17eb875b1f421a6ea51c6747
outputs\test_alphaearth_full_outputs_444746e17728452fb290fdd00413918b\audit\alphaearth_full_conformal_bwer.csv,conformal,dataset;model;task;split;slice_variable;balance_variable;score_name;risk_name;tail_fraction;weighting;missing_balance_policy;bwer;tail_risk;mean_risk;max_bwer;best_slice;best_slice_risk;worst_slice;worst_slice_risk;n_slices_total;n_slices_valid;n_units;min_samples_per_slice;n_total_balance_levels;n_used_balance_levels;missing_gz_count;missing_gz_fraction;ci_low;ci_high;bootstrap_n;bootstrap_method;tail_slices;task_type;input_mode;adaptation_protocol;training_budget;split_protocol;selective_coverage;retained_coverage;abstention_rate;warnings;analysis_type;bwer_type;coverage_target,sample_id;independent_unit_id;risk;split_role;model_signature;dataset_signature;protocol_hash;metric_version,missing,unavailable,missing_balance_axis_or_risk,missing_confidence_or_risk,missing_prediction_set_outputs,missing_cluster_or_spatial_block,not_an_audit_source,5bda6974bb099a07027be94e584e770ef5bfe3dd17eb875b1f421a6ea51c6747
outputs\test_alphaearth_full_outputs_444746e17728452fb290fdd00413918b\audit\alphaearth_full_conformal_coverage_summary.csv,conformal,method;coverage_target;alpha;qhat;marginal_coverage;average_set_size;n_calibration;n_test,dataset;model;task;split;sample_id;independent_unit_id;risk;split_role;model_signature;dataset_signature;protocol_hash;metric_version,missing,unavailable,missing_balance_axis_or_risk,missing_confidence_or_risk,missing_prediction_set_outputs,missing_cluster_or_spatial_block,not_an_audit_source,5bda6974bb099a07027be94e584e770ef5bfe3dd17eb875b1f421a6ea51c6747
outputs\test_alphaearth_full_outputs_444746e17728452fb290fdd00413918b\audit\alphaearth_full_conformal_set_size_summary.csv,conformal,coverage_target;average_set_size;qhat,dataset;model;task;split;sample_id;independent_unit_id;risk;split_role;model_signature;dataset_signature;protocol_hash;metric_version,missing,unavailable,missing_balance_axis_or_risk,missing_confidence_or_risk,missing_prediction_set_outputs,missing_cluster_or_spatial_block,not_an_audit_source,5bda6974bb099a07027be94e584e770ef5bfe3dd17eb875b1f421a6ea51c6747
outputs\test_alphaearth_full_outputs_444746e17728452fb290fdd00413918b\audit\alphaearth_full_conformal_slice_coverage.csv,conformal,coverage_target;slice_variable;slice_value;support_count;slice_coverage;coverage_gap;average_set_size,dataset;model;task;split;sample_id;independent_unit_id;risk;split_role;model_signature;dataset_signature;protocol_hash;metric_version,missing,unavailable,missing_balance_axis_or_risk,missing_confidence_or_risk,missing_prediction_set_outputs,missing_cluster_or_spatial_block,not_an_audit_source,5bda6974bb099a07027be94e584e770ef5bfe3dd17eb875b1f421a6ea51c6747
outputs\test_alphaearth_full_outputs_444746e17728452fb290fdd00413918b\audit\alphaearth_full_predictions.csv,selective_or_predictions,sample_id;lon;lat;year;country_iso3;region;income_group;biome_or_ecoregion;urban_rural_or_built_proxy;spatial_block_id;split;worldcover_label;worldcover_class_name;dynamic_world_label;dynamic_world_confidence;A00;A01;A02;A03;A04;A05;A06;A07;A08;A09;A10;A11;A12;A13;A14;A15;A16;A17;A18;A19;A20;A21;A22;A23;A24;A25;A26;A27;A28;A29;A30;A31;A32;A33;A34;A35;A36;A37;A38;A39;A40;A41;A42;A43;A44;A45;A46;A47;A48;A49;A50;A51;A52;A53;A54;A55;A56;A57;A58;A59;A60;A61;A62;A63;country_class;region_class;dataset;task;model;split_protocol;label;class_label;prediction;predicted_class_name;correct;risk;confidence;p_true;prob_10;prob_40;prob_50,independent_unit_id;split_role;model_signature;dataset_signature;protocol_hash;metric_version,missing,recomputable,missing_balance_axis_or_risk,recomputable,missing_prediction_set_outputs,cluster_ready,upgrade_schema_or_reexport,5bda6974bb099a07027be94e584e770ef5bfe3dd17eb875b1f421a6ea51c6747
outputs\test_alphaearth_full_outputs_444746e17728452fb290fdd00413918b\audit\alphaearth_full_selective_bwer.csv,selective_or_predictions,dataset;model;task;split;slice_variable;balance_variable;score_name;risk_name;tail_fraction;weighting;missing_balance_policy;bwer;tail_risk;mean_risk;max_bwer;best_slice;best_slice_risk;worst_slice;worst_slice_risk;n_slices_total;n_slices_valid;n_units;min_samples_per_slice;n_total_balance_levels;n_used_balance_levels;missing_gz_count;missing_gz_fraction;ci_low;ci_high;bootstrap_n;bootstrap_method;tail_slices;task_type;input_mode;adaptation_protocol;training_budget;split_protocol;selective_coverage;retained_coverage;abstention_rate;warnings;analysis_type;bwer_type;coverage_target,sample_id;independent_unit_id;risk;split_role;model_signature;dataset_signature;protocol_hash;metric_version,missing,unavailable,missing_balance_axis_or_risk,missing_confidence_or_risk,missing_prediction_set_outputs,missing_cluster_or_spatial_block,not_an_audit_source,5bda6974bb099a07027be94e584e770ef5bfe3dd17eb875b1f421a6ea51c6747
outputs\test_alphaearth_full_outputs_444746e17728452fb290fdd00413918b\audit\alphaearth_full_selective_risk_summary.csv,selective_or_predictions,selector;coverage_target;retained_coverage;mean_risk;n_retained,dataset;model;task;split;sample_id;independent_unit_id;risk;split_role;model_signature;dataset_signature;protocol_hash;metric_version,missing,unavailable,missing_balance_axis_or_risk,missing_confidence_or_risk,missing_prediction_set_outputs,missing_cluster_or_spatial_block,not_an_audit_source,5bda6974bb099a07027be94e584e770ef5bfe3dd17eb875b1f421a6ea51c6747
outputs\test_alphaearth_full_outputs_534f686dcae2469cab3c23bbb827b2dd\audit\alphaearth_conformal_slice_gap_diagnostic.csv,conformal,coverage_target;slice_variable;slice_value;support_count;slice_coverage;coverage_gap;average_set_size;coverage_gap_recomputed;undercovered;interpretation,dataset;model;task;split;sample_id;independent_unit_id;risk;split_role;model_signature;dataset_signature;protocol_hash;metric_version,missing,unavailable,missing_balance_axis_or_risk,missing_confidence_or_risk,missing_prediction_set_outputs,missing_cluster_or_spatial_block,not_an_audit_source,5bda6974bb099a07027be94e584e770ef5bfe3dd17eb875b1f421a6ea51c6747
outputs\test_alphaearth_full_outputs_534f686dcae2469cab3c23bbb827b2dd\audit\alphaearth_full_all_split_predictions.csv,selective_or_predictions,sample_id;lon;lat;year;country_iso3;region;income_group;biome_or_ecoregion;urban_rural_or_built_proxy;spatial_block_id;split;worldcover_label;worldcover_class_name;dynamic_world_label;dynamic_world_confidence;A00;A01;A02;A03;A04;A05;A06;A07;A08;A09;A10;A11;A12;A13;A14;A15;A16;A17;A18;A19;A20;A21;A22;A23;A24;A25;A26;A27;A28;A29;A30;A31;A32;A33;A34;A35;A36;A37;A38;A39;A40;A41;A42;A43;A44;A45;A46;A47;A48;A49;A50;A51;A52;A53;A54;A55;A56;A57;A58;A59;A60;A61;A62;A63;country_class;region_class;original_export_split;split_assignment;dataset;task;model;split_protocol;label;class_label;prediction;predicted_class_name;correct;risk;confidence;max_probability;p_true;prob_10;prob_40;prob_50,independent_unit_id;split_role;model_signature;dataset_signature;protocol_hash;metric_version,missing,recomputable,missing_balance_axis_or_risk,recomputable,missing_prediction_set_outputs,cluster_ready,upgrade_schema_or_reexport,5bda6974bb099a07027be94e584e770ef5bfe3dd17eb875b1f421a6ea51c6747
outputs\test_alphaearth_full_outputs_534f686dcae2469cab3c23bbb827b2dd\audit\alphaearth_full_conformal_bwer.csv,conformal,dataset;model;task;split;slice_variable;balance_variable;score_name;risk_name;tail_fraction;weighting;missing_balance_policy;bwer;tail_risk;mean_risk;max_bwer;best_slice;best_slice_risk;worst_slice;worst_slice_risk;n_slices_total;n_slices_valid;n_units;min_samples_per_slice;n_total_balance_levels;n_used_balance_levels;missing_gz_count;missing_gz_fraction;ci_low;ci_high;bootstrap_n;bootstrap_method;tail_slices;task_type;input_mode;adaptation_protocol;training_budget;split_protocol;selective_coverage;retained_coverage;abstention_rate;warnings;analysis_type;bwer_type;coverage_target,sample_id;independent_unit_id;risk;split_role;model_signature;dataset_signature;protocol_hash;metric_version,missing,unavailable,missing_balance_axis_or_risk,missing_confidence_or_risk,missing_prediction_set_outputs,missing_cluster_or_spatial_block,not_an_audit_source,5bda6974bb099a07027be94e584e770ef5bfe3dd17eb875b1f421a6ea51c6747
outputs\test_alphaearth_full_outputs_534f686dcae2469cab3c23bbb827b2dd\audit\alphaearth_full_conformal_coverage_summary.csv,conformal,method;coverage_target;alpha;qhat;marginal_coverage;average_set_size;n_calibration;n_test,dataset;model;task;split;sample_id;independent_unit_id;risk;split_role;model_signature;dataset_signature;protocol_hash;metric_version,missing,unavailable,missing_balance_axis_or_risk,missing_confidence_or_risk,missing_prediction_set_outputs,missing_cluster_or_spatial_block,not_an_audit_source,5bda6974bb099a07027be94e584e770ef5bfe3dd17eb875b1f421a6ea51c6747
outputs\test_alphaearth_full_outputs_534f686dcae2469cab3c23bbb827b2dd\audit\alphaearth_full_conformal_set_size_summary.csv,conformal,coverage_target;average_set_size;qhat,dataset;model;task;split;sample_id;independent_unit_id;risk;split_role;model_signature;dataset_signature;protocol_hash;metric_version,missing,unavailable,missing_balance_axis_or_risk,missing_confidence_or_risk,missing_prediction_set_outputs,missing_cluster_or_spatial_block,not_an_audit_source,5bda6974bb099a07027be94e584e770ef5bfe3dd17eb875b1f421a6ea51c6747
outputs\test_alphaearth_full_outputs_534f686dcae2469cab3c23bbb827b2dd\audit\alphaearth_full_conformal_slice_coverage.csv,conformal,coverage_target;slice_variable;slice_value;support_count;slice_coverage;coverage_gap;average_set_size,dataset;model;task;split;sample_id;independent_unit_id;risk;split_role;model_signature;dataset_signature;protocol_hash;metric_version,missing,unavailable,missing_balance_axis_or_risk,missing_confidence_or_risk,missing_prediction_set_outputs,missing_cluster_or_spatial_block,not_an_audit_source,5bda6974bb099a07027be94e584e770ef5bfe3dd17eb875b1f421a6ea51c6747
outputs\test_alphaearth_full_outputs_534f686dcae2469cab3c23bbb827b2dd\audit\alphaearth_full_eval_predictions.csv,selective_or_predictions,sample_id;lon;lat;year;country_iso3;region;income_group;biome_or_ecoregion;urban_rural_or_built_proxy;spatial_block_id;split;worldcover_label;worldcover_class_name;dynamic_world_label;dynamic_world_confidence;A00;A01;A02;A03;A04;A05;A06;A07;A08;A09;A10;A11;A12;A13;A14;A15;A16;A17;A18;A19;A20;A21;A22;A23;A24;A25;A26;A27;A28;A29;A30;A31;A32;A33;A34;A35;A36;A37;A38;A39;A40;A41;A42;A43;A44;A45;A46;A47;A48;A49;A50;A51;A52;A53;A54;A55;A56;A57;A58;A59;A60;A61;A62;A63;country_class;region_class;original_export_split;split_assignment;dataset;task;model;split_protocol;label;class_label;prediction;predicted_class_name;correct;risk;confidence;max_probability;p_true;prob_10;prob_40;prob_50,independent_unit_id;split_role;model_signature;dataset_signature;protocol_hash;metric_version,missing,recomputable,missing_balance_axis_or_risk,recomputable,missing_prediction_set_outputs,cluster_ready,upgrade_schema_or_reexport,5bda6974bb099a07027be94e584e770ef5bfe3dd17eb875b1f421a6ea51c6747
outputs\test_alphaearth_full_outputs_534f686dcae2469cab3c23bbb827b2dd\audit\alphaearth_full_predictions.csv,selective_or_predictions,sample_id;lon;lat;year;country_iso3;region;income_group;biome_or_ecoregion;urban_rural_or_built_proxy;spatial_block_id;split;worldcover_label;worldcover_class_name;dynamic_world_label;dynamic_world_confidence;A00;A01;A02;A03;A04;A05;A06;A07;A08;A09;A10;A11;A12;A13;A14;A15;A16;A17;A18;A19;A20;A21;A22;A23;A24;A25;A26;A27;A28;A29;A30;A31;A32;A33;A34;A35;A36;A37;A38;A39;A40;A41;A42;A43;A44;A45;A46;A47;A48;A49;A50;A51;A52;A53;A54;A55;A56;A57;A58;A59;A60;A61;A62;A63;country_class;region_class;original_export_split;split_assignment;dataset;task;model;split_protocol;label;class_label;prediction;predicted_class_name;correct;risk;confidence;max_probability;p_true;prob_10;prob_40;prob_50,independent_unit_id;split_role;model_signature;dataset_signature;protocol_hash;metric_version,missing,recomputable,missing_balance_axis_or_risk,recomputable,missing_prediction_set_outputs,cluster_ready,upgrade_schema_or_reexport,5bda6974bb099a07027be94e584e770ef5bfe3dd17eb875b1f421a6ea51c6747
outputs\test_alphaearth_full_outputs_534f686dcae2469cab3c23bbb827b2dd\audit\alphaearth_full_selective_bwer.csv,selective_or_predictions,dataset;model;task;split;slice_variable;balance_variable;score_name;risk_name;tail_fraction;weighting;missing_balance_policy;bwer;tail_risk;mean_risk;max_bwer;best_slice;best_slice_risk;worst_slice;worst_slice_risk;n_slices_total;n_slices_valid;n_units;min_samples_per_slice;n_total_balance_levels;n_used_balance_levels;missing_gz_count;missing_gz_fraction;ci_low;ci_high;bootstrap_n;bootstrap_method;tail_slices;task_type;input_mode;adaptation_protocol;training_budget;split_protocol;selective_coverage;retained_coverage;abstention_rate;warnings;analysis_type;bwer_type;coverage_target,sample_id;independent_unit_id;risk;split_role;model_signature;dataset_signature;protocol_hash;metric_version,missing,unavailable,missing_balance_axis_or_risk,missing_confidence_or_risk,missing_prediction_set_outputs,missing_cluster_or_spatial_block,not_an_audit_source,5bda6974bb099a07027be94e584e770ef5bfe3dd17eb875b1f421a6ea51c6747
outputs\test_alphaearth_full_outputs_534f686dcae2469cab3c23bbb827b2dd\audit\alphaearth_full_selective_risk_summary.csv,selective_or_predictions,selector;coverage_target;retained_coverage;mean_risk;n_retained,dataset;model;task;split;sample_id;independent_unit_id;risk;split_role;model_signature;dataset_signature;protocol_hash;metric_version,missing,unavailable,missing_balance_axis_or_risk,missing_confidence_or_risk,missing_prediction_set_outputs,missing_cluster_or_spatial_block,not_an_audit_source,5bda6974bb099a07027be94e584e770ef5bfe3dd17eb875b1f421a6ea51c6747
outputs\test_alphaearth_full_outputs_56b238279b0942db88593818edf201ff\audit\alphaearth_full_conformal_bwer.csv,conformal,dataset;model;task;split;slice_variable;balance_variable;score_name;risk_name;tail_fraction;weighting;missing_balance_policy;bwer;tail_risk;mean_risk;max_bwer;best_slice;best_slice_risk;worst_slice;worst_slice_risk;n_slices_total;n_slices_valid;n_units;min_samples_per_slice;n_total_balance_levels;n_used_balance_levels;missing_gz_count;missing_gz_fraction;ci_low;ci_high;bootstrap_n;bootstrap_method;tail_slices;task_type;input_mode;adaptation_protocol;training_budget;split_protocol;selective_coverage;retained_coverage;abstention_rate;warnings;analysis_type;bwer_type;coverage_target,sample_id;independent_unit_id;risk;split_role;model_signature;dataset_signature;protocol_hash;metric_version,missing,unavailable,missing_balance_axis_or_risk,missing_confidence_or_risk,missing_prediction_set_outputs,missing_cluster_or_spatial_block,not_an_audit_source,5bda6974bb099a07027be94e584e770ef5bfe3dd17eb875b1f421a6ea51c6747
outputs\test_alphaearth_full_outputs_56b238279b0942db88593818edf201ff\audit\alphaearth_full_conformal_coverage_summary.csv,conformal,method;coverage_target;alpha;qhat;marginal_coverage;average_set_size;n_calibration;n_test,dataset;model;task;split;sample_id;independent_unit_id;risk;split_role;model_signature;dataset_signature;protocol_hash;metric_version,missing,unavailable,missing_balance_axis_or_risk,missing_confidence_or_risk,missing_prediction_set_outputs,missing_cluster_or_spatial_block,not_an_audit_source,5bda6974bb099a07027be94e584e770ef5bfe3dd17eb875b1f421a6ea51c6747
outputs\test_alphaearth_full_outputs_56b238279b0942db88593818edf201ff\audit\alphaearth_full_conformal_set_size_summary.csv,conformal,coverage_target;average_set_size;qhat,dataset;model;task;split;sample_id;independent_unit_id;risk;split_role;model_signature;dataset_signature;protocol_hash;metric_version,missing,unavailable,missing_balance_axis_or_risk,missing_confidence_or_risk,missing_prediction_set_outputs,missing_cluster_or_spatial_block,not_an_audit_source,5bda6974bb099a07027be94e584e770ef5bfe3dd17eb875b1f421a6ea51c6747
outputs\test_alphaearth_full_outputs_56b238279b0942db88593818edf201ff\audit\alphaearth_full_conformal_slice_coverage.csv,conformal,coverage_target;slice_variable;slice_value;support_count;slice_coverage;coverage_gap;average_set_size,dataset;model;task;split;sample_id;independent_unit_id;risk;split_role;model_signature;dataset_signature;protocol_hash;metric_version,missing,unavailable,missing_balance_axis_or_risk,missing_confidence_or_risk,missing_prediction_set_outputs,missing_cluster_or_spatial_block,not_an_audit_source,5bda6974bb099a07027be94e584e770ef5bfe3dd17eb875b1f421a6ea51c6747
outputs\test_alphaearth_full_outputs_56b238279b0942db88593818edf201ff\audit\alphaearth_full_predictions.csv,selective_or_predictions,sample_id;lon;lat;year;country_iso3;region;income_group;biome_or_ecoregion;urban_rural_or_built_proxy;spatial_block_id;split;worldcover_label;worldcover_class_name;dynamic_world_label;dynamic_world_confidence;A00;A01;A02;A03;A04;A05;A06;A07;A08;A09;A10;A11;A12;A13;A14;A15;A16;A17;A18;A19;A20;A21;A22;A23;A24;A25;A26;A27;A28;A29;A30;A31;A32;A33;A34;A35;A36;A37;A38;A39;A40;A41;A42;A43;A44;A45;A46;A47;A48;A49;A50;A51;A52;A53;A54;A55;A56;A57;A58;A59;A60;A61;A62;A63;country_class;region_class;dataset;task;model;split_protocol;label;class_label;prediction;predicted_class_name;correct;risk;confidence;p_true;prob_10;prob_40;prob_50,independent_unit_id;split_role;model_signature;dataset_signature;protocol_hash;metric_version,missing,recomputable,missing_balance_axis_or_risk,recomputable,missing_prediction_set_outputs,cluster_ready,upgrade_schema_or_reexport,5bda6974bb099a07027be94e584e770ef5bfe3dd17eb875b1f421a6ea51c6747
outputs\test_alphaearth_full_outputs_56b238279b0942db88593818edf201ff\audit\alphaearth_full_selective_bwer.csv,selective_or_predictions,dataset;model;task;split;slice_variable;balance_variable;score_name;risk_name;tail_fraction;weighting;missing_balance_policy;bwer;tail_risk;mean_risk;max_bwer;best_slice;best_slice_risk;worst_slice;worst_slice_risk;n_slices_total;n_slices_valid;n_units;min_samples_per_slice;n_total_balance_levels;n_used_balance_levels;missing_gz_count;missing_gz_fraction;ci_low;ci_high;bootstrap_n;bootstrap_method;tail_slices;task_type;input_mode;adaptation_protocol;training_budget;split_protocol;selective_coverage;retained_coverage;abstention_rate;warnings;analysis_type;bwer_type;coverage_target,sample_id;independent_unit_id;risk;split_role;model_signature;dataset_signature;protocol_hash;metric_version,missing,unavailable,missing_balance_axis_or_risk,missing_confidence_or_risk,missing_prediction_set_outputs,missing_cluster_or_spatial_block,not_an_audit_source,5bda6974bb099a07027be94e584e770ef5bfe3dd17eb875b1f421a6ea51c6747
outputs\test_alphaearth_full_outputs_56b238279b0942db88593818edf201ff\audit\alphaearth_full_selective_risk_summary.csv,selective_or_predictions,selector;coverage_target;retained_coverage;mean_risk;n_retained,dataset;model;task;split;sample_id;independent_unit_id;risk;split_role;model_signature;dataset_signature;protocol_hash;metric_version,missing,unavailable,missing_balance_axis_or_risk,missing_confidence_or_risk,missing_prediction_set_outputs,missing_cluster_or_spatial_block,not_an_audit_source,5bda6974bb099a07027be94e584e770ef5bfe3dd17eb875b1f421a6ea51c6747
outputs\test_alphaearth_full_outputs_5cda845485ff4234b58224c6287bc861\audit\alphaearth_conformal_slice_gap_diagnostic.csv,conformal,coverage_target;slice_variable;slice_value;support_count;slice_coverage;coverage_gap;average_set_size;coverage_gap_recomputed;undercovered;interpretation,dataset;model;task;split;sample_id;independent_unit_id;risk;split_role;model_signature;dataset_signature;protocol_hash;metric_version,missing,unavailable,missing_balance_axis_or_risk,missing_confidence_or_risk,missing_prediction_set_outputs,missing_cluster_or_spatial_block,not_an_audit_source,5bda6974bb099a07027be94e584e770ef5bfe3dd17eb875b1f421a6ea51c6747
outputs\test_alphaearth_full_outputs_5cda845485ff4234b58224c6287bc861\audit\alphaearth_full_conformal_bwer.csv,conformal,dataset;model;task;split;slice_variable;balance_variable;score_name;risk_name;tail_fraction;weighting;missing_balance_policy;bwer;tail_risk;mean_risk;max_bwer;best_slice;best_slice_risk;worst_slice;worst_slice_risk;n_slices_total;n_slices_valid;n_units;min_samples_per_slice;n_total_balance_levels;n_used_balance_levels;missing_gz_count;missing_gz_fraction;ci_low;ci_high;bootstrap_n;bootstrap_method;tail_slices;task_type;input_mode;adaptation_protocol;training_budget;split_protocol;selective_coverage;retained_coverage;abstention_rate;warnings;analysis_type;bwer_type;coverage_target,sample_id;independent_unit_id;risk;split_role;model_signature;dataset_signature;protocol_hash;metric_version,missing,unavailable,missing_balance_axis_or_risk,missing_confidence_or_risk,missing_prediction_set_outputs,missing_cluster_or_spatial_block,not_an_audit_source,5bda6974bb099a07027be94e584e770ef5bfe3dd17eb875b1f421a6ea51c6747
outputs\test_alphaearth_full_outputs_5cda845485ff4234b58224c6287bc861\audit\alphaearth_full_conformal_coverage_summary.csv,conformal,method;coverage_target;alpha;qhat;marginal_coverage;average_set_size;n_calibration;n_test,dataset;model;task;split;sample_id;independent_unit_id;risk;split_role;model_signature;dataset_signature;protocol_hash;metric_version,missing,unavailable,missing_balance_axis_or_risk,missing_confidence_or_risk,missing_prediction_set_outputs,missing_cluster_or_spatial_block,not_an_audit_source,5bda6974bb099a07027be94e584e770ef5bfe3dd17eb875b1f421a6ea51c6747
outputs\test_alphaearth_full_outputs_5cda845485ff4234b58224c6287bc861\audit\alphaearth_full_conformal_set_size_summary.csv,conformal,coverage_target;average_set_size;qhat,dataset;model;task;split;sample_id;independent_unit_id;risk;split_role;model_signature;dataset_signature;protocol_hash;metric_version,missing,unavailable,missing_balance_axis_or_risk,missing_confidence_or_risk,missing_prediction_set_outputs,missing_cluster_or_spatial_block,not_an_audit_source,5bda6974bb099a07027be94e584e770ef5bfe3dd17eb875b1f421a6ea51c6747
outputs\test_alphaearth_full_outputs_5cda845485ff4234b58224c6287bc861\audit\alphaearth_full_conformal_slice_coverage.csv,conformal,coverage_target;slice_variable;slice_value;support_count;slice_coverage;coverage_gap;average_set_size,dataset;model;task;split;sample_id;independent_unit_id;risk;split_role;model_signature;dataset_signature;protocol_hash;metric_version,missing,unavailable,missing_balance_axis_or_risk,missing_confidence_or_risk,missing_prediction_set_outputs,missing_cluster_or_spatial_block,not_an_audit_source,5bda6974bb099a07027be94e584e770ef5bfe3dd17eb875b1f421a6ea51c6747
outputs\test_alphaearth_full_outputs_5cda845485ff4234b58224c6287bc861\audit\alphaearth_full_predictions.csv,selective_or_predictions,sample_id;lon;lat;year;country_iso3;region;income_group;biome_or_ecoregion;urban_rural_or_built_proxy;spatial_block_id;split;worldcover_label;worldcover_class_name;dynamic_world_label;dynamic_world_confidence;A00;A01;A02;A03;A04;A05;A06;A07;A08;A09;A10;A11;A12;A13;A14;A15;A16;A17;A18;A19;A20;A21;A22;A23;A24;A25;A26;A27;A28;A29;A30;A31;A32;A33;A34;A35;A36;A37;A38;A39;A40;A41;A42;A43;A44;A45;A46;A47;A48;A49;A50;A51;A52;A53;A54;A55;A56;A57;A58;A59;A60;A61;A62;A63;country_class;region_class;original_export_split;split_assignment;dataset;task;model;split_protocol;label;class_label;prediction;predicted_class_name;correct;risk;confidence;p_true;prob_10;prob_40;prob_50,independent_unit_id;split_role;model_signature;dataset_signature;protocol_hash;metric_version,missing,recomputable,missing_balance_axis_or_risk,recomputable,missing_prediction_set_outputs,cluster_ready,upgrade_schema_or_reexport,5bda6974bb099a07027be94e584e770ef5bfe3dd17eb875b1f421a6ea51c6747
outputs\test_alphaearth_full_outputs_5cda845485ff4234b58224c6287bc861\audit\alphaearth_full_selective_bwer.csv,selective_or_predictions,dataset;model;task;split;slice_variable;balance_variable;score_name;risk_name;tail_fraction;weighting;missing_balance_policy;bwer;tail_risk;mean_risk;max_bwer;best_slice;best_slice_risk;worst_slice;worst_slice_risk;n_slices_total;n_slices_valid;n_units;min_samples_per_slice;n_total_balance_levels;n_used_balance_levels;missing_gz_count;missing_gz_fraction;ci_low;ci_high;bootstrap_n;bootstrap_method;tail_slices;task_type;input_mode;adaptation_protocol;training_budget;split_protocol;selective_coverage;retained_coverage;abstention_rate;warnings;analysis_type;bwer_type;coverage_target,sample_id;independent_unit_id;risk;split_role;model_signature;dataset_signature;protocol_hash;metric_version,missing,unavailable,missing_balance_axis_or_risk,missing_confidence_or_risk,missing_prediction_set_outputs,missing_cluster_or_spatial_block,not_an_audit_source,5bda6974bb099a07027be94e584e770ef5bfe3dd17eb875b1f421a6ea51c6747
outputs\test_alphaearth_full_outputs_5cda845485ff4234b58224c6287bc861\audit\alphaearth_full_selective_risk_summary.csv,selective_or_predictions,selector;coverage_target;retained_coverage;mean_risk;n_retained,dataset;model;task;split;sample_id;independent_unit_id;risk;split_role;model_signature;dataset_signature;protocol_hash;metric_version,missing,unavailable,missing_balance_axis_or_risk,missing_confidence_or_risk,missing_prediction_set_outputs,missing_cluster_or_spatial_block,not_an_audit_source,5bda6974bb099a07027be94e584e770ef5bfe3dd17eb875b1f421a6ea51c6747
outputs\test_alphaearth_full_outputs_5e8f129d8bd545aba61982a67c08dff3\audit\alphaearth_conformal_slice_gap_diagnostic.csv,conformal,coverage_target;slice_variable;slice_value;support_count;slice_coverage;coverage_gap;average_set_size;coverage_gap_recomputed;undercovered;interpretation,dataset;model;task;split;sample_id;independent_unit_id;risk;split_role;model_signature;dataset_signature;protocol_hash;metric_version,missing,unavailable,missing_balance_axis_or_risk,missing_confidence_or_risk,missing_prediction_set_outputs,missing_cluster_or_spatial_block,not_an_audit_source,5bda6974bb099a07027be94e584e770ef5bfe3dd17eb875b1f421a6ea51c6747
outputs\test_alphaearth_full_outputs_5e8f129d8bd545aba61982a67c08dff3\audit\alphaearth_full_conformal_bwer.csv,conformal,dataset;model;task;split;slice_variable;balance_variable;score_name;risk_name;tail_fraction;weighting;missing_balance_policy;bwer;tail_risk;mean_risk;max_bwer;best_slice;best_slice_risk;worst_slice;worst_slice_risk;n_slices_total;n_slices_valid;n_units;min_samples_per_slice;n_total_balance_levels;n_used_balance_levels;missing_gz_count;missing_gz_fraction;ci_low;ci_high;bootstrap_n;bootstrap_method;tail_slices;task_type;input_mode;adaptation_protocol;training_budget;split_protocol;selective_coverage;retained_coverage;abstention_rate;warnings;analysis_type;bwer_type;coverage_target,sample_id;independent_unit_id;risk;split_role;model_signature;dataset_signature;protocol_hash;metric_version,missing,unavailable,missing_balance_axis_or_risk,missing_confidence_or_risk,missing_prediction_set_outputs,missing_cluster_or_spatial_block,not_an_audit_source,5bda6974bb099a07027be94e584e770ef5bfe3dd17eb875b1f421a6ea51c6747
outputs\test_alphaearth_full_outputs_5e8f129d8bd545aba61982a67c08dff3\audit\alphaearth_full_conformal_coverage_summary.csv,conformal,method;coverage_target;alpha;qhat;marginal_coverage;average_set_size;n_calibration;n_test,dataset;model;task;split;sample_id;independent_unit_id;risk;split_role;model_signature;dataset_signature;protocol_hash;metric_version,missing,unavailable,missing_balance_axis_or_risk,missing_confidence_or_risk,missing_prediction_set_outputs,missing_cluster_or_spatial_block,not_an_audit_source,5bda6974bb099a07027be94e584e770ef5bfe3dd17eb875b1f421a6ea51c6747
outputs\test_alphaearth_full_outputs_5e8f129d8bd545aba61982a67c08dff3\audit\alphaearth_full_conformal_set_size_summary.csv,conformal,coverage_target;average_set_size;qhat,dataset;model;task;split;sample_id;independent_unit_id;risk;split_role;model_signature;dataset_signature;protocol_hash;metric_version,missing,unavailable,missing_balance_axis_or_risk,missing_confidence_or_risk,missing_prediction_set_outputs,missing_cluster_or_spatial_block,not_an_audit_source,5bda6974bb099a07027be94e584e770ef5bfe3dd17eb875b1f421a6ea51c6747
outputs\test_alphaearth_full_outputs_5e8f129d8bd545aba61982a67c08dff3\audit\alphaearth_full_conformal_slice_coverage.csv,conformal,coverage_target;slice_variable;slice_value;support_count;slice_coverage;coverage_gap;average_set_size,dataset;model;task;split;sample_id;independent_unit_id;risk;split_role;model_signature;dataset_signature;protocol_hash;metric_version,missing,unavailable,missing_balance_axis_or_risk,missing_confidence_or_risk,missing_prediction_set_outputs,missing_cluster_or_spatial_block,not_an_audit_source,5bda6974bb099a07027be94e584e770ef5bfe3dd17eb875b1f421a6ea51c6747
outputs\test_alphaearth_full_outputs_5e8f129d8bd545aba61982a67c08dff3\audit\alphaearth_full_predictions.csv,selective_or_predictions,sample_id;lon;lat;year;country_iso3;region;income_group;biome_or_ecoregion;urban_rural_or_built_proxy;spatial_block_id;split;worldcover_label;worldcover_class_name;dynamic_world_label;dynamic_world_confidence;A00;A01;A02;A03;A04;A05;A06;A07;A08;A09;A10;A11;A12;A13;A14;A15;A16;A17;A18;A19;A20;A21;A22;A23;A24;A25;A26;A27;A28;A29;A30;A31;A32;A33;A34;A35;A36;A37;A38;A39;A40;A41;A42;A43;A44;A45;A46;A47;A48;A49;A50;A51;A52;A53;A54;A55;A56;A57;A58;A59;A60;A61;A62;A63;country_class;region_class;original_export_split;split_assignment;dataset;task;model;split_protocol;label;class_label;prediction;predicted_class_name;correct;risk;confidence;p_true;prob_10;prob_40;prob_50,independent_unit_id;split_role;model_signature;dataset_signature;protocol_hash;metric_version,missing,recomputable,missing_balance_axis_or_risk,recomputable,missing_prediction_set_outputs,cluster_ready,upgrade_schema_or_reexport,5bda6974bb099a07027be94e584e770ef5bfe3dd17eb875b1f421a6ea51c6747
outputs\test_alphaearth_full_outputs_5e8f129d8bd545aba61982a67c08dff3\audit\alphaearth_full_selective_bwer.csv,selective_or_predictions,dataset;model;task;split;slice_variable;balance_variable;score_name;risk_name;tail_fraction;weighting;missing_balance_policy;bwer;tail_risk;mean_risk;max_bwer;best_slice;best_slice_risk;worst_slice;worst_slice_risk;n_slices_total;n_slices_valid;n_units;min_samples_per_slice;n_total_balance_levels;n_used_balance_levels;missing_gz_count;missing_gz_fraction;ci_low;ci_high;bootstrap_n;bootstrap_method;tail_slices;task_type;input_mode;adaptation_protocol;training_budget;split_protocol;selective_coverage;retained_coverage;abstention_rate;warnings;analysis_type;bwer_type;coverage_target,sample_id;independent_unit_id;risk;split_role;model_signature;dataset_signature;protocol_hash;metric_version,missing,unavailable,missing_balance_axis_or_risk,missing_confidence_or_risk,missing_prediction_set_outputs,missing_cluster_or_spatial_block,not_an_audit_source,5bda6974bb099a07027be94e584e770ef5bfe3dd17eb875b1f421a6ea51c6747
outputs\test_alphaearth_full_outputs_5e8f129d8bd545aba61982a67c08dff3\audit\alphaearth_full_selective_risk_summary.csv,selective_or_predictions,selector;coverage_target;retained_coverage;mean_risk;n_retained,dataset;model;task;split;sample_id;independent_unit_id;risk;split_role;model_signature;dataset_signature;protocol_hash;metric_version,missing,unavailable,missing_balance_axis_or_risk,missing_confidence_or_risk,missing_prediction_set_outputs,missing_cluster_or_spatial_block,not_an_audit_source,5bda6974bb099a07027be94e584e770ef5bfe3dd17eb875b1f421a6ea51c6747
outputs\test_alphaearth_full_outputs_64bedc89c8e64703acd9dca59d63a7d0\audit\alphaearth_conformal_slice_gap_diagnostic.csv,conformal,coverage_target;slice_variable;slice_value;support_count;slice_coverage;coverage_gap;average_set_size;coverage_gap_recomputed;undercovered;interpretation,dataset;model;task;split;sample_id;independent_unit_id;risk;split_role;model_signature;dataset_signature;protocol_hash;metric_version,missing,unavailable,missing_balance_axis_or_risk,missing_confidence_or_risk,missing_prediction_set_outputs,missing_cluster_or_spatial_block,not_an_audit_source,5bda6974bb099a07027be94e584e770ef5bfe3dd17eb875b1f421a6ea51c6747
outputs\test_alphaearth_full_outputs_64bedc89c8e64703acd9dca59d63a7d0\audit\alphaearth_full_all_split_predictions.csv,selective_or_predictions,sample_id;lon;lat;year;country_iso3;region;income_group;biome_or_ecoregion;urban_rural_or_built_proxy;spatial_block_id;split;worldcover_label;worldcover_class_name;dynamic_world_label;dynamic_world_confidence;A00;A01;A02;A03;A04;A05;A06;A07;A08;A09;A10;A11;A12;A13;A14;A15;A16;A17;A18;A19;A20;A21;A22;A23;A24;A25;A26;A27;A28;A29;A30;A31;A32;A33;A34;A35;A36;A37;A38;A39;A40;A41;A42;A43;A44;A45;A46;A47;A48;A49;A50;A51;A52;A53;A54;A55;A56;A57;A58;A59;A60;A61;A62;A63;country_class;region_class;original_export_split;split_assignment;dataset;task;model;split_protocol;label;class_label;prediction;predicted_class_name;correct;risk;confidence;max_probability;p_true;prob_10;prob_40;prob_50,independent_unit_id;split_role;model_signature;dataset_signature;protocol_hash;metric_version,missing,recomputable,missing_balance_axis_or_risk,recomputable,missing_prediction_set_outputs,cluster_ready,upgrade_schema_or_reexport,5bda6974bb099a07027be94e584e770ef5bfe3dd17eb875b1f421a6ea51c6747
outputs\test_alphaearth_full_outputs_64bedc89c8e64703acd9dca59d63a7d0\audit\alphaearth_full_conformal_bwer.csv,conformal,dataset;model;task;split;slice_variable;balance_variable;score_name;risk_name;tail_fraction;weighting;missing_balance_policy;bwer;tail_risk;mean_risk;max_bwer;best_slice;best_slice_risk;worst_slice;worst_slice_risk;n_slices_total;n_slices_valid;n_units;min_samples_per_slice;n_total_balance_levels;n_used_balance_levels;missing_gz_count;missing_gz_fraction;ci_low;ci_high;bootstrap_n;bootstrap_method;tail_slices;task_type;input_mode;adaptation_protocol;training_budget;split_protocol;selective_coverage;retained_coverage;abstention_rate;warnings;analysis_type;bwer_type;coverage_target,sample_id;independent_unit_id;risk;split_role;model_signature;dataset_signature;protocol_hash;metric_version,missing,unavailable,missing_balance_axis_or_risk,missing_confidence_or_risk,missing_prediction_set_outputs,missing_cluster_or_spatial_block,not_an_audit_source,5bda6974bb099a07027be94e584e770ef5bfe3dd17eb875b1f421a6ea51c6747
outputs\test_alphaearth_full_outputs_64bedc89c8e64703acd9dca59d63a7d0\audit\alphaearth_full_conformal_coverage_summary.csv,conformal,method;coverage_target;alpha;qhat;marginal_coverage;average_set_size;n_calibration;n_test,dataset;model;task;split;sample_id;independent_unit_id;risk;split_role;model_signature;dataset_signature;protocol_hash;metric_version,missing,unavailable,missing_balance_axis_or_risk,missing_confidence_or_risk,missing_prediction_set_outputs,missing_cluster_or_spatial_block,not_an_audit_source,5bda6974bb099a07027be94e584e770ef5bfe3dd17eb875b1f421a6ea51c6747
outputs\test_alphaearth_full_outputs_64bedc89c8e64703acd9dca59d63a7d0\audit\alphaearth_full_conformal_set_size_summary.csv,conformal,coverage_target;average_set_size;qhat,dataset;model;task;split;sample_id;independent_unit_id;risk;split_role;model_signature;dataset_signature;protocol_hash;metric_version,missing,unavailable,missing_balance_axis_or_risk,missing_confidence_or_risk,missing_prediction_set_outputs,missing_cluster_or_spatial_block,not_an_audit_source,5bda6974bb099a07027be94e584e770ef5bfe3dd17eb875b1f421a6ea51c6747
outputs\test_alphaearth_full_outputs_64bedc89c8e64703acd9dca59d63a7d0\audit\alphaearth_full_conformal_slice_coverage.csv,conformal,coverage_target;slice_variable;slice_value;support_count;slice_coverage;coverage_gap;average_set_size,dataset;model;task;split;sample_id;independent_unit_id;risk;split_role;model_signature;dataset_signature;protocol_hash;metric_version,missing,unavailable,missing_balance_axis_or_risk,missing_confidence_or_risk,missing_prediction_set_outputs,missing_cluster_or_spatial_block,not_an_audit_source,5bda6974bb099a07027be94e584e770ef5bfe3dd17eb875b1f421a6ea51c6747
outputs\test_alphaearth_full_outputs_64bedc89c8e64703acd9dca59d63a7d0\audit\alphaearth_full_eval_predictions.csv,selective_or_predictions,sample_id;lon;lat;year;country_iso3;region;income_group;biome_or_ecoregion;urban_rural_or_built_proxy;spatial_block_id;split;worldcover_label;worldcover_class_name;dynamic_world_label;dynamic_world_confidence;A00;A01;A02;A03;A04;A05;A06;A07;A08;A09;A10;A11;A12;A13;A14;A15;A16;A17;A18;A19;A20;A21;A22;A23;A24;A25;A26;A27;A28;A29;A30;A31;A32;A33;A34;A35;A36;A37;A38;A39;A40;A41;A42;A43;A44;A45;A46;A47;A48;A49;A50;A51;A52;A53;A54;A55;A56;A57;A58;A59;A60;A61;A62;A63;country_class;region_class;original_export_split;split_assignment;dataset;task;model;split_protocol;label;class_label;prediction;predicted_class_name;correct;risk;confidence;max_probability;p_true;prob_10;prob_40;prob_50,independent_unit_id;split_role;model_signature;dataset_signature;protocol_hash;metric_version,missing,recomputable,missing_balance_axis_or_risk,recomputable,missing_prediction_set_outputs,cluster_ready,upgrade_schema_or_reexport,5bda6974bb099a07027be94e584e770ef5bfe3dd17eb875b1f421a6ea51c6747
outputs\test_alphaearth_full_outputs_64bedc89c8e64703acd9dca59d63a7d0\audit\alphaearth_full_predictions.csv,selective_or_predictions,sample_id;lon;lat;year;country_iso3;region;income_group;biome_or_ecoregion;urban_rural_or_built_proxy;spatial_block_id;split;worldcover_label;worldcover_class_name;dynamic_world_label;dynamic_world_confidence;A00;A01;A02;A03;A04;A05;A06;A07;A08;A09;A10;A11;A12;A13;A14;A15;A16;A17;A18;A19;A20;A21;A22;A23;A24;A25;A26;A27;A28;A29;A30;A31;A32;A33;A34;A35;A36;A37;A38;A39;A40;A41;A42;A43;A44;A45;A46;A47;A48;A49;A50;A51;A52;A53;A54;A55;A56;A57;A58;A59;A60;A61;A62;A63;country_class;region_class;original_export_split;split_assignment;dataset;task;model;split_protocol;label;class_label;prediction;predicted_class_name;correct;risk;confidence;max_probability;p_true;prob_10;prob_40;prob_50,independent_unit_id;split_role;model_signature;dataset_signature;protocol_hash;metric_version,missing,recomputable,missing_balance_axis_or_risk,recomputable,missing_prediction_set_outputs,cluster_ready,upgrade_schema_or_reexport,5bda6974bb099a07027be94e584e770ef5bfe3dd17eb875b1f421a6ea51c6747
outputs\test_alphaearth_full_outputs_64bedc89c8e64703acd9dca59d63a7d0\audit\alphaearth_full_selective_bwer.csv,selective_or_predictions,dataset;model;task;split;slice_variable;balance_variable;score_name;risk_name;tail_fraction;weighting;missing_balance_policy;bwer;tail_risk;mean_risk;max_bwer;best_slice;best_slice_risk;worst_slice;worst_slice_risk;n_slices_total;n_slices_valid;n_units;min_samples_per_slice;n_total_balance_levels;n_used_balance_levels;missing_gz_count;missing_gz_fraction;ci_low;ci_high;bootstrap_n;bootstrap_method;tail_slices;task_type;input_mode;adaptation_protocol;training_budget;split_protocol;selective_coverage;retained_coverage;abstention_rate;warnings;analysis_type;bwer_type;coverage_target,sample_id;independent_unit_id;risk;split_role;model_signature;dataset_signature;protocol_hash;metric_version,missing,unavailable,missing_balance_axis_or_risk,missing_confidence_or_risk,missing_prediction_set_outputs,missing_cluster_or_spatial_block,not_an_audit_source,5bda6974bb099a07027be94e584e770ef5bfe3dd17eb875b1f421a6ea51c6747
outputs\test_alphaearth_full_outputs_64bedc89c8e64703acd9dca59d63a7d0\audit\alphaearth_full_selective_risk_summary.csv,selective_or_predictions,selector;coverage_target;retained_coverage;mean_risk;n_retained,dataset;model;task;split;sample_id;independent_unit_id;risk;split_role;model_signature;dataset_signature;protocol_hash;metric_version,missing,unavailable,missing_balance_axis_or_risk,missing_confidence_or_risk,missing_prediction_set_outputs,missing_cluster_or_spatial_block,not_an_audit_source,5bda6974bb099a07027be94e584e770ef5bfe3dd17eb875b1f421a6ea51c6747
outputs\test_alphaearth_full_outputs_6d7a602e18094b3b81524b10a2e8a322\audit\alphaearth_conformal_slice_gap_diagnostic.csv,conformal,coverage_target;slice_variable;slice_value;support_count;slice_coverage;coverage_gap;average_set_size;coverage_gap_recomputed;undercovered;interpretation,dataset;model;task;split;sample_id;independent_unit_id;risk;split_role;model_signature;dataset_signature;protocol_hash;metric_version,missing,unavailable,missing_balance_axis_or_risk,missing_confidence_or_risk,missing_prediction_set_outputs,missing_cluster_or_spatial_block,not_an_audit_source,5bda6974bb099a07027be94e584e770ef5bfe3dd17eb875b1f421a6ea51c6747
outputs\test_alphaearth_full_outputs_6d7a602e18094b3b81524b10a2e8a322\audit\alphaearth_full_conformal_bwer.csv,conformal,dataset;model;task;split;slice_variable;balance_variable;score_name;risk_name;tail_fraction;weighting;missing_balance_policy;bwer;tail_risk;mean_risk;max_bwer;best_slice;best_slice_risk;worst_slice;worst_slice_risk;n_slices_total;n_slices_valid;n_units;min_samples_per_slice;n_total_balance_levels;n_used_balance_levels;missing_gz_count;missing_gz_fraction;ci_low;ci_high;bootstrap_n;bootstrap_method;tail_slices;task_type;input_mode;adaptation_protocol;training_budget;split_protocol;selective_coverage;retained_coverage;abstention_rate;warnings;analysis_type;bwer_type;coverage_target,sample_id;independent_unit_id;risk;split_role;model_signature;dataset_signature;protocol_hash;metric_version,missing,unavailable,missing_balance_axis_or_risk,missing_confidence_or_risk,missing_prediction_set_outputs,missing_cluster_or_spatial_block,not_an_audit_source,5bda6974bb099a07027be94e584e770ef5bfe3dd17eb875b1f421a6ea51c6747
outputs\test_alphaearth_full_outputs_6d7a602e18094b3b81524b10a2e8a322\audit\alphaearth_full_conformal_coverage_summary.csv,conformal,method;coverage_target;alpha;qhat;marginal_coverage;average_set_size;n_calibration;n_test,dataset;model;task;split;sample_id;independent_unit_id;risk;split_role;model_signature;dataset_signature;protocol_hash;metric_version,missing,unavailable,missing_balance_axis_or_risk,missing_confidence_or_risk,missing_prediction_set_outputs,missing_cluster_or_spatial_block,not_an_audit_source,5bda6974bb099a07027be94e584e770ef5bfe3dd17eb875b1f421a6ea51c6747
outputs\test_alphaearth_full_outputs_6d7a602e18094b3b81524b10a2e8a322\audit\alphaearth_full_conformal_set_size_summary.csv,conformal,coverage_target;average_set_size;qhat,dataset;model;task;split;sample_id;independent_unit_id;risk;split_role;model_signature;dataset_signature;protocol_hash;metric_version,missing,unavailable,missing_balance_axis_or_risk,missing_confidence_or_risk,missing_prediction_set_outputs,missing_cluster_or_spatial_block,not_an_audit_source,5bda6974bb099a07027be94e584e770ef5bfe3dd17eb875b1f421a6ea51c6747
outputs\test_alphaearth_full_outputs_6d7a602e18094b3b81524b10a2e8a322\audit\alphaearth_full_conformal_slice_coverage.csv,conformal,coverage_target;slice_variable;slice_value;support_count;slice_coverage;coverage_gap;average_set_size,dataset;model;task;split;sample_id;independent_unit_id;risk;split_role;model_signature;dataset_signature;protocol_hash;metric_version,missing,unavailable,missing_balance_axis_or_risk,missing_confidence_or_risk,missing_prediction_set_outputs,missing_cluster_or_spatial_block,not_an_audit_source,5bda6974bb099a07027be94e584e770ef5bfe3dd17eb875b1f421a6ea51c6747
outputs\test_alphaearth_full_outputs_6d7a602e18094b3b81524b10a2e8a322\audit\alphaearth_full_predictions.csv,selective_or_predictions,sample_id;lon;lat;year;country_iso3;region;income_group;biome_or_ecoregion;urban_rural_or_built_proxy;spatial_block_id;split;worldcover_label;worldcover_class_name;dynamic_world_label;dynamic_world_confidence;A00;A01;A02;A03;A04;A05;A06;A07;A08;A09;A10;A11;A12;A13;A14;A15;A16;A17;A18;A19;A20;A21;A22;A23;A24;A25;A26;A27;A28;A29;A30;A31;A32;A33;A34;A35;A36;A37;A38;A39;A40;A41;A42;A43;A44;A45;A46;A47;A48;A49;A50;A51;A52;A53;A54;A55;A56;A57;A58;A59;A60;A61;A62;A63;country_class;region_class;original_export_split;split_assignment;dataset;task;model;split_protocol;label;class_label;prediction;predicted_class_name;correct;risk;confidence;p_true;prob_10;prob_40;prob_50,independent_unit_id;split_role;model_signature;dataset_signature;protocol_hash;metric_version,missing,recomputable,missing_balance_axis_or_risk,recomputable,missing_prediction_set_outputs,cluster_ready,upgrade_schema_or_reexport,5bda6974bb099a07027be94e584e770ef5bfe3dd17eb875b1f421a6ea51c6747
outputs\test_alphaearth_full_outputs_6d7a602e18094b3b81524b10a2e8a322\audit\alphaearth_full_selective_bwer.csv,selective_or_predictions,dataset;model;task;split;slice_variable;balance_variable;score_name;risk_name;tail_fraction;weighting;missing_balance_policy;bwer;tail_risk;mean_risk;max_bwer;best_slice;best_slice_risk;worst_slice;worst_slice_risk;n_slices_total;n_slices_valid;n_units;min_samples_per_slice;n_total_balance_levels;n_used_balance_levels;missing_gz_count;missing_gz_fraction;ci_low;ci_high;bootstrap_n;bootstrap_method;tail_slices;task_type;input_mode;adaptation_protocol;training_budget;split_protocol;selective_coverage;retained_coverage;abstention_rate;warnings;analysis_type;bwer_type;coverage_target,sample_id;independent_unit_id;risk;split_role;model_signature;dataset_signature;protocol_hash;metric_version,missing,unavailable,missing_balance_axis_or_risk,missing_confidence_or_risk,missing_prediction_set_outputs,missing_cluster_or_spatial_block,not_an_audit_source,5bda6974bb099a07027be94e584e770ef5bfe3dd17eb875b1f421a6ea51c6747
outputs\test_alphaearth_full_outputs_6d7a602e18094b3b81524b10a2e8a322\audit\alphaearth_full_selective_risk_summary.csv,selective_or_predictions,selector;coverage_target;retained_coverage;mean_risk;n_retained,dataset;model;task;split;sample_id;independent_unit_id;risk;split_role;model_signature;dataset_signature;protocol_hash;metric_version,missing,unavailable,missing_balance_axis_or_risk,missing_confidence_or_risk,missing_prediction_set_outputs,missing_cluster_or_spatial_block,not_an_audit_source,5bda6974bb099a07027be94e584e770ef5bfe3dd17eb875b1f421a6ea51c6747
outputs\test_alphaearth_full_outputs_7570eb1ece804a1b9dc33cfc5fdf40be\audit\alphaearth_full_conformal_bwer.csv,conformal,dataset;model;task;split;slice_variable;balance_variable;score_name;risk_name;tail_fraction;weighting;missing_balance_policy;bwer;tail_risk;mean_risk;max_bwer;best_slice;best_slice_risk;worst_slice;worst_slice_risk;n_slices_total;n_slices_valid;n_units;min_samples_per_slice;n_total_balance_levels;n_used_balance_levels;missing_gz_count;missing_gz_fraction;ci_low;ci_high;bootstrap_n;bootstrap_method;tail_slices;task_type;input_mode;adaptation_protocol;training_budget;split_protocol;selective_coverage;retained_coverage;abstention_rate;warnings;analysis_type;bwer_type;coverage_target,sample_id;independent_unit_id;risk;split_role;model_signature;dataset_signature;protocol_hash;metric_version,missing,unavailable,missing_balance_axis_or_risk,missing_confidence_or_risk,missing_prediction_set_outputs,missing_cluster_or_spatial_block,not_an_audit_source,5bda6974bb099a07027be94e584e770ef5bfe3dd17eb875b1f421a6ea51c6747
outputs\test_alphaearth_full_outputs_7570eb1ece804a1b9dc33cfc5fdf40be\audit\alphaearth_full_conformal_coverage_summary.csv,conformal,method;coverage_target;alpha;qhat;marginal_coverage;average_set_size;n_calibration;n_test,dataset;model;task;split;sample_id;independent_unit_id;risk;split_role;model_signature;dataset_signature;protocol_hash;metric_version,missing,unavailable,missing_balance_axis_or_risk,missing_confidence_or_risk,missing_prediction_set_outputs,missing_cluster_or_spatial_block,not_an_audit_source,5bda6974bb099a07027be94e584e770ef5bfe3dd17eb875b1f421a6ea51c6747
outputs\test_alphaearth_full_outputs_7570eb1ece804a1b9dc33cfc5fdf40be\audit\alphaearth_full_conformal_set_size_summary.csv,conformal,coverage_target;average_set_size;qhat,dataset;model;task;split;sample_id;independent_unit_id;risk;split_role;model_signature;dataset_signature;protocol_hash;metric_version,missing,unavailable,missing_balance_axis_or_risk,missing_confidence_or_risk,missing_prediction_set_outputs,missing_cluster_or_spatial_block,not_an_audit_source,5bda6974bb099a07027be94e584e770ef5bfe3dd17eb875b1f421a6ea51c6747
outputs\test_alphaearth_full_outputs_7570eb1ece804a1b9dc33cfc5fdf40be\audit\alphaearth_full_conformal_slice_coverage.csv,conformal,coverage_target;slice_variable;slice_value;support_count;slice_coverage;coverage_gap;average_set_size,dataset;model;task;split;sample_id;independent_unit_id;risk;split_role;model_signature;dataset_signature;protocol_hash;metric_version,missing,unavailable,missing_balance_axis_or_risk,missing_confidence_or_risk,missing_prediction_set_outputs,missing_cluster_or_spatial_block,not_an_audit_source,5bda6974bb099a07027be94e584e770ef5bfe3dd17eb875b1f421a6ea51c6747
outputs\test_alphaearth_full_outputs_7570eb1ece804a1b9dc33cfc5fdf40be\audit\alphaearth_full_predictions.csv,selective_or_predictions,sample_id;lon;lat;year;country_iso3;region;income_group;biome_or_ecoregion;urban_rural_or_built_proxy;spatial_block_id;split;worldcover_label;worldcover_class_name;dynamic_world_label;dynamic_world_confidence;A00;A01;A02;A03;A04;A05;A06;A07;A08;A09;A10;A11;A12;A13;A14;A15;A16;A17;A18;A19;A20;A21;A22;A23;A24;A25;A26;A27;A28;A29;A30;A31;A32;A33;A34;A35;A36;A37;A38;A39;A40;A41;A42;A43;A44;A45;A46;A47;A48;A49;A50;A51;A52;A53;A54;A55;A56;A57;A58;A59;A60;A61;A62;A63;country_class;region_class;original_export_split;split_assignment;dataset;task;model;split_protocol;label;class_label;prediction;predicted_class_name;correct;risk;confidence;p_true;prob_10;prob_40;prob_50,independent_unit_id;split_role;model_signature;dataset_signature;protocol_hash;metric_version,missing,recomputable,missing_balance_axis_or_risk,recomputable,missing_prediction_set_outputs,cluster_ready,upgrade_schema_or_reexport,5bda6974bb099a07027be94e584e770ef5bfe3dd17eb875b1f421a6ea51c6747
outputs\test_alphaearth_full_outputs_7570eb1ece804a1b9dc33cfc5fdf40be\audit\alphaearth_full_selective_bwer.csv,selective_or_predictions,dataset;model;task;split;slice_variable;balance_variable;score_name;risk_name;tail_fraction;weighting;missing_balance_policy;bwer;tail_risk;mean_risk;max_bwer;best_slice;best_slice_risk;worst_slice;worst_slice_risk;n_slices_total;n_slices_valid;n_units;min_samples_per_slice;n_total_balance_levels;n_used_balance_levels;missing_gz_count;missing_gz_fraction;ci_low;ci_high;bootstrap_n;bootstrap_method;tail_slices;task_type;input_mode;adaptation_protocol;training_budget;split_protocol;selective_coverage;retained_coverage;abstention_rate;warnings;analysis_type;bwer_type;coverage_target,sample_id;independent_unit_id;risk;split_role;model_signature;dataset_signature;protocol_hash;metric_version,missing,unavailable,missing_balance_axis_or_risk,missing_confidence_or_risk,missing_prediction_set_outputs,missing_cluster_or_spatial_block,not_an_audit_source,5bda6974bb099a07027be94e584e770ef5bfe3dd17eb875b1f421a6ea51c6747
outputs\test_alphaearth_full_outputs_7570eb1ece804a1b9dc33cfc5fdf40be\audit\alphaearth_full_selective_risk_summary.csv,selective_or_predictions,selector;coverage_target;retained_coverage;mean_risk;n_retained,dataset;model;task;split;sample_id;independent_unit_id;risk;split_role;model_signature;dataset_signature;protocol_hash;metric_version,missing,unavailable,missing_balance_axis_or_risk,missing_confidence_or_risk,missing_prediction_set_outputs,missing_cluster_or_spatial_block,not_an_audit_source,5bda6974bb099a07027be94e584e770ef5bfe3dd17eb875b1f421a6ea51c6747
outputs\test_alphaearth_full_outputs_8546a78b80d84abc8ed6ba62d099a604\audit\alphaearth_conformal_slice_gap_diagnostic.csv,conformal,coverage_target;slice_variable;slice_value;support_count;slice_coverage;coverage_gap;average_set_size;coverage_gap_recomputed;undercovered;interpretation,dataset;model;task;split;sample_id;independent_unit_id;risk;split_role;model_signature;dataset_signature;protocol_hash;metric_version,missing,unavailable,missing_balance_axis_or_risk,missing_confidence_or_risk,missing_prediction_set_outputs,missing_cluster_or_spatial_block,not_an_audit_source,5bda6974bb099a07027be94e584e770ef5bfe3dd17eb875b1f421a6ea51c6747
outputs\test_alphaearth_full_outputs_8546a78b80d84abc8ed6ba62d099a604\audit\alphaearth_full_conformal_bwer.csv,conformal,dataset;model;task;split;slice_variable;balance_variable;score_name;risk_name;tail_fraction;weighting;missing_balance_policy;bwer;tail_risk;mean_risk;max_bwer;best_slice;best_slice_risk;worst_slice;worst_slice_risk;n_slices_total;n_slices_valid;n_units;min_samples_per_slice;n_total_balance_levels;n_used_balance_levels;missing_gz_count;missing_gz_fraction;ci_low;ci_high;bootstrap_n;bootstrap_method;tail_slices;task_type;input_mode;adaptation_protocol;training_budget;split_protocol;selective_coverage;retained_coverage;abstention_rate;warnings;analysis_type;bwer_type;coverage_target,sample_id;independent_unit_id;risk;split_role;model_signature;dataset_signature;protocol_hash;metric_version,missing,unavailable,missing_balance_axis_or_risk,missing_confidence_or_risk,missing_prediction_set_outputs,missing_cluster_or_spatial_block,not_an_audit_source,5bda6974bb099a07027be94e584e770ef5bfe3dd17eb875b1f421a6ea51c6747
outputs\test_alphaearth_full_outputs_8546a78b80d84abc8ed6ba62d099a604\audit\alphaearth_full_conformal_coverage_summary.csv,conformal,method;coverage_target;alpha;qhat;marginal_coverage;average_set_size;n_calibration;n_test,dataset;model;task;split;sample_id;independent_unit_id;risk;split_role;model_signature;dataset_signature;protocol_hash;metric_version,missing,unavailable,missing_balance_axis_or_risk,missing_confidence_or_risk,missing_prediction_set_outputs,missing_cluster_or_spatial_block,not_an_audit_source,5bda6974bb099a07027be94e584e770ef5bfe3dd17eb875b1f421a6ea51c6747
outputs\test_alphaearth_full_outputs_8546a78b80d84abc8ed6ba62d099a604\audit\alphaearth_full_conformal_set_size_summary.csv,conformal,coverage_target;average_set_size;qhat,dataset;model;task;split;sample_id;independent_unit_id;risk;split_role;model_signature;dataset_signature;protocol_hash;metric_version,missing,unavailable,missing_balance_axis_or_risk,missing_confidence_or_risk,missing_prediction_set_outputs,missing_cluster_or_spatial_block,not_an_audit_source,5bda6974bb099a07027be94e584e770ef5bfe3dd17eb875b1f421a6ea51c6747
outputs\test_alphaearth_full_outputs_8546a78b80d84abc8ed6ba62d099a604\audit\alphaearth_full_conformal_slice_coverage.csv,conformal,coverage_target;slice_variable;slice_value;support_count;slice_coverage;coverage_gap;average_set_size,dataset;model;task;split;sample_id;independent_unit_id;risk;split_role;model_signature;dataset_signature;protocol_hash;metric_version,missing,unavailable,missing_balance_axis_or_risk,missing_confidence_or_risk,missing_prediction_set_outputs,missing_cluster_or_spatial_block,not_an_audit_source,5bda6974bb099a07027be94e584e770ef5bfe3dd17eb875b1f421a6ea51c6747
outputs\test_alphaearth_full_outputs_8546a78b80d84abc8ed6ba62d099a604\audit\alphaearth_full_predictions.csv,selective_or_predictions,sample_id;lon;lat;year;country_iso3;region;income_group;biome_or_ecoregion;urban_rural_or_built_proxy;spatial_block_id;split;worldcover_label;worldcover_class_name;dynamic_world_label;dynamic_world_confidence;A00;A01;A02;A03;A04;A05;A06;A07;A08;A09;A10;A11;A12;A13;A14;A15;A16;A17;A18;A19;A20;A21;A22;A23;A24;A25;A26;A27;A28;A29;A30;A31;A32;A33;A34;A35;A36;A37;A38;A39;A40;A41;A42;A43;A44;A45;A46;A47;A48;A49;A50;A51;A52;A53;A54;A55;A56;A57;A58;A59;A60;A61;A62;A63;country_class;region_class;original_export_split;split_assignment;dataset;task;model;split_protocol;label;class_label;prediction;predicted_class_name;correct;risk;confidence;p_true;prob_10;prob_40;prob_50,independent_unit_id;split_role;model_signature;dataset_signature;protocol_hash;metric_version,missing,recomputable,missing_balance_axis_or_risk,recomputable,missing_prediction_set_outputs,cluster_ready,upgrade_schema_or_reexport,5bda6974bb099a07027be94e584e770ef5bfe3dd17eb875b1f421a6ea51c6747
outputs\test_alphaearth_full_outputs_8546a78b80d84abc8ed6ba62d099a604\audit\alphaearth_full_selective_bwer.csv,selective_or_predictions,dataset;model;task;split;slice_variable;balance_variable;score_name;risk_name;tail_fraction;weighting;missing_balance_policy;bwer;tail_risk;mean_risk;max_bwer;best_slice;best_slice_risk;worst_slice;worst_slice_risk;n_slices_total;n_slices_valid;n_units;min_samples_per_slice;n_total_balance_levels;n_used_balance_levels;missing_gz_count;missing_gz_fraction;ci_low;ci_high;bootstrap_n;bootstrap_method;tail_slices;task_type;input_mode;adaptation_protocol;training_budget;split_protocol;selective_coverage;retained_coverage;abstention_rate;warnings;analysis_type;bwer_type;coverage_target,sample_id;independent_unit_id;risk;split_role;model_signature;dataset_signature;protocol_hash;metric_version,missing,unavailable,missing_balance_axis_or_risk,missing_confidence_or_risk,missing_prediction_set_outputs,missing_cluster_or_spatial_block,not_an_audit_source,5bda6974bb099a07027be94e584e770ef5bfe3dd17eb875b1f421a6ea51c6747
outputs\test_alphaearth_full_outputs_8546a78b80d84abc8ed6ba62d099a604\audit\alphaearth_full_selective_risk_summary.csv,selective_or_predictions,selector;coverage_target;retained_coverage;mean_risk;n_retained,dataset;model;task;split;sample_id;independent_unit_id;risk;split_role;model_signature;dataset_signature;protocol_hash;metric_version,missing,unavailable,missing_balance_axis_or_risk,missing_confidence_or_risk,missing_prediction_set_outputs,missing_cluster_or_spatial_block,not_an_audit_source,5bda6974bb099a07027be94e584e770ef5bfe3dd17eb875b1f421a6ea51c6747
outputs\test_alphaearth_full_outputs_91dce711025748108e395988b40f65d8\audit\alphaearth_conformal_slice_gap_diagnostic.csv,conformal,coverage_target;slice_variable;slice_value;support_count;slice_coverage;coverage_gap;average_set_size;coverage_gap_recomputed;undercovered;interpretation,dataset;model;task;split;sample_id;independent_unit_id;risk;split_role;model_signature;dataset_signature;protocol_hash;metric_version,missing,unavailable,missing_balance_axis_or_risk,missing_confidence_or_risk,missing_prediction_set_outputs,missing_cluster_or_spatial_block,not_an_audit_source,5bda6974bb099a07027be94e584e770ef5bfe3dd17eb875b1f421a6ea51c6747
outputs\test_alphaearth_full_outputs_91dce711025748108e395988b40f65d8\audit\alphaearth_full_all_split_predictions.csv,selective_or_predictions,sample_id;lon;lat;year;country_iso3;region;income_group;biome_or_ecoregion;urban_rural_or_built_proxy;spatial_block_id;split;worldcover_label;worldcover_class_name;dynamic_world_label;dynamic_world_confidence;A00;A01;A02;A03;A04;A05;A06;A07;A08;A09;A10;A11;A12;A13;A14;A15;A16;A17;A18;A19;A20;A21;A22;A23;A24;A25;A26;A27;A28;A29;A30;A31;A32;A33;A34;A35;A36;A37;A38;A39;A40;A41;A42;A43;A44;A45;A46;A47;A48;A49;A50;A51;A52;A53;A54;A55;A56;A57;A58;A59;A60;A61;A62;A63;country_class;region_class;original_export_split;split_assignment;dataset;task;model;split_protocol;label;class_label;prediction;predicted_class_name;correct;risk;confidence;max_probability;p_true;prob_10;prob_40;prob_50,independent_unit_id;split_role;model_signature;dataset_signature;protocol_hash;metric_version,missing,recomputable,missing_balance_axis_or_risk,recomputable,missing_prediction_set_outputs,cluster_ready,upgrade_schema_or_reexport,5bda6974bb099a07027be94e584e770ef5bfe3dd17eb875b1f421a6ea51c6747
outputs\test_alphaearth_full_outputs_91dce711025748108e395988b40f65d8\audit\alphaearth_full_conformal_bwer.csv,conformal,dataset;model;task;split;slice_variable;balance_variable;score_name;risk_name;tail_fraction;weighting;missing_balance_policy;bwer;tail_risk;mean_risk;max_bwer;best_slice;best_slice_risk;worst_slice;worst_slice_risk;n_slices_total;n_slices_valid;n_units;min_samples_per_slice;n_total_balance_levels;n_used_balance_levels;missing_gz_count;missing_gz_fraction;ci_low;ci_high;bootstrap_n;bootstrap_method;tail_slices;task_type;input_mode;adaptation_protocol;training_budget;split_protocol;selective_coverage;retained_coverage;abstention_rate;warnings;analysis_type;bwer_type;coverage_target,sample_id;independent_unit_id;risk;split_role;model_signature;dataset_signature;protocol_hash;metric_version,missing,unavailable,missing_balance_axis_or_risk,missing_confidence_or_risk,missing_prediction_set_outputs,missing_cluster_or_spatial_block,not_an_audit_source,5bda6974bb099a07027be94e584e770ef5bfe3dd17eb875b1f421a6ea51c6747
outputs\test_alphaearth_full_outputs_91dce711025748108e395988b40f65d8\audit\alphaearth_full_conformal_coverage_summary.csv,conformal,method;coverage_target;alpha;qhat;marginal_coverage;average_set_size;n_calibration;n_test,dataset;model;task;split;sample_id;independent_unit_id;risk;split_role;model_signature;dataset_signature;protocol_hash;metric_version,missing,unavailable,missing_balance_axis_or_risk,missing_confidence_or_risk,missing_prediction_set_outputs,missing_cluster_or_spatial_block,not_an_audit_source,5bda6974bb099a07027be94e584e770ef5bfe3dd17eb875b1f421a6ea51c6747
outputs\test_alphaearth_full_outputs_91dce711025748108e395988b40f65d8\audit\alphaearth_full_conformal_set_size_summary.csv,conformal,coverage_target;average_set_size;qhat,dataset;model;task;split;sample_id;independent_unit_id;risk;split_role;model_signature;dataset_signature;protocol_hash;metric_version,missing,unavailable,missing_balance_axis_or_risk,missing_confidence_or_risk,missing_prediction_set_outputs,missing_cluster_or_spatial_block,not_an_audit_source,5bda6974bb099a07027be94e584e770ef5bfe3dd17eb875b1f421a6ea51c6747
outputs\test_alphaearth_full_outputs_91dce711025748108e395988b40f65d8\audit\alphaearth_full_conformal_slice_coverage.csv,conformal,coverage_target;slice_variable;slice_value;support_count;slice_coverage;coverage_gap;average_set_size,dataset;model;task;split;sample_id;independent_unit_id;risk;split_role;model_signature;dataset_signature;protocol_hash;metric_version,missing,unavailable,missing_balance_axis_or_risk,missing_confidence_or_risk,missing_prediction_set_outputs,missing_cluster_or_spatial_block,not_an_audit_source,5bda6974bb099a07027be94e584e770ef5bfe3dd17eb875b1f421a6ea51c6747
outputs\test_alphaearth_full_outputs_91dce711025748108e395988b40f65d8\audit\alphaearth_full_predictions.csv,selective_or_predictions,sample_id;lon;lat;year;country_iso3;region;income_group;biome_or_ecoregion;urban_rural_or_built_proxy;spatial_block_id;split;worldcover_label;worldcover_class_name;dynamic_world_label;dynamic_world_confidence;A00;A01;A02;A03;A04;A05;A06;A07;A08;A09;A10;A11;A12;A13;A14;A15;A16;A17;A18;A19;A20;A21;A22;A23;A24;A25;A26;A27;A28;A29;A30;A31;A32;A33;A34;A35;A36;A37;A38;A39;A40;A41;A42;A43;A44;A45;A46;A47;A48;A49;A50;A51;A52;A53;A54;A55;A56;A57;A58;A59;A60;A61;A62;A63;country_class;region_class;original_export_split;split_assignment;dataset;task;model;split_protocol;label;class_label;prediction;predicted_class_name;correct;risk;confidence;max_probability;p_true;prob_10;prob_40;prob_50,independent_unit_id;split_role;model_signature;dataset_signature;protocol_hash;metric_version,missing,recomputable,missing_balance_axis_or_risk,recomputable,missing_prediction_set_outputs,cluster_ready,upgrade_schema_or_reexport,5bda6974bb099a07027be94e584e770ef5bfe3dd17eb875b1f421a6ea51c6747
outputs\test_alphaearth_full_outputs_91dce711025748108e395988b40f65d8\audit\alphaearth_full_selective_bwer.csv,selective_or_predictions,dataset;model;task;split;slice_variable;balance_variable;score_name;risk_name;tail_fraction;weighting;missing_balance_policy;bwer;tail_risk;mean_risk;max_bwer;best_slice;best_slice_risk;worst_slice;worst_slice_risk;n_slices_total;n_slices_valid;n_units;min_samples_per_slice;n_total_balance_levels;n_used_balance_levels;missing_gz_count;missing_gz_fraction;ci_low;ci_high;bootstrap_n;bootstrap_method;tail_slices;task_type;input_mode;adaptation_protocol;training_budget;split_protocol;selective_coverage;retained_coverage;abstention_rate;warnings;analysis_type;bwer_type;coverage_target,sample_id;independent_unit_id;risk;split_role;model_signature;dataset_signature;protocol_hash;metric_version,missing,unavailable,missing_balance_axis_or_risk,missing_confidence_or_risk,missing_prediction_set_outputs,missing_cluster_or_spatial_block,not_an_audit_source,5bda6974bb099a07027be94e584e770ef5bfe3dd17eb875b1f421a6ea51c6747
outputs\test_alphaearth_full_outputs_91dce711025748108e395988b40f65d8\audit\alphaearth_full_selective_risk_summary.csv,selective_or_predictions,selector;coverage_target;retained_coverage;mean_risk;n_retained,dataset;model;task;split;sample_id;independent_unit_id;risk;split_role;model_signature;dataset_signature;protocol_hash;metric_version,missing,unavailable,missing_balance_axis_or_risk,missing_confidence_or_risk,missing_prediction_set_outputs,missing_cluster_or_spatial_block,not_an_audit_source,5bda6974bb099a07027be94e584e770ef5bfe3dd17eb875b1f421a6ea51c6747
outputs\test_alphaearth_full_outputs_a894c7d79d704d47a8018e3089fff29b\audit\alphaearth_conformal_slice_gap_diagnostic.csv,conformal,coverage_target;slice_variable;slice_value;support_count;slice_coverage;coverage_gap;average_set_size;coverage_gap_recomputed;undercovered;interpretation,dataset;model;task;split;sample_id;independent_unit_id;risk;split_role;model_signature;dataset_signature;protocol_hash;metric_version,missing,unavailable,missing_balance_axis_or_risk,missing_confidence_or_risk,missing_prediction_set_outputs,missing_cluster_or_spatial_block,not_an_audit_source,5bda6974bb099a07027be94e584e770ef5bfe3dd17eb875b1f421a6ea51c6747
outputs\test_alphaearth_full_outputs_a894c7d79d704d47a8018e3089fff29b\audit\alphaearth_full_all_split_predictions.csv,selective_or_predictions,sample_id;lon;lat;year;country_iso3;region;income_group;biome_or_ecoregion;urban_rural_or_built_proxy;spatial_block_id;split;worldcover_label;worldcover_class_name;dynamic_world_label;dynamic_world_confidence;A00;A01;A02;A03;A04;A05;A06;A07;A08;A09;A10;A11;A12;A13;A14;A15;A16;A17;A18;A19;A20;A21;A22;A23;A24;A25;A26;A27;A28;A29;A30;A31;A32;A33;A34;A35;A36;A37;A38;A39;A40;A41;A42;A43;A44;A45;A46;A47;A48;A49;A50;A51;A52;A53;A54;A55;A56;A57;A58;A59;A60;A61;A62;A63;country_class;region_class;original_export_split;split_assignment;dataset;task;model;split_protocol;label;class_label;prediction;predicted_class_name;correct;risk;confidence;max_probability;p_true;prob_10;prob_40;prob_50,independent_unit_id;split_role;model_signature;dataset_signature;protocol_hash;metric_version,missing,recomputable,missing_balance_axis_or_risk,recomputable,missing_prediction_set_outputs,cluster_ready,upgrade_schema_or_reexport,5bda6974bb099a07027be94e584e770ef5bfe3dd17eb875b1f421a6ea51c6747
outputs\test_alphaearth_full_outputs_a894c7d79d704d47a8018e3089fff29b\audit\alphaearth_full_conformal_bwer.csv,conformal,dataset;model;task;split;slice_variable;balance_variable;score_name;risk_name;tail_fraction;weighting;missing_balance_policy;bwer;tail_risk;mean_risk;max_bwer;best_slice;best_slice_risk;worst_slice;worst_slice_risk;n_slices_total;n_slices_valid;n_units;min_samples_per_slice;n_total_balance_levels;n_used_balance_levels;missing_gz_count;missing_gz_fraction;ci_low;ci_high;bootstrap_n;bootstrap_method;tail_slices;task_type;input_mode;adaptation_protocol;training_budget;split_protocol;selective_coverage;retained_coverage;abstention_rate;warnings;analysis_type;bwer_type;coverage_target,sample_id;independent_unit_id;risk;split_role;model_signature;dataset_signature;protocol_hash;metric_version,missing,unavailable,missing_balance_axis_or_risk,missing_confidence_or_risk,missing_prediction_set_outputs,missing_cluster_or_spatial_block,not_an_audit_source,5bda6974bb099a07027be94e584e770ef5bfe3dd17eb875b1f421a6ea51c6747
outputs\test_alphaearth_full_outputs_a894c7d79d704d47a8018e3089fff29b\audit\alphaearth_full_conformal_coverage_summary.csv,conformal,method;coverage_target;alpha;qhat;marginal_coverage;average_set_size;n_calibration;n_test,dataset;model;task;split;sample_id;independent_unit_id;risk;split_role;model_signature;dataset_signature;protocol_hash;metric_version,missing,unavailable,missing_balance_axis_or_risk,missing_confidence_or_risk,missing_prediction_set_outputs,missing_cluster_or_spatial_block,not_an_audit_source,5bda6974bb099a07027be94e584e770ef5bfe3dd17eb875b1f421a6ea51c6747
outputs\test_alphaearth_full_outputs_a894c7d79d704d47a8018e3089fff29b\audit\alphaearth_full_conformal_set_size_summary.csv,conformal,coverage_target;average_set_size;qhat,dataset;model;task;split;sample_id;independent_unit_id;risk;split_role;model_signature;dataset_signature;protocol_hash;metric_version,missing,unavailable,missing_balance_axis_or_risk,missing_confidence_or_risk,missing_prediction_set_outputs,missing_cluster_or_spatial_block,not_an_audit_source,5bda6974bb099a07027be94e584e770ef5bfe3dd17eb875b1f421a6ea51c6747
outputs\test_alphaearth_full_outputs_a894c7d79d704d47a8018e3089fff29b\audit\alphaearth_full_conformal_slice_coverage.csv,conformal,coverage_target;slice_variable;slice_value;support_count;slice_coverage;coverage_gap;average_set_size,dataset;model;task;split;sample_id;independent_unit_id;risk;split_role;model_signature;dataset_signature;protocol_hash;metric_version,missing,unavailable,missing_balance_axis_or_risk,missing_confidence_or_risk,missing_prediction_set_outputs,missing_cluster_or_spatial_block,not_an_audit_source,5bda6974bb099a07027be94e584e770ef5bfe3dd17eb875b1f421a6ea51c6747
outputs\test_alphaearth_full_outputs_a894c7d79d704d47a8018e3089fff29b\audit\alphaearth_full_eval_predictions.csv,selective_or_predictions,sample_id;lon;lat;year;country_iso3;region;income_group;biome_or_ecoregion;urban_rural_or_built_proxy;spatial_block_id;split;worldcover_label;worldcover_class_name;dynamic_world_label;dynamic_world_confidence;A00;A01;A02;A03;A04;A05;A06;A07;A08;A09;A10;A11;A12;A13;A14;A15;A16;A17;A18;A19;A20;A21;A22;A23;A24;A25;A26;A27;A28;A29;A30;A31;A32;A33;A34;A35;A36;A37;A38;A39;A40;A41;A42;A43;A44;A45;A46;A47;A48;A49;A50;A51;A52;A53;A54;A55;A56;A57;A58;A59;A60;A61;A62;A63;country_class;region_class;original_export_split;split_assignment;dataset;task;model;split_protocol;label;class_label;prediction;predicted_class_name;correct;risk;confidence;max_probability;p_true;prob_10;prob_40;prob_50,independent_unit_id;split_role;model_signature;dataset_signature;protocol_hash;metric_version,missing,recomputable,missing_balance_axis_or_risk,recomputable,missing_prediction_set_outputs,cluster_ready,upgrade_schema_or_reexport,5bda6974bb099a07027be94e584e770ef5bfe3dd17eb875b1f421a6ea51c6747
outputs\test_alphaearth_full_outputs_a894c7d79d704d47a8018e3089fff29b\audit\alphaearth_full_predictions.csv,selective_or_predictions,sample_id;lon;lat;year;country_iso3;region;income_group;biome_or_ecoregion;urban_rural_or_built_proxy;spatial_block_id;split;worldcover_label;worldcover_class_name;dynamic_world_label;dynamic_world_confidence;A00;A01;A02;A03;A04;A05;A06;A07;A08;A09;A10;A11;A12;A13;A14;A15;A16;A17;A18;A19;A20;A21;A22;A23;A24;A25;A26;A27;A28;A29;A30;A31;A32;A33;A34;A35;A36;A37;A38;A39;A40;A41;A42;A43;A44;A45;A46;A47;A48;A49;A50;A51;A52;A53;A54;A55;A56;A57;A58;A59;A60;A61;A62;A63;country_class;region_class;original_export_split;split_assignment;dataset;task;model;split_protocol;label;class_label;prediction;predicted_class_name;correct;risk;confidence;max_probability;p_true;prob_10;prob_40;prob_50,independent_unit_id;split_role;model_signature;dataset_signature;protocol_hash;metric_version,missing,recomputable,missing_balance_axis_or_risk,recomputable,missing_prediction_set_outputs,cluster_ready,upgrade_schema_or_reexport,5bda6974bb099a07027be94e584e770ef5bfe3dd17eb875b1f421a6ea51c6747
outputs\test_alphaearth_full_outputs_a894c7d79d704d47a8018e3089fff29b\audit\alphaearth_full_selective_bwer.csv,selective_or_predictions,dataset;model;task;split;slice_variable;balance_variable;score_name;risk_name;tail_fraction;weighting;missing_balance_policy;bwer;tail_risk;mean_risk;max_bwer;best_slice;best_slice_risk;worst_slice;worst_slice_risk;n_slices_total;n_slices_valid;n_units;min_samples_per_slice;n_total_balance_levels;n_used_balance_levels;missing_gz_count;missing_gz_fraction;ci_low;ci_high;bootstrap_n;bootstrap_method;tail_slices;task_type;input_mode;adaptation_protocol;training_budget;split_protocol;selective_coverage;retained_coverage;abstention_rate;warnings;analysis_type;bwer_type;coverage_target,sample_id;independent_unit_id;risk;split_role;model_signature;dataset_signature;protocol_hash;metric_version,missing,unavailable,missing_balance_axis_or_risk,missing_confidence_or_risk,missing_prediction_set_outputs,missing_cluster_or_spatial_block,not_an_audit_source,5bda6974bb099a07027be94e584e770ef5bfe3dd17eb875b1f421a6ea51c6747
outputs\test_alphaearth_full_outputs_a894c7d79d704d47a8018e3089fff29b\audit\alphaearth_full_selective_risk_summary.csv,selective_or_predictions,selector;coverage_target;retained_coverage;mean_risk;n_retained,dataset;model;task;split;sample_id;independent_unit_id;risk;split_role;model_signature;dataset_signature;protocol_hash;metric_version,missing,unavailable,missing_balance_axis_or_risk,missing_confidence_or_risk,missing_prediction_set_outputs,missing_cluster_or_spatial_block,not_an_audit_source,5bda6974bb099a07027be94e584e770ef5bfe3dd17eb875b1f421a6ea51c6747
outputs\test_alphaearth_full_outputs_cc57152700b843dbb73b4f2ef16f3a85\audit\alphaearth_full_conformal_bwer.csv,conformal,dataset;model;task;split;slice_variable;balance_variable;score_name;risk_name;tail_fraction;weighting;missing_balance_policy;bwer;tail_risk;mean_risk;max_bwer;best_slice;best_slice_risk;worst_slice;worst_slice_risk;n_slices_total;n_slices_valid;n_units;min_samples_per_slice;n_total_balance_levels;n_used_balance_levels;missing_gz_count;missing_gz_fraction;ci_low;ci_high;bootstrap_n;bootstrap_method;tail_slices;task_type;input_mode;adaptation_protocol;training_budget;split_protocol;selective_coverage;retained_coverage;abstention_rate;warnings;analysis_type;bwer_type;coverage_target,sample_id;independent_unit_id;risk;split_role;model_signature;dataset_signature;protocol_hash;metric_version,missing,unavailable,missing_balance_axis_or_risk,missing_confidence_or_risk,missing_prediction_set_outputs,missing_cluster_or_spatial_block,not_an_audit_source,5bda6974bb099a07027be94e584e770ef5bfe3dd17eb875b1f421a6ea51c6747
outputs\test_alphaearth_full_outputs_cc57152700b843dbb73b4f2ef16f3a85\audit\alphaearth_full_conformal_coverage_summary.csv,conformal,method;coverage_target;alpha;qhat;marginal_coverage;average_set_size;n_calibration;n_test,dataset;model;task;split;sample_id;independent_unit_id;risk;split_role;model_signature;dataset_signature;protocol_hash;metric_version,missing,unavailable,missing_balance_axis_or_risk,missing_confidence_or_risk,missing_prediction_set_outputs,missing_cluster_or_spatial_block,not_an_audit_source,5bda6974bb099a07027be94e584e770ef5bfe3dd17eb875b1f421a6ea51c6747
outputs\test_alphaearth_full_outputs_cc57152700b843dbb73b4f2ef16f3a85\audit\alphaearth_full_conformal_set_size_summary.csv,conformal,coverage_target;average_set_size;qhat,dataset;model;task;split;sample_id;independent_unit_id;risk;split_role;model_signature;dataset_signature;protocol_hash;metric_version,missing,unavailable,missing_balance_axis_or_risk,missing_confidence_or_risk,missing_prediction_set_outputs,missing_cluster_or_spatial_block,not_an_audit_source,5bda6974bb099a07027be94e584e770ef5bfe3dd17eb875b1f421a6ea51c6747
outputs\test_alphaearth_full_outputs_cc57152700b843dbb73b4f2ef16f3a85\audit\alphaearth_full_conformal_slice_coverage.csv,conformal,coverage_target;slice_variable;slice_value;support_count;slice_coverage;coverage_gap;average_set_size,dataset;model;task;split;sample_id;independent_unit_id;risk;split_role;model_signature;dataset_signature;protocol_hash;metric_version,missing,unavailable,missing_balance_axis_or_risk,missing_confidence_or_risk,missing_prediction_set_outputs,missing_cluster_or_spatial_block,not_an_audit_source,5bda6974bb099a07027be94e584e770ef5bfe3dd17eb875b1f421a6ea51c6747
outputs\test_alphaearth_full_outputs_cc57152700b843dbb73b4f2ef16f3a85\audit\alphaearth_full_predictions.csv,selective_or_predictions,sample_id;lon;lat;year;country_iso3;region;income_group;biome_or_ecoregion;urban_rural_or_built_proxy;spatial_block_id;split;worldcover_label;worldcover_class_name;dynamic_world_label;dynamic_world_confidence;A00;A01;A02;A03;A04;A05;A06;A07;A08;A09;A10;A11;A12;A13;A14;A15;A16;A17;A18;A19;A20;A21;A22;A23;A24;A25;A26;A27;A28;A29;A30;A31;A32;A33;A34;A35;A36;A37;A38;A39;A40;A41;A42;A43;A44;A45;A46;A47;A48;A49;A50;A51;A52;A53;A54;A55;A56;A57;A58;A59;A60;A61;A62;A63;country_class;region_class;dataset;task;model;split_protocol;label;class_label;prediction;predicted_class_name;correct;risk;confidence;p_true;prob_10;prob_40;prob_50,independent_unit_id;split_role;model_signature;dataset_signature;protocol_hash;metric_version,missing,recomputable,missing_balance_axis_or_risk,recomputable,missing_prediction_set_outputs,cluster_ready,upgrade_schema_or_reexport,5bda6974bb099a07027be94e584e770ef5bfe3dd17eb875b1f421a6ea51c6747
outputs\test_alphaearth_full_outputs_cc57152700b843dbb73b4f2ef16f3a85\audit\alphaearth_full_selective_bwer.csv,selective_or_predictions,dataset;model;task;split;slice_variable;balance_variable;score_name;risk_name;tail_fraction;weighting;missing_balance_policy;bwer;tail_risk;mean_risk;max_bwer;best_slice;best_slice_risk;worst_slice;worst_slice_risk;n_slices_total;n_slices_valid;n_units;min_samples_per_slice;n_total_balance_levels;n_used_balance_levels;missing_gz_count;missing_gz_fraction;ci_low;ci_high;bootstrap_n;bootstrap_method;tail_slices;task_type;input_mode;adaptation_protocol;training_budget;split_protocol;selective_coverage;retained_coverage;abstention_rate;warnings;analysis_type;bwer_type;coverage_target,sample_id;independent_unit_id;risk;split_role;model_signature;dataset_signature;protocol_hash;metric_version,missing,unavailable,missing_balance_axis_or_risk,missing_confidence_or_risk,missing_prediction_set_outputs,missing_cluster_or_spatial_block,not_an_audit_source,5bda6974bb099a07027be94e584e770ef5bfe3dd17eb875b1f421a6ea51c6747
outputs\test_alphaearth_full_outputs_cc57152700b843dbb73b4f2ef16f3a85\audit\alphaearth_full_selective_risk_summary.csv,selective_or_predictions,selector;coverage_target;retained_coverage;mean_risk;n_retained,dataset;model;task;split;sample_id;independent_unit_id;risk;split_role;model_signature;dataset_signature;protocol_hash;metric_version,missing,unavailable,missing_balance_axis_or_risk,missing_confidence_or_risk,missing_prediction_set_outputs,missing_cluster_or_spatial_block,not_an_audit_source,5bda6974bb099a07027be94e584e770ef5bfe3dd17eb875b1f421a6ea51c6747
outputs\test_alphaearth_full_outputs_d1c68885426c4a9a841d849d30e77984\audit\alphaearth_full_conformal_bwer.csv,conformal,dataset;model;task;split;slice_variable;balance_variable;score_name;risk_name;tail_fraction;weighting;missing_balance_policy;bwer;tail_risk;mean_risk;max_bwer;best_slice;best_slice_risk;worst_slice;worst_slice_risk;n_slices_total;n_slices_valid;n_units;min_samples_per_slice;n_total_balance_levels;n_used_balance_levels;missing_gz_count;missing_gz_fraction;ci_low;ci_high;bootstrap_n;bootstrap_method;tail_slices;task_type;input_mode;adaptation_protocol;training_budget;split_protocol;selective_coverage;retained_coverage;abstention_rate;warnings;analysis_type;bwer_type;coverage_target,sample_id;independent_unit_id;risk;split_role;model_signature;dataset_signature;protocol_hash;metric_version,missing,unavailable,missing_balance_axis_or_risk,missing_confidence_or_risk,missing_prediction_set_outputs,missing_cluster_or_spatial_block,not_an_audit_source,5bda6974bb099a07027be94e584e770ef5bfe3dd17eb875b1f421a6ea51c6747
outputs\test_alphaearth_full_outputs_d1c68885426c4a9a841d849d30e77984\audit\alphaearth_full_conformal_coverage_summary.csv,conformal,method;coverage_target;alpha;qhat;marginal_coverage;average_set_size;n_calibration;n_test,dataset;model;task;split;sample_id;independent_unit_id;risk;split_role;model_signature;dataset_signature;protocol_hash;metric_version,missing,unavailable,missing_balance_axis_or_risk,missing_confidence_or_risk,missing_prediction_set_outputs,missing_cluster_or_spatial_block,not_an_audit_source,5bda6974bb099a07027be94e584e770ef5bfe3dd17eb875b1f421a6ea51c6747
outputs\test_alphaearth_full_outputs_d1c68885426c4a9a841d849d30e77984\audit\alphaearth_full_conformal_set_size_summary.csv,conformal,coverage_target;average_set_size;qhat,dataset;model;task;split;sample_id;independent_unit_id;risk;split_role;model_signature;dataset_signature;protocol_hash;metric_version,missing,unavailable,missing_balance_axis_or_risk,missing_confidence_or_risk,missing_prediction_set_outputs,missing_cluster_or_spatial_block,not_an_audit_source,5bda6974bb099a07027be94e584e770ef5bfe3dd17eb875b1f421a6ea51c6747
outputs\test_alphaearth_full_outputs_d1c68885426c4a9a841d849d30e77984\audit\alphaearth_full_conformal_slice_coverage.csv,conformal,coverage_target;slice_variable;slice_value;support_count;slice_coverage;coverage_gap;average_set_size,dataset;model;task;split;sample_id;independent_unit_id;risk;split_role;model_signature;dataset_signature;protocol_hash;metric_version,missing,unavailable,missing_balance_axis_or_risk,missing_confidence_or_risk,missing_prediction_set_outputs,missing_cluster_or_spatial_block,not_an_audit_source,5bda6974bb099a07027be94e584e770ef5bfe3dd17eb875b1f421a6ea51c6747
outputs\test_alphaearth_full_outputs_d1c68885426c4a9a841d849d30e77984\audit\alphaearth_full_predictions.csv,selective_or_predictions,sample_id;lon;lat;year;country_iso3;region;income_group;biome_or_ecoregion;urban_rural_or_built_proxy;spatial_block_id;split;worldcover_label;worldcover_class_name;dynamic_world_label;dynamic_world_confidence;A00;A01;A02;A03;A04;A05;A06;A07;A08;A09;A10;A11;A12;A13;A14;A15;A16;A17;A18;A19;A20;A21;A22;A23;A24;A25;A26;A27;A28;A29;A30;A31;A32;A33;A34;A35;A36;A37;A38;A39;A40;A41;A42;A43;A44;A45;A46;A47;A48;A49;A50;A51;A52;A53;A54;A55;A56;A57;A58;A59;A60;A61;A62;A63;country_class;region_class;dataset;task;model;split_protocol;label;class_label;prediction;predicted_class_name;correct;risk;confidence;p_true;prob_10;prob_40;prob_50,independent_unit_id;split_role;model_signature;dataset_signature;protocol_hash;metric_version,missing,recomputable,missing_balance_axis_or_risk,recomputable,missing_prediction_set_outputs,cluster_ready,upgrade_schema_or_reexport,5bda6974bb099a07027be94e584e770ef5bfe3dd17eb875b1f421a6ea51c6747
outputs\test_alphaearth_full_outputs_d1c68885426c4a9a841d849d30e77984\audit\alphaearth_full_selective_bwer.csv,selective_or_predictions,dataset;model;task;split;slice_variable;balance_variable;score_name;risk_name;tail_fraction;weighting;missing_balance_policy;bwer;tail_risk;mean_risk;max_bwer;best_slice;best_slice_risk;worst_slice;worst_slice_risk;n_slices_total;n_slices_valid;n_units;min_samples_per_slice;n_total_balance_levels;n_used_balance_levels;missing_gz_count;missing_gz_fraction;ci_low;ci_high;bootstrap_n;bootstrap_method;tail_slices;task_type;input_mode;adaptation_protocol;training_budget;split_protocol;selective_coverage;retained_coverage;abstention_rate;warnings;analysis_type;bwer_type;coverage_target,sample_id;independent_unit_id;risk;split_role;model_signature;dataset_signature;protocol_hash;metric_version,missing,unavailable,missing_balance_axis_or_risk,missing_confidence_or_risk,missing_prediction_set_outputs,missing_cluster_or_spatial_block,not_an_audit_source,5bda6974bb099a07027be94e584e770ef5bfe3dd17eb875b1f421a6ea51c6747
outputs\test_alphaearth_full_outputs_d1c68885426c4a9a841d849d30e77984\audit\alphaearth_full_selective_risk_summary.csv,selective_or_predictions,selector;coverage_target;retained_coverage;mean_risk;n_retained,dataset;model;task;split;sample_id;independent_unit_id;risk;split_role;model_signature;dataset_signature;protocol_hash;metric_version,missing,unavailable,missing_balance_axis_or_risk,missing_confidence_or_risk,missing_prediction_set_outputs,missing_cluster_or_spatial_block,not_an_audit_source,5bda6974bb099a07027be94e584e770ef5bfe3dd17eb875b1f421a6ea51c6747
outputs\test_alphaearth_full_outputs_d82f190949d34036991428c4aa493c86\audit\alphaearth_conformal_slice_gap_diagnostic.csv,conformal,coverage_target;slice_variable;slice_value;support_count;slice_coverage;coverage_gap;average_set_size;coverage_gap_recomputed;undercovered;interpretation,dataset;model;task;split;sample_id;independent_unit_id;risk;split_role;model_signature;dataset_signature;protocol_hash;metric_version,missing,unavailable,missing_balance_axis_or_risk,missing_confidence_or_risk,missing_prediction_set_outputs,missing_cluster_or_spatial_block,not_an_audit_source,5bda6974bb099a07027be94e584e770ef5bfe3dd17eb875b1f421a6ea51c6747
outputs\test_alphaearth_full_outputs_d82f190949d34036991428c4aa493c86\audit\alphaearth_full_conformal_bwer.csv,conformal,dataset;model;task;split;slice_variable;balance_variable;score_name;risk_name;tail_fraction;weighting;missing_balance_policy;bwer;tail_risk;mean_risk;max_bwer;best_slice;best_slice_risk;worst_slice;worst_slice_risk;n_slices_total;n_slices_valid;n_units;min_samples_per_slice;n_total_balance_levels;n_used_balance_levels;missing_gz_count;missing_gz_fraction;ci_low;ci_high;bootstrap_n;bootstrap_method;tail_slices;task_type;input_mode;adaptation_protocol;training_budget;split_protocol;selective_coverage;retained_coverage;abstention_rate;warnings;analysis_type;bwer_type;coverage_target,sample_id;independent_unit_id;risk;split_role;model_signature;dataset_signature;protocol_hash;metric_version,missing,unavailable,missing_balance_axis_or_risk,missing_confidence_or_risk,missing_prediction_set_outputs,missing_cluster_or_spatial_block,not_an_audit_source,5bda6974bb099a07027be94e584e770ef5bfe3dd17eb875b1f421a6ea51c6747
outputs\test_alphaearth_full_outputs_d82f190949d34036991428c4aa493c86\audit\alphaearth_full_conformal_coverage_summary.csv,conformal,method;coverage_target;alpha;qhat;marginal_coverage;average_set_size;n_calibration;n_test,dataset;model;task;split;sample_id;independent_unit_id;risk;split_role;model_signature;dataset_signature;protocol_hash;metric_version,missing,unavailable,missing_balance_axis_or_risk,missing_confidence_or_risk,missing_prediction_set_outputs,missing_cluster_or_spatial_block,not_an_audit_source,5bda6974bb099a07027be94e584e770ef5bfe3dd17eb875b1f421a6ea51c6747
outputs\test_alphaearth_full_outputs_d82f190949d34036991428c4aa493c86\audit\alphaearth_full_conformal_set_size_summary.csv,conformal,coverage_target;average_set_size;qhat,dataset;model;task;split;sample_id;independent_unit_id;risk;split_role;model_signature;dataset_signature;protocol_hash;metric_version,missing,unavailable,missing_balance_axis_or_risk,missing_confidence_or_risk,missing_prediction_set_outputs,missing_cluster_or_spatial_block,not_an_audit_source,5bda6974bb099a07027be94e584e770ef5bfe3dd17eb875b1f421a6ea51c6747
outputs\test_alphaearth_full_outputs_d82f190949d34036991428c4aa493c86\audit\alphaearth_full_conformal_slice_coverage.csv,conformal,coverage_target;slice_variable;slice_value;support_count;slice_coverage;coverage_gap;average_set_size,dataset;model;task;split;sample_id;independent_unit_id;risk;split_role;model_signature;dataset_signature;protocol_hash;metric_version,missing,unavailable,missing_balance_axis_or_risk,missing_confidence_or_risk,missing_prediction_set_outputs,missing_cluster_or_spatial_block,not_an_audit_source,5bda6974bb099a07027be94e584e770ef5bfe3dd17eb875b1f421a6ea51c6747
outputs\test_alphaearth_full_outputs_d82f190949d34036991428c4aa493c86\audit\alphaearth_full_predictions.csv,selective_or_predictions,sample_id;lon;lat;year;country_iso3;region;income_group;biome_or_ecoregion;urban_rural_or_built_proxy;spatial_block_id;split;worldcover_label;worldcover_class_name;dynamic_world_label;dynamic_world_confidence;A00;A01;A02;A03;A04;A05;A06;A07;A08;A09;A10;A11;A12;A13;A14;A15;A16;A17;A18;A19;A20;A21;A22;A23;A24;A25;A26;A27;A28;A29;A30;A31;A32;A33;A34;A35;A36;A37;A38;A39;A40;A41;A42;A43;A44;A45;A46;A47;A48;A49;A50;A51;A52;A53;A54;A55;A56;A57;A58;A59;A60;A61;A62;A63;country_class;region_class;original_export_split;split_assignment;dataset;task;model;split_protocol;label;class_label;prediction;predicted_class_name;correct;risk;confidence;p_true;prob_10;prob_40;prob_50,independent_unit_id;split_role;model_signature;dataset_signature;protocol_hash;metric_version,missing,recomputable,missing_balance_axis_or_risk,recomputable,missing_prediction_set_outputs,cluster_ready,upgrade_schema_or_reexport,5bda6974bb099a07027be94e584e770ef5bfe3dd17eb875b1f421a6ea51c6747
outputs\test_alphaearth_full_outputs_d82f190949d34036991428c4aa493c86\audit\alphaearth_full_selective_bwer.csv,selective_or_predictions,dataset;model;task;split;slice_variable;balance_variable;score_name;risk_name;tail_fraction;weighting;missing_balance_policy;bwer;tail_risk;mean_risk;max_bwer;best_slice;best_slice_risk;worst_slice;worst_slice_risk;n_slices_total;n_slices_valid;n_units;min_samples_per_slice;n_total_balance_levels;n_used_balance_levels;missing_gz_count;missing_gz_fraction;ci_low;ci_high;bootstrap_n;bootstrap_method;tail_slices;task_type;input_mode;adaptation_protocol;training_budget;split_protocol;selective_coverage;retained_coverage;abstention_rate;warnings;analysis_type;bwer_type;coverage_target,sample_id;independent_unit_id;risk;split_role;model_signature;dataset_signature;protocol_hash;metric_version,missing,unavailable,missing_balance_axis_or_risk,missing_confidence_or_risk,missing_prediction_set_outputs,missing_cluster_or_spatial_block,not_an_audit_source,5bda6974bb099a07027be94e584e770ef5bfe3dd17eb875b1f421a6ea51c6747
outputs\test_alphaearth_full_outputs_d82f190949d34036991428c4aa493c86\audit\alphaearth_full_selective_risk_summary.csv,selective_or_predictions,selector;coverage_target;retained_coverage;mean_risk;n_retained,dataset;model;task;split;sample_id;independent_unit_id;risk;split_role;model_signature;dataset_signature;protocol_hash;metric_version,missing,unavailable,missing_balance_axis_or_risk,missing_confidence_or_risk,missing_prediction_set_outputs,missing_cluster_or_spatial_block,not_an_audit_source,5bda6974bb099a07027be94e584e770ef5bfe3dd17eb875b1f421a6ea51c6747
outputs\test_alphaearth_full_outputs_fbbefba6a2c04124a9d558bd52f9d26d\audit\alphaearth_full_conformal_bwer.csv,conformal,dataset;model;task;split;slice_variable;balance_variable;score_name;risk_name;tail_fraction;weighting;missing_balance_policy;bwer;tail_risk;mean_risk;max_bwer;best_slice;best_slice_risk;worst_slice;worst_slice_risk;n_slices_total;n_slices_valid;n_units;min_samples_per_slice;n_total_balance_levels;n_used_balance_levels;missing_gz_count;missing_gz_fraction;ci_low;ci_high;bootstrap_n;bootstrap_method;tail_slices;task_type;input_mode;adaptation_protocol;training_budget;split_protocol;selective_coverage;retained_coverage;abstention_rate;warnings;analysis_type;bwer_type;coverage_target,sample_id;independent_unit_id;risk;split_role;model_signature;dataset_signature;protocol_hash;metric_version,missing,unavailable,missing_balance_axis_or_risk,missing_confidence_or_risk,missing_prediction_set_outputs,missing_cluster_or_spatial_block,not_an_audit_source,5bda6974bb099a07027be94e584e770ef5bfe3dd17eb875b1f421a6ea51c6747
outputs\test_alphaearth_full_outputs_fbbefba6a2c04124a9d558bd52f9d26d\audit\alphaearth_full_conformal_coverage_summary.csv,conformal,method;coverage_target;alpha;qhat;marginal_coverage;average_set_size;n_calibration;n_test,dataset;model;task;split;sample_id;independent_unit_id;risk;split_role;model_signature;dataset_signature;protocol_hash;metric_version,missing,unavailable,missing_balance_axis_or_risk,missing_confidence_or_risk,missing_prediction_set_outputs,missing_cluster_or_spatial_block,not_an_audit_source,5bda6974bb099a07027be94e584e770ef5bfe3dd17eb875b1f421a6ea51c6747
outputs\test_alphaearth_full_outputs_fbbefba6a2c04124a9d558bd52f9d26d\audit\alphaearth_full_conformal_set_size_summary.csv,conformal,coverage_target;average_set_size;qhat,dataset;model;task;split;sample_id;independent_unit_id;risk;split_role;model_signature;dataset_signature;protocol_hash;metric_version,missing,unavailable,missing_balance_axis_or_risk,missing_confidence_or_risk,missing_prediction_set_outputs,missing_cluster_or_spatial_block,not_an_audit_source,5bda6974bb099a07027be94e584e770ef5bfe3dd17eb875b1f421a6ea51c6747
outputs\test_alphaearth_full_outputs_fbbefba6a2c04124a9d558bd52f9d26d\audit\alphaearth_full_conformal_slice_coverage.csv,conformal,coverage_target;slice_variable;slice_value;support_count;slice_coverage;coverage_gap;average_set_size,dataset;model;task;split;sample_id;independent_unit_id;risk;split_role;model_signature;dataset_signature;protocol_hash;metric_version,missing,unavailable,missing_balance_axis_or_risk,missing_confidence_or_risk,missing_prediction_set_outputs,missing_cluster_or_spatial_block,not_an_audit_source,5bda6974bb099a07027be94e584e770ef5bfe3dd17eb875b1f421a6ea51c6747
outputs\test_alphaearth_full_outputs_fbbefba6a2c04124a9d558bd52f9d26d\audit\alphaearth_full_predictions.csv,selective_or_predictions,sample_id;lon;lat;year;country_iso3;region;income_group;biome_or_ecoregion;urban_rural_or_built_proxy;spatial_block_id;split;worldcover_label;worldcover_class_name;dynamic_world_label;dynamic_world_confidence;A00;A01;A02;A03;A04;A05;A06;A07;A08;A09;A10;A11;A12;A13;A14;A15;A16;A17;A18;A19;A20;A21;A22;A23;A24;A25;A26;A27;A28;A29;A30;A31;A32;A33;A34;A35;A36;A37;A38;A39;A40;A41;A42;A43;A44;A45;A46;A47;A48;A49;A50;A51;A52;A53;A54;A55;A56;A57;A58;A59;A60;A61;A62;A63;country_class;region_class;original_export_split;split_assignment;dataset;task;model;split_protocol;label;class_label;prediction;predicted_class_name;correct;risk;confidence;p_true;prob_10;prob_40;prob_50,independent_unit_id;split_role;model_signature;dataset_signature;protocol_hash;metric_version,missing,recomputable,missing_balance_axis_or_risk,recomputable,missing_prediction_set_outputs,cluster_ready,upgrade_schema_or_reexport,5bda6974bb099a07027be94e584e770ef5bfe3dd17eb875b1f421a6ea51c6747
outputs\test_alphaearth_full_outputs_fbbefba6a2c04124a9d558bd52f9d26d\audit\alphaearth_full_selective_bwer.csv,selective_or_predictions,dataset;model;task;split;slice_variable;balance_variable;score_name;risk_name;tail_fraction;weighting;missing_balance_policy;bwer;tail_risk;mean_risk;max_bwer;best_slice;best_slice_risk;worst_slice;worst_slice_risk;n_slices_total;n_slices_valid;n_units;min_samples_per_slice;n_total_balance_levels;n_used_balance_levels;missing_gz_count;missing_gz_fraction;ci_low;ci_high;bootstrap_n;bootstrap_method;tail_slices;task_type;input_mode;adaptation_protocol;training_budget;split_protocol;selective_coverage;retained_coverage;abstention_rate;warnings;analysis_type;bwer_type;coverage_target,sample_id;independent_unit_id;risk;split_role;model_signature;dataset_signature;protocol_hash;metric_version,missing,unavailable,missing_balance_axis_or_risk,missing_confidence_or_risk,missing_prediction_set_outputs,missing_cluster_or_spatial_block,not_an_audit_source,5bda6974bb099a07027be94e584e770ef5bfe3dd17eb875b1f421a6ea51c6747
outputs\test_alphaearth_full_outputs_fbbefba6a2c04124a9d558bd52f9d26d\audit\alphaearth_full_selective_risk_summary.csv,selective_or_predictions,selector;coverage_target;retained_coverage;mean_risk;n_retained,dataset;model;task;split;sample_id;independent_unit_id;risk;split_role;model_signature;dataset_signature;protocol_hash;metric_version,missing,unavailable,missing_balance_axis_or_risk,missing_confidence_or_risk,missing_prediction_set_outputs,missing_cluster_or_spatial_block,not_an_audit_source,5bda6974bb099a07027be94e584e770ef5bfe3dd17eb875b1f421a6ea51c6747
outputs\test_alphaearth_hardening_24735fc27be34422b3485a584cec293b\audit\alphaearth_conformal_set_size_by_slice.csv,conformal,coverage_target;slice_variable;slice_value;support_count;average_set_size;slice_coverage;coverage_gap,dataset;model;task;split;sample_id;independent_unit_id;risk;split_role;model_signature;dataset_signature;protocol_hash;metric_version,missing,unavailable,missing_balance_axis_or_risk,missing_confidence_or_risk,missing_prediction_set_outputs,missing_cluster_or_spatial_block,not_an_audit_source,5bda6974bb099a07027be94e584e770ef5bfe3dd17eb875b1f421a6ea51c6747
outputs\test_alphaearth_hardening_24735fc27be34422b3485a584cec293b\audit\alphaearth_conformal_slice_gap_diagnostic.csv,conformal,coverage_target;slice_variable;slice_value;support_count;slice_coverage;average_set_size;coverage_gap;undercovered,dataset;model;task;split;sample_id;independent_unit_id;risk;split_role;model_signature;dataset_signature;protocol_hash;metric_version,missing,unavailable,missing_balance_axis_or_risk,missing_confidence_or_risk,missing_prediction_set_outputs,missing_cluster_or_spatial_block,not_an_audit_source,5bda6974bb099a07027be94e584e770ef5bfe3dd17eb875b1f421a6ea51c6747
outputs\test_alphaearth_hardening_24735fc27be34422b3485a584cec293b\audit\alphaearth_full_conformal_slice_coverage.csv,conformal,coverage_target;slice_variable;slice_value;support_count;slice_coverage;average_set_size,dataset;model;task;split;sample_id;independent_unit_id;risk;split_role;model_signature;dataset_signature;protocol_hash;metric_version,missing,unavailable,missing_balance_axis_or_risk,missing_confidence_or_risk,missing_prediction_set_outputs,missing_cluster_or_spatial_block,not_an_audit_source,5bda6974bb099a07027be94e584e770ef5bfe3dd17eb875b1f421a6ea51c6747
outputs\test_alphaearth_hardening_24735fc27be34422b3485a584cec293b\audit\alphaearth_full_predictions.csv,selective_or_predictions,sample_id;split;country_iso3;region;worldcover_class_name;class_label;label;prediction;predicted_class_name;correct;risk;confidence;dynamic_world_label;dynamic_world_confidence;spatial_block_id,dataset;model;task;independent_unit_id;split_role;model_signature;dataset_signature;protocol_hash;metric_version,missing,recomputable,missing_balance_axis_or_risk,recomputable,missing_prediction_set_outputs,cluster_ready,upgrade_schema_or_reexport,5bda6974bb099a07027be94e584e770ef5bfe3dd17eb875b1f421a6ea51c6747
outputs\test_alphaearth_hardening_24735fc27be34422b3485a584cec293b\audit\alphaearth_prediction_subset_sensitivity_diagnostic.csv,audit_table,mode;seed;requested_scale;effective_eval_rows;accuracy;macro_f1;country_bwer;class_bwer;country_class_bwer;region_class_bwer;note,dataset;model;task;split;sample_id;independent_unit_id;risk;split_role;model_signature;dataset_signature;protocol_hash;metric_version,missing,unavailable,missing_balance_axis_or_risk,missing_confidence_or_risk,missing_prediction_set_outputs,missing_cluster_or_spatial_block,not_an_audit_source,5bda6974bb099a07027be94e584e770ef5bfe3dd17eb875b1f421a6ea51c6747
outputs\test_alphaearth_hardening_2d81385f3cae488cb254af29eb077159\audit\alphaearth_conformal_set_size_by_slice.csv,conformal,coverage_target;slice_variable;slice_value;support_count;average_set_size;slice_coverage;coverage_gap,dataset;model;task;split;sample_id;independent_unit_id;risk;split_role;model_signature;dataset_signature;protocol_hash;metric_version,missing,unavailable,missing_balance_axis_or_risk,missing_confidence_or_risk,missing_prediction_set_outputs,missing_cluster_or_spatial_block,not_an_audit_source,5bda6974bb099a07027be94e584e770ef5bfe3dd17eb875b1f421a6ea51c6747
outputs\test_alphaearth_hardening_2d81385f3cae488cb254af29eb077159\audit\alphaearth_conformal_slice_gap_diagnostic.csv,conformal,coverage_target;slice_variable;slice_value;support_count;slice_coverage;average_set_size;coverage_gap;undercovered,dataset;model;task;split;sample_id;independent_unit_id;risk;split_role;model_signature;dataset_signature;protocol_hash;metric_version,missing,unavailable,missing_balance_axis_or_risk,missing_confidence_or_risk,missing_prediction_set_outputs,missing_cluster_or_spatial_block,not_an_audit_source,5bda6974bb099a07027be94e584e770ef5bfe3dd17eb875b1f421a6ea51c6747
outputs\test_alphaearth_hardening_2d81385f3cae488cb254af29eb077159\audit\alphaearth_full_conformal_slice_coverage.csv,conformal,coverage_target;slice_variable;slice_value;support_count;slice_coverage;average_set_size,dataset;model;task;split;sample_id;independent_unit_id;risk;split_role;model_signature;dataset_signature;protocol_hash;metric_version,missing,unavailable,missing_balance_axis_or_risk,missing_confidence_or_risk,missing_prediction_set_outputs,missing_cluster_or_spatial_block,not_an_audit_source,5bda6974bb099a07027be94e584e770ef5bfe3dd17eb875b1f421a6ea51c6747
outputs\test_alphaearth_hardening_2d81385f3cae488cb254af29eb077159\audit\alphaearth_full_predictions.csv,selective_or_predictions,sample_id;split;country_iso3;region;worldcover_class_name;class_label;label;prediction;predicted_class_name;correct;risk;confidence;dynamic_world_label;dynamic_world_confidence;spatial_block_id,dataset;model;task;independent_unit_id;split_role;model_signature;dataset_signature;protocol_hash;metric_version,missing,recomputable,missing_balance_axis_or_risk,recomputable,missing_prediction_set_outputs,cluster_ready,upgrade_schema_or_reexport,5bda6974bb099a07027be94e584e770ef5bfe3dd17eb875b1f421a6ea51c6747
outputs\test_alphaearth_hardening_2d81385f3cae488cb254af29eb077159\audit\alphaearth_prediction_subset_sensitivity_diagnostic.csv,audit_table,mode;seed;requested_scale;effective_eval_rows;accuracy;macro_f1;country_bwer;class_bwer;country_class_bwer;region_class_bwer;note,dataset;model;task;split;sample_id;independent_unit_id;risk;split_role;model_signature;dataset_signature;protocol_hash;metric_version,missing,unavailable,missing_balance_axis_or_risk,missing_confidence_or_risk,missing_prediction_set_outputs,missing_cluster_or_spatial_block,not_an_audit_source,5bda6974bb099a07027be94e584e770ef5bfe3dd17eb875b1f421a6ea51c6747
outputs\test_alphaearth_hardening_32df11d9cdc64e79ab005fef409600f6\audit\alphaearth_conformal_set_size_by_slice.csv,conformal,coverage_target;slice_variable;slice_value;support_count;average_set_size;slice_coverage;coverage_gap,dataset;model;task;split;sample_id;independent_unit_id;risk;split_role;model_signature;dataset_signature;protocol_hash;metric_version,missing,unavailable,missing_balance_axis_or_risk,missing_confidence_or_risk,missing_prediction_set_outputs,missing_cluster_or_spatial_block,not_an_audit_source,5bda6974bb099a07027be94e584e770ef5bfe3dd17eb875b1f421a6ea51c6747
outputs\test_alphaearth_hardening_32df11d9cdc64e79ab005fef409600f6\audit\alphaearth_conformal_slice_gap_diagnostic.csv,conformal,coverage_target;slice_variable;slice_value;support_count;slice_coverage;average_set_size;coverage_gap;undercovered,dataset;model;task;split;sample_id;independent_unit_id;risk;split_role;model_signature;dataset_signature;protocol_hash;metric_version,missing,unavailable,missing_balance_axis_or_risk,missing_confidence_or_risk,missing_prediction_set_outputs,missing_cluster_or_spatial_block,not_an_audit_source,5bda6974bb099a07027be94e584e770ef5bfe3dd17eb875b1f421a6ea51c6747
outputs\test_alphaearth_hardening_32df11d9cdc64e79ab005fef409600f6\audit\alphaearth_full_all_split_predictions.csv,selective_or_predictions,sample_id;split;country_iso3;region;worldcover_class_name;class_label;label;prediction;predicted_class_name;correct;risk;confidence;dynamic_world_label;dynamic_world_confidence;spatial_block_id,dataset;model;task;independent_unit_id;split_role;model_signature;dataset_signature;protocol_hash;metric_version,missing,recomputable,missing_balance_axis_or_risk,recomputable,missing_prediction_set_outputs,cluster_ready,upgrade_schema_or_reexport,5bda6974bb099a07027be94e584e770ef5bfe3dd17eb875b1f421a6ea51c6747
outputs\test_alphaearth_hardening_32df11d9cdc64e79ab005fef409600f6\audit\alphaearth_full_conformal_slice_coverage.csv,conformal,coverage_target;slice_variable;slice_value;support_count;slice_coverage;average_set_size,dataset;model;task;split;sample_id;independent_unit_id;risk;split_role;model_signature;dataset_signature;protocol_hash;metric_version,missing,unavailable,missing_balance_axis_or_risk,missing_confidence_or_risk,missing_prediction_set_outputs,missing_cluster_or_spatial_block,not_an_audit_source,5bda6974bb099a07027be94e584e770ef5bfe3dd17eb875b1f421a6ea51c6747
outputs\test_alphaearth_hardening_32df11d9cdc64e79ab005fef409600f6\audit\alphaearth_full_predictions.csv,selective_or_predictions,sample_id;split;country_iso3;region;worldcover_class_name;class_label;label;prediction;predicted_class_name;correct;risk;confidence;dynamic_world_label;dynamic_world_confidence;spatial_block_id,dataset;model;task;independent_unit_id;split_role;model_signature;dataset_signature;protocol_hash;metric_version,missing,recomputable,missing_balance_axis_or_risk,recomputable,missing_prediction_set_outputs,cluster_ready,upgrade_schema_or_reexport,5bda6974bb099a07027be94e584e770ef5bfe3dd17eb875b1f421a6ea51c6747
outputs\test_alphaearth_hardening_32df11d9cdc64e79ab005fef409600f6\audit\alphaearth_prediction_subset_sensitivity_diagnostic.csv,audit_table,mode;seed;requested_scale;effective_eval_rows;accuracy;macro_f1;country_bwer;class_bwer;country_class_bwer;region_class_bwer;note,dataset;model;task;split;sample_id;independent_unit_id;risk;split_role;model_signature;dataset_signature;protocol_hash;metric_version,missing,unavailable,missing_balance_axis_or_risk,missing_confidence_or_risk,missing_prediction_set_outputs,missing_cluster_or_spatial_block,not_an_audit_source,5bda6974bb099a07027be94e584e770ef5bfe3dd17eb875b1f421a6ea51c6747
outputs\test_alphaearth_hardening_3553325d444a4d1cab115bf66c8c3706\audit\alphaearth_conformal_set_size_by_slice.csv,conformal,coverage_target;slice_variable;slice_value;support_count;average_set_size;slice_coverage;coverage_gap,dataset;model;task;split;sample_id;independent_unit_id;risk;split_role;model_signature;dataset_signature;protocol_hash;metric_version,missing,unavailable,missing_balance_axis_or_risk,missing_confidence_or_risk,missing_prediction_set_outputs,missing_cluster_or_spatial_block,not_an_audit_source,5bda6974bb099a07027be94e584e770ef5bfe3dd17eb875b1f421a6ea51c6747
outputs\test_alphaearth_hardening_3553325d444a4d1cab115bf66c8c3706\audit\alphaearth_conformal_slice_gap_diagnostic.csv,conformal,coverage_target;slice_variable;slice_value;support_count;slice_coverage;average_set_size;coverage_gap;undercovered,dataset;model;task;split;sample_id;independent_unit_id;risk;split_role;model_signature;dataset_signature;protocol_hash;metric_version,missing,unavailable,missing_balance_axis_or_risk,missing_confidence_or_risk,missing_prediction_set_outputs,missing_cluster_or_spatial_block,not_an_audit_source,5bda6974bb099a07027be94e584e770ef5bfe3dd17eb875b1f421a6ea51c6747
outputs\test_alphaearth_hardening_3553325d444a4d1cab115bf66c8c3706\audit\alphaearth_full_conformal_slice_coverage.csv,conformal,coverage_target;slice_variable;slice_value;support_count;slice_coverage;average_set_size,dataset;model;task;split;sample_id;independent_unit_id;risk;split_role;model_signature;dataset_signature;protocol_hash;metric_version,missing,unavailable,missing_balance_axis_or_risk,missing_confidence_or_risk,missing_prediction_set_outputs,missing_cluster_or_spatial_block,not_an_audit_source,5bda6974bb099a07027be94e584e770ef5bfe3dd17eb875b1f421a6ea51c6747
outputs\test_alphaearth_hardening_3553325d444a4d1cab115bf66c8c3706\audit\alphaearth_full_predictions.csv,selective_or_predictions,sample_id;split;country_iso3;region;worldcover_class_name;class_label;label;prediction;predicted_class_name;correct;risk;confidence;dynamic_world_label;dynamic_world_confidence;spatial_block_id,dataset;model;task;independent_unit_id;split_role;model_signature;dataset_signature;protocol_hash;metric_version,missing,recomputable,missing_balance_axis_or_risk,recomputable,missing_prediction_set_outputs,cluster_ready,upgrade_schema_or_reexport,5bda6974bb099a07027be94e584e770ef5bfe3dd17eb875b1f421a6ea51c6747
outputs\test_alphaearth_hardening_3553325d444a4d1cab115bf66c8c3706\audit\alphaearth_prediction_subset_sensitivity_diagnostic.csv,audit_table,mode;seed;requested_scale;effective_eval_rows;accuracy;macro_f1;country_bwer;class_bwer;country_class_bwer;region_class_bwer;note,dataset;model;task;split;sample_id;independent_unit_id;risk;split_role;model_signature;dataset_signature;protocol_hash;metric_version,missing,unavailable,missing_balance_axis_or_risk,missing_confidence_or_risk,missing_prediction_set_outputs,missing_cluster_or_spatial_block,not_an_audit_source,5bda6974bb099a07027be94e584e770ef5bfe3dd17eb875b1f421a6ea51c6747
outputs\test_alphaearth_hardening_56104e8cae9b48188641fee3d3d1ed94\audit\alphaearth_conformal_set_size_by_slice.csv,conformal,coverage_target;slice_variable;slice_value;support_count;average_set_size;slice_coverage;coverage_gap,dataset;model;task;split;sample_id;independent_unit_id;risk;split_role;model_signature;dataset_signature;protocol_hash;metric_version,missing,unavailable,missing_balance_axis_or_risk,missing_confidence_or_risk,missing_prediction_set_outputs,missing_cluster_or_spatial_block,not_an_audit_source,5bda6974bb099a07027be94e584e770ef5bfe3dd17eb875b1f421a6ea51c6747
outputs\test_alphaearth_hardening_56104e8cae9b48188641fee3d3d1ed94\audit\alphaearth_conformal_slice_gap_diagnostic.csv,conformal,coverage_target;slice_variable;slice_value;support_count;slice_coverage;average_set_size;coverage_gap;undercovered,dataset;model;task;split;sample_id;independent_unit_id;risk;split_role;model_signature;dataset_signature;protocol_hash;metric_version,missing,unavailable,missing_balance_axis_or_risk,missing_confidence_or_risk,missing_prediction_set_outputs,missing_cluster_or_spatial_block,not_an_audit_source,5bda6974bb099a07027be94e584e770ef5bfe3dd17eb875b1f421a6ea51c6747
outputs\test_alphaearth_hardening_56104e8cae9b48188641fee3d3d1ed94\audit\alphaearth_full_conformal_slice_coverage.csv,conformal,coverage_target;slice_variable;slice_value;support_count;slice_coverage;average_set_size,dataset;model;task;split;sample_id;independent_unit_id;risk;split_role;model_signature;dataset_signature;protocol_hash;metric_version,missing,unavailable,missing_balance_axis_or_risk,missing_confidence_or_risk,missing_prediction_set_outputs,missing_cluster_or_spatial_block,not_an_audit_source,5bda6974bb099a07027be94e584e770ef5bfe3dd17eb875b1f421a6ea51c6747
outputs\test_alphaearth_hardening_56104e8cae9b48188641fee3d3d1ed94\audit\alphaearth_full_predictions.csv,selective_or_predictions,sample_id;split;country_iso3;region;worldcover_class_name;class_label;label;prediction;predicted_class_name;correct;risk;confidence;dynamic_world_label;dynamic_world_confidence;spatial_block_id,dataset;model;task;independent_unit_id;split_role;model_signature;dataset_signature;protocol_hash;metric_version,missing,recomputable,missing_balance_axis_or_risk,recomputable,missing_prediction_set_outputs,cluster_ready,upgrade_schema_or_reexport,5bda6974bb099a07027be94e584e770ef5bfe3dd17eb875b1f421a6ea51c6747
outputs\test_alphaearth_hardening_9f665e28bc234d67a2b3397d07753159\audit\alphaearth_conformal_set_size_by_slice.csv,conformal,coverage_target;slice_variable;slice_value;support_count;average_set_size;slice_coverage;coverage_gap,dataset;model;task;split;sample_id;independent_unit_id;risk;split_role;model_signature;dataset_signature;protocol_hash;metric_version,missing,unavailable,missing_balance_axis_or_risk,missing_confidence_or_risk,missing_prediction_set_outputs,missing_cluster_or_spatial_block,not_an_audit_source,5bda6974bb099a07027be94e584e770ef5bfe3dd17eb875b1f421a6ea51c6747
outputs\test_alphaearth_hardening_9f665e28bc234d67a2b3397d07753159\audit\alphaearth_conformal_slice_gap_diagnostic.csv,conformal,coverage_target;slice_variable;slice_value;support_count;slice_coverage;average_set_size;coverage_gap;undercovered,dataset;model;task;split;sample_id;independent_unit_id;risk;split_role;model_signature;dataset_signature;protocol_hash;metric_version,missing,unavailable,missing_balance_axis_or_risk,missing_confidence_or_risk,missing_prediction_set_outputs,missing_cluster_or_spatial_block,not_an_audit_source,5bda6974bb099a07027be94e584e770ef5bfe3dd17eb875b1f421a6ea51c6747
outputs\test_alphaearth_hardening_9f665e28bc234d67a2b3397d07753159\audit\alphaearth_full_all_split_predictions.csv,selective_or_predictions,sample_id;split;country_iso3;region;worldcover_class_name;class_label;label;prediction;predicted_class_name;correct;risk;confidence;dynamic_world_label;dynamic_world_confidence;spatial_block_id,dataset;model;task;independent_unit_id;split_role;model_signature;dataset_signature;protocol_hash;metric_version,missing,recomputable,missing_balance_axis_or_risk,recomputable,missing_prediction_set_outputs,cluster_ready,upgrade_schema_or_reexport,5bda6974bb099a07027be94e584e770ef5bfe3dd17eb875b1f421a6ea51c6747
outputs\test_alphaearth_hardening_9f665e28bc234d67a2b3397d07753159\audit\alphaearth_full_conformal_slice_coverage.csv,conformal,coverage_target;slice_variable;slice_value;support_count;slice_coverage;average_set_size,dataset;model;task;split;sample_id;independent_unit_id;risk;split_role;model_signature;dataset_signature;protocol_hash;metric_version,missing,unavailable,missing_balance_axis_or_risk,missing_confidence_or_risk,missing_prediction_set_outputs,missing_cluster_or_spatial_block,not_an_audit_source,5bda6974bb099a07027be94e584e770ef5bfe3dd17eb875b1f421a6ea51c6747
outputs\test_alphaearth_hardening_9f665e28bc234d67a2b3397d07753159\audit\alphaearth_full_predictions.csv,selective_or_predictions,sample_id;split;country_iso3;region;worldcover_class_name;class_label;label;prediction;predicted_class_name;correct;risk;confidence;dynamic_world_label;dynamic_world_confidence;spatial_block_id,dataset;model;task;independent_unit_id;split_role;model_signature;dataset_signature;protocol_hash;metric_version,missing,recomputable,missing_balance_axis_or_risk,recomputable,missing_prediction_set_outputs,cluster_ready,upgrade_schema_or_reexport,5bda6974bb099a07027be94e584e770ef5bfe3dd17eb875b1f421a6ea51c6747
outputs\test_alphaearth_hardening_9f665e28bc234d67a2b3397d07753159\audit\alphaearth_prediction_subset_sensitivity_diagnostic.csv,audit_table,mode;seed;requested_scale;effective_eval_rows;accuracy;macro_f1;country_bwer;class_bwer;country_class_bwer;region_class_bwer;note,dataset;model;task;split;sample_id;independent_unit_id;risk;split_role;model_signature;dataset_signature;protocol_hash;metric_version,missing,unavailable,missing_balance_axis_or_risk,missing_confidence_or_risk,missing_prediction_set_outputs,missing_cluster_or_spatial_block,not_an_audit_source,5bda6974bb099a07027be94e584e770ef5bfe3dd17eb875b1f421a6ea51c6747
outputs\test_alphaearth_hardening_bad_dw_0b3dd7bc28ce44fdb2e20efc63110aed\audit\alphaearth_conformal_set_size_by_slice.csv,conformal,,dataset;model;task;split;sample_id;independent_unit_id;risk;split_role;model_signature;dataset_signature;protocol_hash;metric_version,missing,unavailable,missing_balance_axis_or_risk,missing_confidence_or_risk,missing_prediction_set_outputs,missing_cluster_or_spatial_block,not_an_audit_source,5bda6974bb099a07027be94e584e770ef5bfe3dd17eb875b1f421a6ea51c6747
outputs\test_alphaearth_hardening_bad_dw_0b3dd7bc28ce44fdb2e20efc63110aed\audit\alphaearth_conformal_slice_gap_diagnostic.csv,conformal,,dataset;model;task;split;sample_id;independent_unit_id;risk;split_role;model_signature;dataset_signature;protocol_hash;metric_version,missing,unavailable,missing_balance_axis_or_risk,missing_confidence_or_risk,missing_prediction_set_outputs,missing_cluster_or_spatial_block,not_an_audit_source,5bda6974bb099a07027be94e584e770ef5bfe3dd17eb875b1f421a6ea51c6747
outputs\test_alphaearth_hardening_bad_dw_0b3dd7bc28ce44fdb2e20efc63110aed\audit\alphaearth_prediction_subset_sensitivity_diagnostic.csv,audit_table,status;reason,dataset;model;task;split;sample_id;independent_unit_id;risk;split_role;model_signature;dataset_signature;protocol_hash;metric_version,missing,unavailable,missing_balance_axis_or_risk,missing_confidence_or_risk,missing_prediction_set_outputs,missing_cluster_or_spatial_block,not_an_audit_source,5bda6974bb099a07027be94e584e770ef5bfe3dd17eb875b1f421a6ea51c6747
outputs\test_alphaearth_hardening_bad_dw_19dc1874b0e64da5a290afb9b4cbcf20\audit\alphaearth_conformal_set_size_by_slice.csv,conformal,,dataset;model;task;split;sample_id;independent_unit_id;risk;split_role;model_signature;dataset_signature;protocol_hash;metric_version,missing,unavailable,missing_balance_axis_or_risk,missing_confidence_or_risk,missing_prediction_set_outputs,missing_cluster_or_spatial_block,not_an_audit_source,5bda6974bb099a07027be94e584e770ef5bfe3dd17eb875b1f421a6ea51c6747
outputs\test_alphaearth_hardening_bad_dw_19dc1874b0e64da5a290afb9b4cbcf20\audit\alphaearth_conformal_slice_gap_diagnostic.csv,conformal,,dataset;model;task;split;sample_id;independent_unit_id;risk;split_role;model_signature;dataset_signature;protocol_hash;metric_version,missing,unavailable,missing_balance_axis_or_risk,missing_confidence_or_risk,missing_prediction_set_outputs,missing_cluster_or_spatial_block,not_an_audit_source,5bda6974bb099a07027be94e584e770ef5bfe3dd17eb875b1f421a6ea51c6747
outputs\test_alphaearth_hardening_bad_dw_19dc1874b0e64da5a290afb9b4cbcf20\audit\alphaearth_prediction_subset_sensitivity_diagnostic.csv,audit_table,status;reason,dataset;model;task;split;sample_id;independent_unit_id;risk;split_role;model_signature;dataset_signature;protocol_hash;metric_version,missing,unavailable,missing_balance_axis_or_risk,missing_confidence_or_risk,missing_prediction_set_outputs,missing_cluster_or_spatial_block,not_an_audit_source,5bda6974bb099a07027be94e584e770ef5bfe3dd17eb875b1f421a6ea51c6747
outputs\test_alphaearth_hardening_bad_dw_4c9d5e71c1664270a85b0e3c47d4496f\audit\alphaearth_conformal_set_size_by_slice.csv,conformal,,dataset;model;task;split;sample_id;independent_unit_id;risk;split_role;model_signature;dataset_signature;protocol_hash;metric_version,missing,unavailable,missing_balance_axis_or_risk,missing_confidence_or_risk,missing_prediction_set_outputs,missing_cluster_or_spatial_block,not_an_audit_source,5bda6974bb099a07027be94e584e770ef5bfe3dd17eb875b1f421a6ea51c6747
outputs\test_alphaearth_hardening_bad_dw_4c9d5e71c1664270a85b0e3c47d4496f\audit\alphaearth_conformal_slice_gap_diagnostic.csv,conformal,,dataset;model;task;split;sample_id;independent_unit_id;risk;split_role;model_signature;dataset_signature;protocol_hash;metric_version,missing,unavailable,missing_balance_axis_or_risk,missing_confidence_or_risk,missing_prediction_set_outputs,missing_cluster_or_spatial_block,not_an_audit_source,5bda6974bb099a07027be94e584e770ef5bfe3dd17eb875b1f421a6ea51c6747
outputs\test_alphaearth_hardening_bad_dw_4c9d5e71c1664270a85b0e3c47d4496f\audit\alphaearth_prediction_subset_sensitivity_diagnostic.csv,audit_table,status;reason,dataset;model;task;split;sample_id;independent_unit_id;risk;split_role;model_signature;dataset_signature;protocol_hash;metric_version,missing,unavailable,missing_balance_axis_or_risk,missing_confidence_or_risk,missing_prediction_set_outputs,missing_cluster_or_spatial_block,not_an_audit_source,5bda6974bb099a07027be94e584e770ef5bfe3dd17eb875b1f421a6ea51c6747
outputs\test_alphaearth_hardening_bad_dw_71b4273a7c4e4461b70a8caa9cc1afce\audit\alphaearth_conformal_set_size_by_slice.csv,conformal,,dataset;model;task;split;sample_id;independent_unit_id;risk;split_role;model_signature;dataset_signature;protocol_hash;metric_version,missing,unavailable,missing_balance_axis_or_risk,missing_confidence_or_risk,missing_prediction_set_outputs,missing_cluster_or_spatial_block,not_an_audit_source,5bda6974bb099a07027be94e584e770ef5bfe3dd17eb875b1f421a6ea51c6747
outputs\test_alphaearth_hardening_bad_dw_71b4273a7c4e4461b70a8caa9cc1afce\audit\alphaearth_conformal_slice_gap_diagnostic.csv,conformal,,dataset;model;task;split;sample_id;independent_unit_id;risk;split_role;model_signature;dataset_signature;protocol_hash;metric_version,missing,unavailable,missing_balance_axis_or_risk,missing_confidence_or_risk,missing_prediction_set_outputs,missing_cluster_or_spatial_block,not_an_audit_source,5bda6974bb099a07027be94e584e770ef5bfe3dd17eb875b1f421a6ea51c6747
outputs\test_alphaearth_hardening_bad_dw_71b4273a7c4e4461b70a8caa9cc1afce\audit\alphaearth_prediction_subset_sensitivity_diagnostic.csv,audit_table,status;reason,dataset;model;task;split;sample_id;independent_unit_id;risk;split_role;model_signature;dataset_signature;protocol_hash;metric_version,missing,unavailable,missing_balance_axis_or_risk,missing_confidence_or_risk,missing_prediction_set_outputs,missing_cluster_or_spatial_block,not_an_audit_source,5bda6974bb099a07027be94e584e770ef5bfe3dd17eb875b1f421a6ea51c6747
outputs\test_alphaearth_hardening_bad_dw_ed869a4ae8a84e688290904896648414\audit\alphaearth_conformal_set_size_by_slice.csv,conformal,,dataset;model;task;split;sample_id;independent_unit_id;risk;split_role;model_signature;dataset_signature;protocol_hash;metric_version,missing,unavailable,missing_balance_axis_or_risk,missing_confidence_or_risk,missing_prediction_set_outputs,missing_cluster_or_spatial_block,not_an_audit_source,5bda6974bb099a07027be94e584e770ef5bfe3dd17eb875b1f421a6ea51c6747
outputs\test_alphaearth_hardening_bad_dw_ed869a4ae8a84e688290904896648414\audit\alphaearth_conformal_slice_gap_diagnostic.csv,conformal,,dataset;model;task;split;sample_id;independent_unit_id;risk;split_role;model_signature;dataset_signature;protocol_hash;metric_version,missing,unavailable,missing_balance_axis_or_risk,missing_confidence_or_risk,missing_prediction_set_outputs,missing_cluster_or_spatial_block,not_an_audit_source,5bda6974bb099a07027be94e584e770ef5bfe3dd17eb875b1f421a6ea51c6747
outputs\test_alphaearth_hardening_bad_dw_ed869a4ae8a84e688290904896648414\audit\alphaearth_prediction_subset_sensitivity_diagnostic.csv,audit_table,status;reason,dataset;model;task;split;sample_id;independent_unit_id;risk;split_role;model_signature;dataset_signature;protocol_hash;metric_version,missing,unavailable,missing_balance_axis_or_risk,missing_confidence_or_risk,missing_prediction_set_outputs,missing_cluster_or_spatial_block,not_an_audit_source,5bda6974bb099a07027be94e584e770ef5bfe3dd17eb875b1f421a6ea51c6747
outputs\test_alphaearth_hardening_bad_dw_fd9f456bfef34a1aaa9afb99cd7c73e5\audit\alphaearth_conformal_set_size_by_slice.csv,conformal,,dataset;model;task;split;sample_id;independent_unit_id;risk;split_role;model_signature;dataset_signature;protocol_hash;metric_version,missing,unavailable,missing_balance_axis_or_risk,missing_confidence_or_risk,missing_prediction_set_outputs,missing_cluster_or_spatial_block,not_an_audit_source,5bda6974bb099a07027be94e584e770ef5bfe3dd17eb875b1f421a6ea51c6747
outputs\test_alphaearth_hardening_bad_dw_fd9f456bfef34a1aaa9afb99cd7c73e5\audit\alphaearth_conformal_slice_gap_diagnostic.csv,conformal,,dataset;model;task;split;sample_id;independent_unit_id;risk;split_role;model_signature;dataset_signature;protocol_hash;metric_version,missing,unavailable,missing_balance_axis_or_risk,missing_confidence_or_risk,missing_prediction_set_outputs,missing_cluster_or_spatial_block,not_an_audit_source,5bda6974bb099a07027be94e584e770ef5bfe3dd17eb875b1f421a6ea51c6747
outputs\test_alphaearth_hardening_bad_dw_fd9f456bfef34a1aaa9afb99cd7c73e5\audit\alphaearth_prediction_subset_sensitivity_diagnostic.csv,audit_table,status;reason,dataset;model;task;split;sample_id;independent_unit_id;risk;split_role;model_signature;dataset_signature;protocol_hash;metric_version,missing,unavailable,missing_balance_axis_or_risk,missing_confidence_or_risk,missing_prediction_set_outputs,missing_cluster_or_spatial_block,not_an_audit_source,5bda6974bb099a07027be94e584e770ef5bfe3dd17eb875b1f421a6ea51c6747
outputs\test_alphaearth_hardening_bf2e2ece6d7649b8975e6888357dae18\audit\alphaearth_full_conformal_slice_coverage.csv,conformal,coverage_target;slice_variable;slice_value;support_count;slice_coverage;average_set_size,dataset;model;task;split;sample_id;independent_unit_id;risk;split_role;model_signature;dataset_signature;protocol_hash;metric_version,missing,unavailable,missing_balance_axis_or_risk,missing_confidence_or_risk,missing_prediction_set_outputs,missing_cluster_or_spatial_block,not_an_audit_source,5bda6974bb099a07027be94e584e770ef5bfe3dd17eb875b1f421a6ea51c6747
outputs\test_alphaearth_hardening_bf2e2ece6d7649b8975e6888357dae18\audit\alphaearth_full_predictions.csv,selective_or_predictions,sample_id;split;country_iso3;region;worldcover_class_name;class_label;label;prediction;predicted_class_name;correct;risk;confidence;dynamic_world_label;dynamic_world_confidence;spatial_block_id,dataset;model;task;independent_unit_id;split_role;model_signature;dataset_signature;protocol_hash;metric_version,missing,recomputable,missing_balance_axis_or_risk,recomputable,missing_prediction_set_outputs,cluster_ready,upgrade_schema_or_reexport,5bda6974bb099a07027be94e584e770ef5bfe3dd17eb875b1f421a6ea51c6747
outputs\test_alphaearth_hardening_c7e67575a50a45dbbbc1642464bd6378\audit\alphaearth_conformal_set_size_by_slice.csv,conformal,coverage_target;slice_variable;slice_value;support_count;average_set_size;slice_coverage;coverage_gap,dataset;model;task;split;sample_id;independent_unit_id;risk;split_role;model_signature;dataset_signature;protocol_hash;metric_version,missing,unavailable,missing_balance_axis_or_risk,missing_confidence_or_risk,missing_prediction_set_outputs,missing_cluster_or_spatial_block,not_an_audit_source,5bda6974bb099a07027be94e584e770ef5bfe3dd17eb875b1f421a6ea51c6747
outputs\test_alphaearth_hardening_c7e67575a50a45dbbbc1642464bd6378\audit\alphaearth_conformal_slice_gap_diagnostic.csv,conformal,coverage_target;slice_variable;slice_value;support_count;slice_coverage;average_set_size;coverage_gap;undercovered,dataset;model;task;split;sample_id;independent_unit_id;risk;split_role;model_signature;dataset_signature;protocol_hash;metric_version,missing,unavailable,missing_balance_axis_or_risk,missing_confidence_or_risk,missing_prediction_set_outputs,missing_cluster_or_spatial_block,not_an_audit_source,5bda6974bb099a07027be94e584e770ef5bfe3dd17eb875b1f421a6ea51c6747
outputs\test_alphaearth_hardening_c7e67575a50a45dbbbc1642464bd6378\audit\alphaearth_full_all_split_predictions.csv,selective_or_predictions,sample_id;split;country_iso3;region;worldcover_class_name;class_label;label;prediction;predicted_class_name;correct;risk;confidence;dynamic_world_label;dynamic_world_confidence;spatial_block_id,dataset;model;task;independent_unit_id;split_role;model_signature;dataset_signature;protocol_hash;metric_version,missing,recomputable,missing_balance_axis_or_risk,recomputable,missing_prediction_set_outputs,cluster_ready,upgrade_schema_or_reexport,5bda6974bb099a07027be94e584e770ef5bfe3dd17eb875b1f421a6ea51c6747
outputs\test_alphaearth_hardening_c7e67575a50a45dbbbc1642464bd6378\audit\alphaearth_full_conformal_slice_coverage.csv,conformal,coverage_target;slice_variable;slice_value;support_count;slice_coverage;average_set_size,dataset;model;task;split;sample_id;independent_unit_id;risk;split_role;model_signature;dataset_signature;protocol_hash;metric_version,missing,unavailable,missing_balance_axis_or_risk,missing_confidence_or_risk,missing_prediction_set_outputs,missing_cluster_or_spatial_block,not_an_audit_source,5bda6974bb099a07027be94e584e770ef5bfe3dd17eb875b1f421a6ea51c6747
outputs\test_alphaearth_hardening_c7e67575a50a45dbbbc1642464bd6378\audit\alphaearth_full_predictions.csv,selective_or_predictions,sample_id;split;country_iso3;region;worldcover_class_name;class_label;label;prediction;predicted_class_name;correct;risk;confidence;dynamic_world_label;dynamic_world_confidence;spatial_block_id,dataset;model;task;independent_unit_id;split_role;model_signature;dataset_signature;protocol_hash;metric_version,missing,recomputable,missing_balance_axis_or_risk,recomputable,missing_prediction_set_outputs,cluster_ready,upgrade_schema_or_reexport,5bda6974bb099a07027be94e584e770ef5bfe3dd17eb875b1f421a6ea51c6747
outputs\test_alphaearth_hardening_c7e67575a50a45dbbbc1642464bd6378\audit\alphaearth_prediction_subset_sensitivity_diagnostic.csv,audit_table,mode;seed;requested_scale;effective_eval_rows;accuracy;macro_f1;country_bwer;class_bwer;country_class_bwer;region_class_bwer;note,dataset;model;task;split;sample_id;independent_unit_id;risk;split_role;model_signature;dataset_signature;protocol_hash;metric_version,missing,unavailable,missing_balance_axis_or_risk,missing_confidence_or_risk,missing_prediction_set_outputs,missing_cluster_or_spatial_block,not_an_audit_source,5bda6974bb099a07027be94e584e770ef5bfe3dd17eb875b1f421a6ea51c6747
outputs\test_alphaearth_hardening_de268c75a6e949bc9167f080c304cab5\audit\alphaearth_conformal_set_size_by_slice.csv,conformal,coverage_target;slice_variable;slice_value;support_count;average_set_size;slice_coverage;coverage_gap,dataset;model;task;split;sample_id;independent_unit_id;risk;split_role;model_signature;dataset_signature;protocol_hash;metric_version,missing,unavailable,missing_balance_axis_or_risk,missing_confidence_or_risk,missing_prediction_set_outputs,missing_cluster_or_spatial_block,not_an_audit_source,5bda6974bb099a07027be94e584e770ef5bfe3dd17eb875b1f421a6ea51c6747
outputs\test_alphaearth_hardening_de268c75a6e949bc9167f080c304cab5\audit\alphaearth_conformal_slice_gap_diagnostic.csv,conformal,coverage_target;slice_variable;slice_value;support_count;slice_coverage;average_set_size;coverage_gap;undercovered,dataset;model;task;split;sample_id;independent_unit_id;risk;split_role;model_signature;dataset_signature;protocol_hash;metric_version,missing,unavailable,missing_balance_axis_or_risk,missing_confidence_or_risk,missing_prediction_set_outputs,missing_cluster_or_spatial_block,not_an_audit_source,5bda6974bb099a07027be94e584e770ef5bfe3dd17eb875b1f421a6ea51c6747
outputs\test_alphaearth_hardening_de268c75a6e949bc9167f080c304cab5\audit\alphaearth_full_all_split_predictions.csv,selective_or_predictions,sample_id;split;country_iso3;region;worldcover_class_name;class_label;label;prediction;predicted_class_name;correct;risk;confidence;dynamic_world_label;dynamic_world_confidence;spatial_block_id,dataset;model;task;independent_unit_id;split_role;model_signature;dataset_signature;protocol_hash;metric_version,missing,recomputable,missing_balance_axis_or_risk,recomputable,missing_prediction_set_outputs,cluster_ready,upgrade_schema_or_reexport,5bda6974bb099a07027be94e584e770ef5bfe3dd17eb875b1f421a6ea51c6747
outputs\test_alphaearth_hardening_de268c75a6e949bc9167f080c304cab5\audit\alphaearth_full_conformal_slice_coverage.csv,conformal,coverage_target;slice_variable;slice_value;support_count;slice_coverage;average_set_size,dataset;model;task;split;sample_id;independent_unit_id;risk;split_role;model_signature;dataset_signature;protocol_hash;metric_version,missing,unavailable,missing_balance_axis_or_risk,missing_confidence_or_risk,missing_prediction_set_outputs,missing_cluster_or_spatial_block,not_an_audit_source,5bda6974bb099a07027be94e584e770ef5bfe3dd17eb875b1f421a6ea51c6747
outputs\test_alphaearth_hardening_de268c75a6e949bc9167f080c304cab5\audit\alphaearth_full_predictions.csv,selective_or_predictions,sample_id;split;country_iso3;region;worldcover_class_name;class_label;label;prediction;predicted_class_name;correct;risk;confidence;dynamic_world_label;dynamic_world_confidence;spatial_block_id,dataset;model;task;independent_unit_id;split_role;model_signature;dataset_signature;protocol_hash;metric_version,missing,recomputable,missing_balance_axis_or_risk,recomputable,missing_prediction_set_outputs,cluster_ready,upgrade_schema_or_reexport,5bda6974bb099a07027be94e584e770ef5bfe3dd17eb875b1f421a6ea51c6747
outputs\test_alphaearth_hardening_de268c75a6e949bc9167f080c304cab5\audit\alphaearth_prediction_subset_sensitivity_diagnostic.csv,audit_table,mode;seed;requested_scale;effective_eval_rows;accuracy;macro_f1;country_bwer;class_bwer;country_class_bwer;region_class_bwer;note,dataset;model;task;split;sample_id;independent_unit_id;risk;split_role;model_signature;dataset_signature;protocol_hash;metric_version,missing,unavailable,missing_balance_axis_or_risk,missing_confidence_or_risk,missing_prediction_set_outputs,missing_cluster_or_spatial_block,not_an_audit_source,5bda6974bb099a07027be94e584e770ef5bfe3dd17eb875b1f421a6ea51c6747
outputs\test_alphaearth_hardening_e3e5bb3902e345b8b45da9f0ce5d5c5a\audit\alphaearth_conformal_set_size_by_slice.csv,conformal,coverage_target;slice_variable;slice_value;support_count;average_set_size;slice_coverage;coverage_gap,dataset;model;task;split;sample_id;independent_unit_id;risk;split_role;model_signature;dataset_signature;protocol_hash;metric_version,missing,unavailable,missing_balance_axis_or_risk,missing_confidence_or_risk,missing_prediction_set_outputs,missing_cluster_or_spatial_block,not_an_audit_source,5bda6974bb099a07027be94e584e770ef5bfe3dd17eb875b1f421a6ea51c6747
outputs\test_alphaearth_hardening_e3e5bb3902e345b8b45da9f0ce5d5c5a\audit\alphaearth_conformal_slice_gap_diagnostic.csv,conformal,coverage_target;slice_variable;slice_value;support_count;slice_coverage;average_set_size;coverage_gap;undercovered,dataset;model;task;split;sample_id;independent_unit_id;risk;split_role;model_signature;dataset_signature;protocol_hash;metric_version,missing,unavailable,missing_balance_axis_or_risk,missing_confidence_or_risk,missing_prediction_set_outputs,missing_cluster_or_spatial_block,not_an_audit_source,5bda6974bb099a07027be94e584e770ef5bfe3dd17eb875b1f421a6ea51c6747
outputs\test_alphaearth_hardening_e3e5bb3902e345b8b45da9f0ce5d5c5a\audit\alphaearth_full_conformal_slice_coverage.csv,conformal,coverage_target;slice_variable;slice_value;support_count;slice_coverage;average_set_size,dataset;model;task;split;sample_id;independent_unit_id;risk;split_role;model_signature;dataset_signature;protocol_hash;metric_version,missing,unavailable,missing_balance_axis_or_risk,missing_confidence_or_risk,missing_prediction_set_outputs,missing_cluster_or_spatial_block,not_an_audit_source,5bda6974bb099a07027be94e584e770ef5bfe3dd17eb875b1f421a6ea51c6747
outputs\test_alphaearth_hardening_e3e5bb3902e345b8b45da9f0ce5d5c5a\audit\alphaearth_full_predictions.csv,selective_or_predictions,sample_id;split;country_iso3;region;worldcover_class_name;class_label;label;prediction;predicted_class_name;correct;risk;confidence;dynamic_world_label;dynamic_world_confidence;spatial_block_id,dataset;model;task;independent_unit_id;split_role;model_signature;dataset_signature;protocol_hash;metric_version,missing,recomputable,missing_balance_axis_or_risk,recomputable,missing_prediction_set_outputs,cluster_ready,upgrade_schema_or_reexport,5bda6974bb099a07027be94e584e770ef5bfe3dd17eb875b1f421a6ea51c6747
outputs\test_alphaearth_hardening_e3e5bb3902e345b8b45da9f0ce5d5c5a\audit\alphaearth_prediction_subset_sensitivity_diagnostic.csv,audit_table,mode;seed;requested_scale;effective_eval_rows;accuracy;macro_f1;country_bwer;class_bwer;country_class_bwer;region_class_bwer;note,dataset;model;task;split;sample_id;independent_unit_id;risk;split_role;model_signature;dataset_signature;protocol_hash;metric_version,missing,unavailable,missing_balance_axis_or_risk,missing_confidence_or_risk,missing_prediction_set_outputs,missing_cluster_or_spatial_block,not_an_audit_source,5bda6974bb099a07027be94e584e770ef5bfe3dd17eb875b1f421a6ea51c6747
outputs\test_alphaearth_hardening_no_manifest_0d570dd2c5a84680be2896f2116741ba\audit\alphaearth_full_predictions.csv,selective_or_predictions,sample_id;split;country_iso3;region;worldcover_class_name;class_label;label;prediction;predicted_class_name;correct;risk;confidence;dynamic_world_label;dynamic_world_confidence;spatial_block_id,dataset;model;task;independent_unit_id;split_role;model_signature;dataset_signature;protocol_hash;metric_version,missing,recomputable,missing_balance_axis_or_risk,recomputable,missing_prediction_set_outputs,cluster_ready,upgrade_schema_or_reexport,5bda6974bb099a07027be94e584e770ef5bfe3dd17eb875b1f421a6ea51c6747
outputs\test_alphaearth_hardening_no_manifest_756e6cca4965414994682cf97c3fb73a\audit\alphaearth_full_predictions.csv,selective_or_predictions,sample_id;split;country_iso3;region;worldcover_class_name;class_label;label;prediction;predicted_class_name;correct;risk;confidence;dynamic_world_label;dynamic_world_confidence;spatial_block_id,dataset;model;task;independent_unit_id;split_role;model_signature;dataset_signature;protocol_hash;metric_version,missing,recomputable,missing_balance_axis_or_risk,recomputable,missing_prediction_set_outputs,cluster_ready,upgrade_schema_or_reexport,5bda6974bb099a07027be94e584e770ef5bfe3dd17eb875b1f421a6ea51c6747
outputs\test_alphaearth_hardening_no_manifest_8472e6119d8f4647986d7f581c11c3e2\audit\alphaearth_full_predictions.csv,selective_or_predictions,sample_id;split;country_iso3;region;worldcover_class_name;class_label;label;prediction;predicted_class_name;correct;risk;confidence;dynamic_world_label;dynamic_world_confidence;spatial_block_id,dataset;model;task;independent_unit_id;split_role;model_signature;dataset_signature;protocol_hash;metric_version,missing,recomputable,missing_balance_axis_or_risk,recomputable,missing_prediction_set_outputs,cluster_ready,upgrade_schema_or_reexport,5bda6974bb099a07027be94e584e770ef5bfe3dd17eb875b1f421a6ea51c6747
outputs\test_alphaearth_hardening_no_manifest_85196f9eac314141b097e9466a6353c7\audit\alphaearth_full_predictions.csv,selective_or_predictions,sample_id;split;country_iso3;region;worldcover_class_name;class_label;label;prediction;predicted_class_name;correct;risk;confidence;dynamic_world_label;dynamic_world_confidence;spatial_block_id,dataset;model;task;independent_unit_id;split_role;model_signature;dataset_signature;protocol_hash;metric_version,missing,recomputable,missing_balance_axis_or_risk,recomputable,missing_prediction_set_outputs,cluster_ready,upgrade_schema_or_reexport,5bda6974bb099a07027be94e584e770ef5bfe3dd17eb875b1f421a6ea51c6747
outputs\test_alphaearth_hardening_no_manifest_b6a0452b8c574f2e91528766f3e9d6ee\audit\alphaearth_full_predictions.csv,selective_or_predictions,sample_id;split;country_iso3;region;worldcover_class_name;class_label;label;prediction;predicted_class_name;correct;risk;confidence;dynamic_world_label;dynamic_world_confidence;spatial_block_id,dataset;model;task;independent_unit_id;split_role;model_signature;dataset_signature;protocol_hash;metric_version,missing,recomputable,missing_balance_axis_or_risk,recomputable,missing_prediction_set_outputs,cluster_ready,upgrade_schema_or_reexport,5bda6974bb099a07027be94e584e770ef5bfe3dd17eb875b1f421a6ea51c6747
outputs\test_alphaearth_hardening_no_manifest_c1babb19c36e479cb49dc1688947b95e\audit\alphaearth_full_predictions.csv,selective_or_predictions,sample_id;split;country_iso3;region;worldcover_class_name;class_label;label;prediction;predicted_class_name;correct;risk;confidence;dynamic_world_label;dynamic_world_confidence;spatial_block_id,dataset;model;task;independent_unit_id;split_role;model_signature;dataset_signature;protocol_hash;metric_version,missing,recomputable,missing_balance_axis_or_risk,recomputable,missing_prediction_set_outputs,cluster_ready,upgrade_schema_or_reexport,5bda6974bb099a07027be94e584e770ef5bfe3dd17eb875b1f421a6ea51c6747
outputs\test_alphaearth_hardening_no_manifest_c2a78c5ddc55443c90a36d870ded8450\audit\alphaearth_full_predictions.csv,selective_or_predictions,sample_id;split;country_iso3;region;worldcover_class_name;class_label;label;prediction;predicted_class_name;correct;risk;confidence;dynamic_world_label;dynamic_world_confidence;spatial_block_id,dataset;model;task;independent_unit_id;split_role;model_signature;dataset_signature;protocol_hash;metric_version,missing,recomputable,missing_balance_axis_or_risk,recomputable,missing_prediction_set_outputs,cluster_ready,upgrade_schema_or_reexport,5bda6974bb099a07027be94e584e770ef5bfe3dd17eb875b1f421a6ea51c6747
outputs\test_alphaearth_hardening_no_manifest_d0c0c5a3354942429be8f8904efaa715\audit\alphaearth_full_predictions.csv,selective_or_predictions,sample_id;split;country_iso3;region;worldcover_class_name;class_label;label;prediction;predicted_class_name;correct;risk;confidence;dynamic_world_label;dynamic_world_confidence;spatial_block_id,dataset;model;task;independent_unit_id;split_role;model_signature;dataset_signature;protocol_hash;metric_version,missing,recomputable,missing_balance_axis_or_risk,recomputable,missing_prediction_set_outputs,cluster_ready,upgrade_schema_or_reexport,5bda6974bb099a07027be94e584e770ef5bfe3dd17eb875b1f421a6ea51c6747
outputs\test_alphaearth_hardening_no_manifest_e8664a9e40604660b15f6a3b9922114f\audit\alphaearth_full_predictions.csv,selective_or_predictions,sample_id;split;country_iso3;region;worldcover_class_name;class_label;label;prediction;predicted_class_name;correct;risk;confidence;dynamic_world_label;dynamic_world_confidence;spatial_block_id,dataset;model;task;independent_unit_id;split_role;model_signature;dataset_signature;protocol_hash;metric_version,missing,recomputable,missing_balance_axis_or_risk,recomputable,missing_prediction_set_outputs,cluster_ready,upgrade_schema_or_reexport,5bda6974bb099a07027be94e584e770ef5bfe3dd17eb875b1f421a6ea51c6747
outputs\test_alphaearth_outputs_0a966ac090804d55b974da1f599daeff\alphaearth_landcover_pilot_audit_table.csv,selective_or_predictions,sample_id;lon;lat;year;country_iso3;region;income_group;biome_or_ecoregion;urban_rural_or_built_proxy;spatial_block_id;split;worldcover_label;worldcover_class_name;dynamic_world_label;dynamic_world_confidence;A00;A01;A02;A03;A04;A05;A06;A07;A08;A09;A10;A11;A12;A13;A14;A15;A16;A17;A18;A19;A20;A21;A22;A23;A24;A25;A26;A27;A28;A29;A30;A31;A32;A33;A34;A35;A36;A37;A38;A39;A40;A41;A42;A43;A44;A45;A46;A47;A48;A49;A50;A51;A52;A53;A54;A55;A56;A57;A58;A59;A60;A61;A62;A63;support_stratum;dataset;task;model;label;class_label;prediction;predicted_class_name;correct;risk;confidence,independent_unit_id;split_role;model_signature;dataset_signature;protocol_hash;metric_version,missing,recomputable,missing_balance_axis_or_risk,recomputable,missing_prediction_set_outputs,cluster_ready,upgrade_schema_or_reexport,5bda6974bb099a07027be94e584e770ef5bfe3dd17eb875b1f421a6ea51c6747
outputs\test_alphaearth_outputs_4508f4c52e5b448ba3b3ab06a62a2b35\alphaearth_landcover_pilot_audit_table.csv,selective_or_predictions,sample_id;lon;lat;year;country_iso3;region;income_group;biome_or_ecoregion;urban_rural_or_built_proxy;spatial_block_id;split;worldcover_label;worldcover_class_name;dynamic_world_label;dynamic_world_confidence;A00;A01;A02;A03;A04;A05;A06;A07;A08;A09;A10;A11;A12;A13;A14;A15;A16;A17;A18;A19;A20;A21;A22;A23;A24;A25;A26;A27;A28;A29;A30;A31;A32;A33;A34;A35;A36;A37;A38;A39;A40;A41;A42;A43;A44;A45;A46;A47;A48;A49;A50;A51;A52;A53;A54;A55;A56;A57;A58;A59;A60;A61;A62;A63;support_stratum;dataset;task;model;label;class_label;prediction;predicted_class_name;correct;risk;confidence,independent_unit_id;split_role;model_signature;dataset_signature;protocol_hash;metric_version,missing,recomputable,missing_balance_axis_or_risk,recomputable,missing_prediction_set_outputs,cluster_ready,upgrade_schema_or_reexport,5bda6974bb099a07027be94e584e770ef5bfe3dd17eb875b1f421a6ea51c6747
outputs\test_alphaearth_outputs_650e79afb1f445cf8bca7e608b761baf\alphaearth_landcover_pilot_audit_table.csv,selective_or_predictions,sample_id;lon;lat;year;country_iso3;region;income_group;biome_or_ecoregion;urban_rural_or_built_proxy;spatial_block_id;split;worldcover_label;worldcover_class_name;dynamic_world_label;dynamic_world_confidence;A00;A01;A02;A03;A04;A05;A06;A07;A08;A09;A10;A11;A12;A13;A14;A15;A16;A17;A18;A19;A20;A21;A22;A23;A24;A25;A26;A27;A28;A29;A30;A31;A32;A33;A34;A35;A36;A37;A38;A39;A40;A41;A42;A43;A44;A45;A46;A47;A48;A49;A50;A51;A52;A53;A54;A55;A56;A57;A58;A59;A60;A61;A62;A63;support_stratum;dataset;task;model;label;class_label;prediction;predicted_class_name;correct;risk;confidence,independent_unit_id;split_role;model_signature;dataset_signature;protocol_hash;metric_version,missing,recomputable,missing_balance_axis_or_risk,recomputable,missing_prediction_set_outputs,cluster_ready,upgrade_schema_or_reexport,5bda6974bb099a07027be94e584e770ef5bfe3dd17eb875b1f421a6ea51c6747
outputs\test_alphaearth_outputs_8b1abf5a1b694a04beb57529f1666d9d\alphaearth_landcover_pilot_audit_table.csv,selective_or_predictions,sample_id;lon;lat;year;country_iso3;region;income_group;biome_or_ecoregion;urban_rural_or_built_proxy;spatial_block_id;split;worldcover_label;worldcover_class_name;dynamic_world_label;dynamic_world_confidence;A00;A01;A02;A03;A04;A05;A06;A07;A08;A09;A10;A11;A12;A13;A14;A15;A16;A17;A18;A19;A20;A21;A22;A23;A24;A25;A26;A27;A28;A29;A30;A31;A32;A33;A34;A35;A36;A37;A38;A39;A40;A41;A42;A43;A44;A45;A46;A47;A48;A49;A50;A51;A52;A53;A54;A55;A56;A57;A58;A59;A60;A61;A62;A63;support_stratum;dataset;task;model;label;class_label;prediction;predicted_class_name;correct;risk;confidence,independent_unit_id;split_role;model_signature;dataset_signature;protocol_hash;metric_version,missing,recomputable,missing_balance_axis_or_risk,recomputable,missing_prediction_set_outputs,cluster_ready,upgrade_schema_or_reexport,5bda6974bb099a07027be94e584e770ef5bfe3dd17eb875b1f421a6ea51c6747
outputs\test_alphaearth_outputs_a99d6b73f3654b6a9d2c497bced4f4a0\alphaearth_landcover_pilot_audit_table.csv,selective_or_predictions,sample_id;lon;lat;year;country_iso3;region;income_group;biome_or_ecoregion;urban_rural_or_built_proxy;spatial_block_id;split;worldcover_label;worldcover_class_name;dynamic_world_label;dynamic_world_confidence;A00;A01;A02;A03;A04;A05;A06;A07;A08;A09;A10;A11;A12;A13;A14;A15;A16;A17;A18;A19;A20;A21;A22;A23;A24;A25;A26;A27;A28;A29;A30;A31;A32;A33;A34;A35;A36;A37;A38;A39;A40;A41;A42;A43;A44;A45;A46;A47;A48;A49;A50;A51;A52;A53;A54;A55;A56;A57;A58;A59;A60;A61;A62;A63;support_stratum;dataset;task;model;label;class_label;prediction;predicted_class_name;correct;risk;confidence,independent_unit_id;split_role;model_signature;dataset_signature;protocol_hash;metric_version,missing,recomputable,missing_balance_axis_or_risk,recomputable,missing_prediction_set_outputs,cluster_ready,upgrade_schema_or_reexport,5bda6974bb099a07027be94e584e770ef5bfe3dd17eb875b1f421a6ea51c6747
outputs\test_alphaearth_readiness_034a4533f4b94d53badd6cf7e49f6848\alphaearth_audit_table_schema.csv,audit_table,field;required;description,dataset;model;task;split;sample_id;independent_unit_id;risk;split_role;model_signature;dataset_signature;protocol_hash;metric_version,missing,unavailable,missing_balance_axis_or_risk,missing_confidence_or_risk,missing_prediction_set_outputs,missing_cluster_or_spatial_block,not_an_audit_source,5bda6974bb099a07027be94e584e770ef5bfe3dd17eb875b1f421a6ea51c6747
outputs\test_alphaearth_readiness_547034bf27bc46d39d451238c94ef076\alphaearth_audit_table_schema.csv,audit_table,field;required;description,dataset;model;task;split;sample_id;independent_unit_id;risk;split_role;model_signature;dataset_signature;protocol_hash;metric_version,missing,unavailable,missing_balance_axis_or_risk,missing_confidence_or_risk,missing_prediction_set_outputs,missing_cluster_or_spatial_block,not_an_audit_source,5bda6974bb099a07027be94e584e770ef5bfe3dd17eb875b1f421a6ea51c6747
outputs\test_audit_contract_missing_4a204480010a4293b1687dd4ecb7b353\predictions.csv,audit_table,sample_id;split;dataset;task_type;model;y_true;y_pred;risk;country;class_label,task;independent_unit_id;split_role;model_signature;dataset_signature;protocol_hash;metric_version,missing,recomputable,missing_balance_axis_or_risk,missing_confidence_or_risk,missing_prediction_set_outputs,missing_cluster_or_spatial_block,upgrade_schema_or_reexport,5bda6974bb099a07027be94e584e770ef5bfe3dd17eb875b1f421a6ea51c6747
outputs\test_audit_contract_missing_5c3fc3c019564ff0ad3b14c898e860b0\predictions.csv,audit_table,sample_id;split;dataset;task_type;model;y_true;y_pred;risk;country;class_label,task;independent_unit_id;split_role;model_signature;dataset_signature;protocol_hash;metric_version,missing,recomputable,missing_balance_axis_or_risk,missing_confidence_or_risk,missing_prediction_set_outputs,missing_cluster_or_spatial_block,upgrade_schema_or_reexport,5bda6974bb099a07027be94e584e770ef5bfe3dd17eb875b1f421a6ea51c6747
outputs\test_audit_contract_missing_6439ab1d8652450aa4b69504796c13e1\predictions.csv,audit_table,sample_id;split;dataset;task_type;model;y_true;y_pred;risk;country;class_label,task;independent_unit_id;split_role;model_signature;dataset_signature;protocol_hash;metric_version,missing,recomputable,missing_balance_axis_or_risk,missing_confidence_or_risk,missing_prediction_set_outputs,missing_cluster_or_spatial_block,upgrade_schema_or_reexport,5bda6974bb099a07027be94e584e770ef5bfe3dd17eb875b1f421a6ea51c6747
outputs\test_audit_contract_missing_7fcae54c3cf643878b9c7c9b174736f3\predictions.csv,audit_table,sample_id;split;dataset;task_type;model;y_true;y_pred;risk;country;class_label,task;independent_unit_id;split_role;model_signature;dataset_signature;protocol_hash;metric_version,missing,recomputable,missing_balance_axis_or_risk,missing_confidence_or_risk,missing_prediction_set_outputs,missing_cluster_or_spatial_block,upgrade_schema_or_reexport,5bda6974bb099a07027be94e584e770ef5bfe3dd17eb875b1f421a6ea51c6747
outputs\test_audit_contract_missing_b31b3f2800604a5d86ee2977ee172fed\predictions.csv,audit_table,sample_id;split;dataset;task_type;model;y_true;y_pred;risk;country;class_label,task;independent_unit_id;split_role;model_signature;dataset_signature;protocol_hash;metric_version,missing,recomputable,missing_balance_axis_or_risk,missing_confidence_or_risk,missing_prediction_set_outputs,missing_cluster_or_spatial_block,upgrade_schema_or_reexport,5bda6974bb099a07027be94e584e770ef5bfe3dd17eb875b1f421a6ea51c6747
outputs\test_audit_contract_missing_ddaf1b18a6cf4c0697ec9177268020b5\predictions.csv,audit_table,sample_id;split;dataset;task_type;model;y_true;y_pred;risk;country;class_label,task;independent_unit_id;split_role;model_signature;dataset_signature;protocol_hash;metric_version,missing,recomputable,missing_balance_axis_or_risk,missing_confidence_or_risk,missing_prediction_set_outputs,missing_cluster_or_spatial_block,upgrade_schema_or_reexport,5bda6974bb099a07027be94e584e770ef5bfe3dd17eb875b1f421a6ea51c6747
outputs\test_audit_contract_schema_0ed40e3dfd144a9ea37a96a632b0262c\predictions.csv,selective_or_predictions,sample_id;split;dataset;task_type;model;y_true;y_pred;confidence;risk;country;class_label,task;independent_unit_id;split_role;model_signature;dataset_signature;protocol_hash;metric_version,missing,recomputable,missing_balance_axis_or_risk,recomputable,missing_prediction_set_outputs,missing_cluster_or_spatial_block,upgrade_schema_or_reexport,5bda6974bb099a07027be94e584e770ef5bfe3dd17eb875b1f421a6ea51c6747
outputs\test_audit_contract_schema_a66175f8b0b943ebbf089db7f715e1d0\predictions.csv,selective_or_predictions,sample_id;split;dataset;task_type;model;y_true;y_pred;confidence;risk;country;class_label,task;independent_unit_id;split_role;model_signature;dataset_signature;protocol_hash;metric_version,missing,recomputable,missing_balance_axis_or_risk,recomputable,missing_prediction_set_outputs,missing_cluster_or_spatial_block,upgrade_schema_or_reexport,5bda6974bb099a07027be94e584e770ef5bfe3dd17eb875b1f421a6ea51c6747
outputs\test_audit_contract_schema_ae503a93c8de456282025e1d1407e75a\predictions.csv,selective_or_predictions,sample_id;split;dataset;task_type;model;y_true;y_pred;confidence;risk;country;class_label,task;independent_unit_id;split_role;model_signature;dataset_signature;protocol_hash;metric_version,missing,recomputable,missing_balance_axis_or_risk,recomputable,missing_prediction_set_outputs,missing_cluster_or_spatial_block,upgrade_schema_or_reexport,5bda6974bb099a07027be94e584e770ef5bfe3dd17eb875b1f421a6ea51c6747
outputs\test_audit_contract_schema_b15424e03a474d83ab0925c3d60dee5c\predictions.csv,selective_or_predictions,sample_id;split;dataset;task_type;model;y_true;y_pred;confidence;risk;country;class_label,task;independent_unit_id;split_role;model_signature;dataset_signature;protocol_hash;metric_version,missing,recomputable,missing_balance_axis_or_risk,recomputable,missing_prediction_set_outputs,missing_cluster_or_spatial_block,upgrade_schema_or_reexport,5bda6974bb099a07027be94e584e770ef5bfe3dd17eb875b1f421a6ea51c6747
outputs\test_audit_contract_schema_e85769b081c1462e9f43c139a0b2a039\predictions.csv,selective_or_predictions,sample_id;split;dataset;task_type;model;y_true;y_pred;confidence;risk;country;class_label,task;independent_unit_id;split_role;model_signature;dataset_signature;protocol_hash;metric_version,missing,recomputable,missing_balance_axis_or_risk,recomputable,missing_prediction_set_outputs,missing_cluster_or_spatial_block,upgrade_schema_or_reexport,5bda6974bb099a07027be94e584e770ef5bfe3dd17eb875b1f421a6ea51c6747
outputs\test_audit_contract_schema_ec38c2c372ae44fe99e9d87398990b1e\predictions.csv,selective_or_predictions,sample_id;split;dataset;task_type;model;y_true;y_pred;confidence;risk;country;class_label,task;independent_unit_id;split_role;model_signature;dataset_signature;protocol_hash;metric_version,missing,recomputable,missing_balance_axis_or_risk,recomputable,missing_prediction_set_outputs,missing_cluster_or_spatial_block,upgrade_schema_or_reexport,5bda6974bb099a07027be94e584e770ef5bfe3dd17eb875b1f421a6ea51c6747
outputs\test_audit_table_predictions\predictions.csv,audit_table,sample_id;label;prediction;region,dataset;model;task;split;independent_unit_id;risk;split_role;model_signature;dataset_signature;protocol_hash;metric_version,missing,recomputable,missing_balance_axis_or_risk,missing_confidence_or_risk,missing_prediction_set_outputs,missing_cluster_or_spatial_block,upgrade_schema_or_reexport,5bda6974bb099a07027be94e584e770ef5bfe3dd17eb875b1f421a6ea51c6747
outputs\test_bwer_missing_taxonomy\audit_table.csv,audit_table,dataset;model;task;split;unit_id;region;score,sample_id;independent_unit_id;risk;split_role;model_signature;dataset_signature;protocol_hash;metric_version,missing,recomputable,missing_balance_axis_or_risk,missing_confidence_or_risk,missing_prediction_set_outputs,missing_cluster_or_spatial_block,upgrade_schema_or_reexport,5bda6974bb099a07027be94e584e770ef5bfe3dd17eb875b1f421a6ea51c6747
outputs\test_bwer_one_cluster\audit_table.csv,audit_table,dataset;model;task;split;unit_id;event_id;region;score,sample_id;independent_unit_id;risk;split_role;model_signature;dataset_signature;protocol_hash;metric_version,missing,recomputable,missing_balance_axis_or_risk,missing_confidence_or_risk,missing_prediction_set_outputs,missing_cluster_or_spatial_block,upgrade_schema_or_reexport,5bda6974bb099a07027be94e584e770ef5bfe3dd17eb875b1f421a6ea51c6747
outputs\test_bwer_taxonomy_alias\audit_table.csv,audit_table,dataset;model;task;split;unit_id;sensor_mode;score,sample_id;independent_unit_id;risk;split_role;model_signature;dataset_signature;protocol_hash;metric_version,missing,recomputable,missing_balance_axis_or_risk,missing_confidence_or_risk,missing_prediction_set_outputs,missing_cluster_or_spatial_block,upgrade_schema_or_reexport,5bda6974bb099a07027be94e584e770ef5bfe3dd17eb875b1f421a6ea51c6747
outputs\test_cli_bwer\audit_out\audit_table.csv,audit_table,dataset;model;task;split;unit_id;region;class_label;score;region__class_label,sample_id;independent_unit_id;risk;split_role;model_signature;dataset_signature;protocol_hash;metric_version,missing,recomputable,missing_balance_axis_or_risk,missing_confidence_or_risk,missing_prediction_set_outputs,missing_cluster_or_spatial_block,upgrade_schema_or_reexport,5bda6974bb099a07027be94e584e770ef5bfe3dd17eb875b1f421a6ea51c6747
outputs\test_cli_run_audit_predictions\audit_out\audit_table.csv,audit_table,dataset;model;task;split;unit_id;sample_id;input_mode;adaptation_protocol;training_budget;split_protocol;label;y_true;y_pred;score;risk;class_label;aggregation_level;prediction;region;sensor;correct;region__class_label;sensor__class_label,independent_unit_id;split_role;model_signature;dataset_signature;protocol_hash;metric_version,missing,recomputable,missing_balance_axis_or_risk,missing_confidence_or_risk,missing_prediction_set_outputs,missing_cluster_or_spatial_block,upgrade_schema_or_reexport,5bda6974bb099a07027be94e584e770ef5bfe3dd17eb875b1f421a6ea51c6747
outputs\test_cli_run_audit_predictions\predictions.csv,audit_table,sample_id;label;prediction;region;sensor;correct,dataset;model;task;split;independent_unit_id;risk;split_role;model_signature;dataset_signature;protocol_hash;metric_version,missing,recomputable,missing_balance_axis_or_risk,missing_confidence_or_risk,missing_prediction_set_outputs,missing_cluster_or_spatial_block,upgrade_schema_or_reexport,5bda6974bb099a07027be94e584e770ef5bfe3dd17eb875b1f421a6ea51c6747
outputs\test_cli_run_audit_segmentation\audit_out\audit_table.csv,segmentation,dataset;model;task;split;unit_id;sample_id;input_mode;adaptation_protocol;training_budget;split_protocol;score;risk;class_label;aggregation_level;event_id;water_iou;positive_pixels;event_id__class_label,independent_unit_id;split_role;model_signature;dataset_signature;protocol_hash;metric_version,missing,recomputable,missing_balance_axis_or_risk,missing_confidence_or_risk,missing_prediction_set_outputs,missing_cluster_or_spatial_block,upgrade_schema_or_reexport,5bda6974bb099a07027be94e584e770ef5bfe3dd17eb875b1f421a6ea51c6747
outputs\test_cli_run_audit_segmentation\segmentation_metrics.csv,segmentation,sample_id;event_id;water_iou;positive_pixels,dataset;model;task;split;independent_unit_id;risk;split_role;model_signature;dataset_signature;protocol_hash;metric_version,missing,unavailable,missing_balance_axis_or_risk,missing_confidence_or_risk,missing_prediction_set_outputs,missing_cluster_or_spatial_block,not_an_audit_source,5bda6974bb099a07027be94e584e770ef5bfe3dd17eb875b1f421a6ea51c6747
outputs\test_croma_real_pipeline\predictions.csv,predictions,sample_id;label;prediction;region;sensor;correct,dataset;model;task;split;independent_unit_id;risk;split_role;model_signature;dataset_signature;protocol_hash;metric_version,missing,recomputable,missing_balance_axis_or_risk,missing_confidence_or_risk,missing_prediction_set_outputs,missing_cluster_or_spatial_block,upgrade_schema_or_reexport,5bda6974bb099a07027be94e584e770ef5bfe3dd17eb875b1f421a6ea51c6747
outputs\test_fmow_cli_compare_169afd21012e4a69ba461742ced8cd4c\run\audit_table.csv,selective_or_predictions,sample_id;image_id;image_path;extracted_path;dataset;task;split;label;category;class_label;prediction;predicted_category;correct;score;risk;confidence;max_probability;top5_correct;model;model_family;model_variant;input_mode;adaptation_protocol;training_budget;split_protocol;eval_scope;resolution;band_profile;metadata_provenance;timestamp;year;month;season;location_id;latitude;longitude;country;continent;un_region;region;latitude_band;unit_id;y_true;y_pred;aggregation_level,independent_unit_id;split_role;model_signature;dataset_signature;protocol_hash;metric_version,missing,recomputable,missing_balance_axis_or_risk,recomputable,missing_prediction_set_outputs,cluster_ready,upgrade_schema_or_reexport,5bda6974bb099a07027be94e584e770ef5bfe3dd17eb875b1f421a6ea51c6747
outputs\test_fmow_cli_compare_169afd21012e4a69ba461742ced8cd4c\run\bwer\audit_table.csv,selective_or_predictions,sample_id;image_id;image_path;extracted_path;dataset;task;split;label;category;class_label;prediction;predicted_category;correct;score;risk;confidence;max_probability;top5_correct;model;model_family;model_variant;input_mode;adaptation_protocol;training_budget;split_protocol;eval_scope;resolution;band_profile;metadata_provenance;timestamp;year;month;season;location_id;latitude;longitude;country;continent;un_region;region;latitude_band;unit_id;y_true;y_pred;aggregation_level;country__class_label;region__class_label;season__class_label;latitude_band__class_label;country__category;region__category;season__category;latitude_band__category,independent_unit_id;split_role;model_signature;dataset_signature;protocol_hash;metric_version,missing,recomputable,missing_balance_axis_or_risk,recomputable,missing_prediction_set_outputs,cluster_ready,upgrade_schema_or_reexport,5bda6974bb099a07027be94e584e770ef5bfe3dd17eb875b1f421a6ea51c6747
outputs\test_fmow_cli_compare_169afd21012e4a69ba461742ced8cd4c\run\predictions.csv,selective_or_predictions,sample_id;image_id;image_path;extracted_path;dataset;task;split;label;category;class_label;prediction;predicted_category;correct;score;risk;confidence;max_probability;top5_correct;model;model_family;model_variant;input_mode;adaptation_protocol;training_budget;split_protocol;eval_scope;resolution;band_profile;metadata_provenance;timestamp;year;month;season;location_id;latitude;longitude;country;continent;un_region;region;latitude_band,independent_unit_id;split_role;model_signature;dataset_signature;protocol_hash;metric_version,missing,recomputable,missing_balance_axis_or_risk,recomputable,missing_prediction_set_outputs,cluster_ready,upgrade_schema_or_reexport,5bda6974bb099a07027be94e584e770ef5bfe3dd17eb875b1f421a6ea51c6747
outputs\test_fmow_cli_compare_169afd21012e4a69ba461742ced8cd4c\run_copy\audit_table.csv,selective_or_predictions,sample_id;image_id;image_path;extracted_path;dataset;task;split;label;category;class_label;prediction;predicted_category;correct;score;risk;confidence;max_probability;top5_correct;model;model_family;model_variant;input_mode;adaptation_protocol;training_budget;split_protocol;eval_scope;resolution;band_profile;metadata_provenance;timestamp;year;month;season;location_id;latitude;longitude;country;continent;un_region;region;latitude_band;unit_id;y_true;y_pred;aggregation_level,independent_unit_id;split_role;model_signature;dataset_signature;protocol_hash;metric_version,missing,recomputable,missing_balance_axis_or_risk,recomputable,missing_prediction_set_outputs,cluster_ready,upgrade_schema_or_reexport,5bda6974bb099a07027be94e584e770ef5bfe3dd17eb875b1f421a6ea51c6747
outputs\test_fmow_cli_compare_169afd21012e4a69ba461742ced8cd4c\run_copy\bwer\audit_table.csv,selective_or_predictions,sample_id;image_id;image_path;extracted_path;dataset;task;split;label;category;class_label;prediction;predicted_category;correct;score;risk;confidence;max_probability;top5_correct;model;model_family;model_variant;input_mode;adaptation_protocol;training_budget;split_protocol;eval_scope;resolution;band_profile;metadata_provenance;timestamp;year;month;season;location_id;latitude;longitude;country;continent;un_region;region;latitude_band;unit_id;y_true;y_pred;aggregation_level;country__class_label;region__class_label;season__class_label;latitude_band__class_label;country__category;region__category;season__category;latitude_band__category,independent_unit_id;split_role;model_signature;dataset_signature;protocol_hash;metric_version,missing,recomputable,missing_balance_axis_or_risk,recomputable,missing_prediction_set_outputs,cluster_ready,upgrade_schema_or_reexport,5bda6974bb099a07027be94e584e770ef5bfe3dd17eb875b1f421a6ea51c6747
outputs\test_fmow_cli_compare_169afd21012e4a69ba461742ced8cd4c\run_copy\predictions.csv,selective_or_predictions,sample_id;image_id;image_path;extracted_path;dataset;task;split;label;category;class_label;prediction;predicted_category;correct;score;risk;confidence;max_probability;top5_correct;model;model_family;model_variant;input_mode;adaptation_protocol;training_budget;split_protocol;eval_scope;resolution;band_profile;metadata_provenance;timestamp;year;month;season;location_id;latitude;longitude;country;continent;un_region;region;latitude_band,independent_unit_id;split_role;model_signature;dataset_signature;protocol_hash;metric_version,missing,recomputable,missing_balance_axis_or_risk,recomputable,missing_prediction_set_outputs,cluster_ready,upgrade_schema_or_reexport,5bda6974bb099a07027be94e584e770ef5bfe3dd17eb875b1f421a6ea51c6747
outputs\test_fmow_cli_compare_2eb8e85ec6f447f0a717addf40c5c8ad\run\audit_table.csv,selective_or_predictions,sample_id;image_id;image_path;extracted_path;dataset;task;split;label;category;class_label;prediction;predicted_category;correct;score;risk;confidence;max_probability;top5_correct;model;model_family;model_variant;input_mode;adaptation_protocol;training_budget;split_protocol;eval_scope;resolution;band_profile;metadata_provenance;timestamp;year;month;season;location_id;latitude;longitude;country;continent;un_region;region;latitude_band;unit_id;y_true;y_pred;aggregation_level,independent_unit_id;split_role;model_signature;dataset_signature;protocol_hash;metric_version,missing,recomputable,missing_balance_axis_or_risk,recomputable,missing_prediction_set_outputs,cluster_ready,upgrade_schema_or_reexport,5bda6974bb099a07027be94e584e770ef5bfe3dd17eb875b1f421a6ea51c6747
outputs\test_fmow_cli_compare_2eb8e85ec6f447f0a717addf40c5c8ad\run\bwer\audit_table.csv,selective_or_predictions,sample_id;image_id;image_path;extracted_path;dataset;task;split;label;category;class_label;prediction;predicted_category;correct;score;risk;confidence;max_probability;top5_correct;model;model_family;model_variant;input_mode;adaptation_protocol;training_budget;split_protocol;eval_scope;resolution;band_profile;metadata_provenance;timestamp;year;month;season;location_id;latitude;longitude;country;continent;un_region;region;latitude_band;unit_id;y_true;y_pred;aggregation_level;country__class_label;region__class_label;season__class_label;latitude_band__class_label;country__category;region__category;season__category;latitude_band__category,independent_unit_id;split_role;model_signature;dataset_signature;protocol_hash;metric_version,missing,recomputable,missing_balance_axis_or_risk,recomputable,missing_prediction_set_outputs,cluster_ready,upgrade_schema_or_reexport,5bda6974bb099a07027be94e584e770ef5bfe3dd17eb875b1f421a6ea51c6747
outputs\test_fmow_cli_compare_2eb8e85ec6f447f0a717addf40c5c8ad\run\predictions.csv,selective_or_predictions,sample_id;image_id;image_path;extracted_path;dataset;task;split;label;category;class_label;prediction;predicted_category;correct;score;risk;confidence;max_probability;top5_correct;model;model_family;model_variant;input_mode;adaptation_protocol;training_budget;split_protocol;eval_scope;resolution;band_profile;metadata_provenance;timestamp;year;month;season;location_id;latitude;longitude;country;continent;un_region;region;latitude_band,independent_unit_id;split_role;model_signature;dataset_signature;protocol_hash;metric_version,missing,recomputable,missing_balance_axis_or_risk,recomputable,missing_prediction_set_outputs,cluster_ready,upgrade_schema_or_reexport,5bda6974bb099a07027be94e584e770ef5bfe3dd17eb875b1f421a6ea51c6747
outputs\test_fmow_cli_compare_2eb8e85ec6f447f0a717addf40c5c8ad\run_copy\audit_table.csv,selective_or_predictions,sample_id;image_id;image_path;extracted_path;dataset;task;split;label;category;class_label;prediction;predicted_category;correct;score;risk;confidence;max_probability;top5_correct;model;model_family;model_variant;input_mode;adaptation_protocol;training_budget;split_protocol;eval_scope;resolution;band_profile;metadata_provenance;timestamp;year;month;season;location_id;latitude;longitude;country;continent;un_region;region;latitude_band;unit_id;y_true;y_pred;aggregation_level,independent_unit_id;split_role;model_signature;dataset_signature;protocol_hash;metric_version,missing,recomputable,missing_balance_axis_or_risk,recomputable,missing_prediction_set_outputs,cluster_ready,upgrade_schema_or_reexport,5bda6974bb099a07027be94e584e770ef5bfe3dd17eb875b1f421a6ea51c6747
outputs\test_fmow_cli_compare_2eb8e85ec6f447f0a717addf40c5c8ad\run_copy\bwer\audit_table.csv,selective_or_predictions,sample_id;image_id;image_path;extracted_path;dataset;task;split;label;category;class_label;prediction;predicted_category;correct;score;risk;confidence;max_probability;top5_correct;model;model_family;model_variant;input_mode;adaptation_protocol;training_budget;split_protocol;eval_scope;resolution;band_profile;metadata_provenance;timestamp;year;month;season;location_id;latitude;longitude;country;continent;un_region;region;latitude_band;unit_id;y_true;y_pred;aggregation_level;country__class_label;region__class_label;season__class_label;latitude_band__class_label;country__category;region__category;season__category;latitude_band__category,independent_unit_id;split_role;model_signature;dataset_signature;protocol_hash;metric_version,missing,recomputable,missing_balance_axis_or_risk,recomputable,missing_prediction_set_outputs,cluster_ready,upgrade_schema_or_reexport,5bda6974bb099a07027be94e584e770ef5bfe3dd17eb875b1f421a6ea51c6747
outputs\test_fmow_cli_compare_2eb8e85ec6f447f0a717addf40c5c8ad\run_copy\predictions.csv,selective_or_predictions,sample_id;image_id;image_path;extracted_path;dataset;task;split;label;category;class_label;prediction;predicted_category;correct;score;risk;confidence;max_probability;top5_correct;model;model_family;model_variant;input_mode;adaptation_protocol;training_budget;split_protocol;eval_scope;resolution;band_profile;metadata_provenance;timestamp;year;month;season;location_id;latitude;longitude;country;continent;un_region;region;latitude_band,independent_unit_id;split_role;model_signature;dataset_signature;protocol_hash;metric_version,missing,recomputable,missing_balance_axis_or_risk,recomputable,missing_prediction_set_outputs,cluster_ready,upgrade_schema_or_reexport,5bda6974bb099a07027be94e584e770ef5bfe3dd17eb875b1f421a6ea51c6747
outputs\test_fmow_cli_compare_61b1a66d56934aeaa843037109be5357\run\audit_table.csv,selective_or_predictions,sample_id;image_id;image_path;extracted_path;dataset;task;split;label;category;class_label;prediction;predicted_category;correct;score;risk;confidence;max_probability;top5_correct;model;model_family;model_variant;input_mode;adaptation_protocol;training_budget;split_protocol;eval_scope;resolution;band_profile;metadata_provenance;timestamp;year;month;season;location_id;latitude;longitude;country;continent;un_region;region;latitude_band;unit_id;y_true;y_pred;aggregation_level,independent_unit_id;split_role;model_signature;dataset_signature;protocol_hash;metric_version,missing,recomputable,missing_balance_axis_or_risk,recomputable,missing_prediction_set_outputs,cluster_ready,upgrade_schema_or_reexport,5bda6974bb099a07027be94e584e770ef5bfe3dd17eb875b1f421a6ea51c6747
outputs\test_fmow_cli_compare_61b1a66d56934aeaa843037109be5357\run\bwer\audit_table.csv,selective_or_predictions,sample_id;image_id;image_path;extracted_path;dataset;task;split;label;category;class_label;prediction;predicted_category;correct;score;risk;confidence;max_probability;top5_correct;model;model_family;model_variant;input_mode;adaptation_protocol;training_budget;split_protocol;eval_scope;resolution;band_profile;metadata_provenance;timestamp;year;month;season;location_id;latitude;longitude;country;continent;un_region;region;latitude_band;unit_id;y_true;y_pred;aggregation_level;country__class_label;region__class_label;season__class_label;latitude_band__class_label;country__category;region__category;season__category;latitude_band__category,independent_unit_id;split_role;model_signature;dataset_signature;protocol_hash;metric_version,missing,recomputable,missing_balance_axis_or_risk,recomputable,missing_prediction_set_outputs,cluster_ready,upgrade_schema_or_reexport,5bda6974bb099a07027be94e584e770ef5bfe3dd17eb875b1f421a6ea51c6747
outputs\test_fmow_cli_compare_61b1a66d56934aeaa843037109be5357\run\predictions.csv,selective_or_predictions,sample_id;image_id;image_path;extracted_path;dataset;task;split;label;category;class_label;prediction;predicted_category;correct;score;risk;confidence;max_probability;top5_correct;model;model_family;model_variant;input_mode;adaptation_protocol;training_budget;split_protocol;eval_scope;resolution;band_profile;metadata_provenance;timestamp;year;month;season;location_id;latitude;longitude;country;continent;un_region;region;latitude_band,independent_unit_id;split_role;model_signature;dataset_signature;protocol_hash;metric_version,missing,recomputable,missing_balance_axis_or_risk,recomputable,missing_prediction_set_outputs,cluster_ready,upgrade_schema_or_reexport,5bda6974bb099a07027be94e584e770ef5bfe3dd17eb875b1f421a6ea51c6747
outputs\test_fmow_cli_compare_61b1a66d56934aeaa843037109be5357\run_copy\audit_table.csv,selective_or_predictions,sample_id;image_id;image_path;extracted_path;dataset;task;split;label;category;class_label;prediction;predicted_category;correct;score;risk;confidence;max_probability;top5_correct;model;model_family;model_variant;input_mode;adaptation_protocol;training_budget;split_protocol;eval_scope;resolution;band_profile;metadata_provenance;timestamp;year;month;season;location_id;latitude;longitude;country;continent;un_region;region;latitude_band;unit_id;y_true;y_pred;aggregation_level,independent_unit_id;split_role;model_signature;dataset_signature;protocol_hash;metric_version,missing,recomputable,missing_balance_axis_or_risk,recomputable,missing_prediction_set_outputs,cluster_ready,upgrade_schema_or_reexport,5bda6974bb099a07027be94e584e770ef5bfe3dd17eb875b1f421a6ea51c6747
outputs\test_fmow_cli_compare_61b1a66d56934aeaa843037109be5357\run_copy\bwer\audit_table.csv,selective_or_predictions,sample_id;image_id;image_path;extracted_path;dataset;task;split;label;category;class_label;prediction;predicted_category;correct;score;risk;confidence;max_probability;top5_correct;model;model_family;model_variant;input_mode;adaptation_protocol;training_budget;split_protocol;eval_scope;resolution;band_profile;metadata_provenance;timestamp;year;month;season;location_id;latitude;longitude;country;continent;un_region;region;latitude_band;unit_id;y_true;y_pred;aggregation_level;country__class_label;region__class_label;season__class_label;latitude_band__class_label;country__category;region__category;season__category;latitude_band__category,independent_unit_id;split_role;model_signature;dataset_signature;protocol_hash;metric_version,missing,recomputable,missing_balance_axis_or_risk,recomputable,missing_prediction_set_outputs,cluster_ready,upgrade_schema_or_reexport,5bda6974bb099a07027be94e584e770ef5bfe3dd17eb875b1f421a6ea51c6747
outputs\test_fmow_cli_compare_61b1a66d56934aeaa843037109be5357\run_copy\predictions.csv,selective_or_predictions,sample_id;image_id;image_path;extracted_path;dataset;task;split;label;category;class_label;prediction;predicted_category;correct;score;risk;confidence;max_probability;top5_correct;model;model_family;model_variant;input_mode;adaptation_protocol;training_budget;split_protocol;eval_scope;resolution;band_profile;metadata_provenance;timestamp;year;month;season;location_id;latitude;longitude;country;continent;un_region;region;latitude_band,independent_unit_id;split_role;model_signature;dataset_signature;protocol_hash;metric_version,missing,recomputable,missing_balance_axis_or_risk,recomputable,missing_prediction_set_outputs,cluster_ready,upgrade_schema_or_reexport,5bda6974bb099a07027be94e584e770ef5bfe3dd17eb875b1f421a6ea51c6747
outputs\test_fmow_cli_compare_70cfdd7875a1409993f4d59625bd5f0d\run\audit_table.csv,selective_or_predictions,sample_id;image_id;image_path;extracted_path;dataset;task;split;label;category;class_label;prediction;predicted_category;correct;score;risk;confidence;max_probability;top5_correct;model;model_family;model_variant;input_mode;adaptation_protocol;training_budget;split_protocol;eval_scope;resolution;band_profile;metadata_provenance;timestamp;year;month;season;location_id;latitude;longitude;country;continent;un_region;region;latitude_band;unit_id;y_true;y_pred;aggregation_level,independent_unit_id;split_role;model_signature;dataset_signature;protocol_hash;metric_version,missing,recomputable,missing_balance_axis_or_risk,recomputable,missing_prediction_set_outputs,cluster_ready,upgrade_schema_or_reexport,5bda6974bb099a07027be94e584e770ef5bfe3dd17eb875b1f421a6ea51c6747
outputs\test_fmow_cli_compare_70cfdd7875a1409993f4d59625bd5f0d\run\bwer\audit_table.csv,selective_or_predictions,sample_id;image_id;image_path;extracted_path;dataset;task;split;label;category;class_label;prediction;predicted_category;correct;score;risk;confidence;max_probability;top5_correct;model;model_family;model_variant;input_mode;adaptation_protocol;training_budget;split_protocol;eval_scope;resolution;band_profile;metadata_provenance;timestamp;year;month;season;location_id;latitude;longitude;country;continent;un_region;region;latitude_band;unit_id;y_true;y_pred;aggregation_level;country__class_label;region__class_label;season__class_label;latitude_band__class_label;country__category;region__category;season__category;latitude_band__category,independent_unit_id;split_role;model_signature;dataset_signature;protocol_hash;metric_version,missing,recomputable,missing_balance_axis_or_risk,recomputable,missing_prediction_set_outputs,cluster_ready,upgrade_schema_or_reexport,5bda6974bb099a07027be94e584e770ef5bfe3dd17eb875b1f421a6ea51c6747
outputs\test_fmow_cli_compare_70cfdd7875a1409993f4d59625bd5f0d\run\predictions.csv,selective_or_predictions,sample_id;image_id;image_path;extracted_path;dataset;task;split;label;category;class_label;prediction;predicted_category;correct;score;risk;confidence;max_probability;top5_correct;model;model_family;model_variant;input_mode;adaptation_protocol;training_budget;split_protocol;eval_scope;resolution;band_profile;metadata_provenance;timestamp;year;month;season;location_id;latitude;longitude;country;continent;un_region;region;latitude_band,independent_unit_id;split_role;model_signature;dataset_signature;protocol_hash;metric_version,missing,recomputable,missing_balance_axis_or_risk,recomputable,missing_prediction_set_outputs,cluster_ready,upgrade_schema_or_reexport,5bda6974bb099a07027be94e584e770ef5bfe3dd17eb875b1f421a6ea51c6747
outputs\test_fmow_cli_compare_70cfdd7875a1409993f4d59625bd5f0d\run_copy\audit_table.csv,selective_or_predictions,sample_id;image_id;image_path;extracted_path;dataset;task;split;label;category;class_label;prediction;predicted_category;correct;score;risk;confidence;max_probability;top5_correct;model;model_family;model_variant;input_mode;adaptation_protocol;training_budget;split_protocol;eval_scope;resolution;band_profile;metadata_provenance;timestamp;year;month;season;location_id;latitude;longitude;country;continent;un_region;region;latitude_band;unit_id;y_true;y_pred;aggregation_level,independent_unit_id;split_role;model_signature;dataset_signature;protocol_hash;metric_version,missing,recomputable,missing_balance_axis_or_risk,recomputable,missing_prediction_set_outputs,cluster_ready,upgrade_schema_or_reexport,5bda6974bb099a07027be94e584e770ef5bfe3dd17eb875b1f421a6ea51c6747
outputs\test_fmow_cli_compare_70cfdd7875a1409993f4d59625bd5f0d\run_copy\bwer\audit_table.csv,selective_or_predictions,sample_id;image_id;image_path;extracted_path;dataset;task;split;label;category;class_label;prediction;predicted_category;correct;score;risk;confidence;max_probability;top5_correct;model;model_family;model_variant;input_mode;adaptation_protocol;training_budget;split_protocol;eval_scope;resolution;band_profile;metadata_provenance;timestamp;year;month;season;location_id;latitude;longitude;country;continent;un_region;region;latitude_band;unit_id;y_true;y_pred;aggregation_level;country__class_label;region__class_label;season__class_label;latitude_band__class_label;country__category;region__category;season__category;latitude_band__category,independent_unit_id;split_role;model_signature;dataset_signature;protocol_hash;metric_version,missing,recomputable,missing_balance_axis_or_risk,recomputable,missing_prediction_set_outputs,cluster_ready,upgrade_schema_or_reexport,5bda6974bb099a07027be94e584e770ef5bfe3dd17eb875b1f421a6ea51c6747
outputs\test_fmow_cli_compare_70cfdd7875a1409993f4d59625bd5f0d\run_copy\predictions.csv,selective_or_predictions,sample_id;image_id;image_path;extracted_path;dataset;task;split;label;category;class_label;prediction;predicted_category;correct;score;risk;confidence;max_probability;top5_correct;model;model_family;model_variant;input_mode;adaptation_protocol;training_budget;split_protocol;eval_scope;resolution;band_profile;metadata_provenance;timestamp;year;month;season;location_id;latitude;longitude;country;continent;un_region;region;latitude_band,independent_unit_id;split_role;model_signature;dataset_signature;protocol_hash;metric_version,missing,recomputable,missing_balance_axis_or_risk,recomputable,missing_prediction_set_outputs,cluster_ready,upgrade_schema_or_reexport,5bda6974bb099a07027be94e584e770ef5bfe3dd17eb875b1f421a6ea51c6747
outputs\test_fmow_cli_compare_97c0554ae0e14d52ad796882c1f50853\run\audit_table.csv,selective_or_predictions,sample_id;image_id;image_path;extracted_path;dataset;task;split;label;category;class_label;prediction;predicted_category;correct;score;risk;confidence;max_probability;top5_correct;model;model_family;model_variant;input_mode;adaptation_protocol;training_budget;split_protocol;eval_scope;resolution;band_profile;metadata_provenance;timestamp;year;month;season;location_id;latitude;longitude;country;continent;un_region;region;latitude_band;unit_id;y_true;y_pred;aggregation_level,independent_unit_id;split_role;model_signature;dataset_signature;protocol_hash;metric_version,missing,recomputable,missing_balance_axis_or_risk,recomputable,missing_prediction_set_outputs,cluster_ready,upgrade_schema_or_reexport,5bda6974bb099a07027be94e584e770ef5bfe3dd17eb875b1f421a6ea51c6747
outputs\test_fmow_cli_compare_97c0554ae0e14d52ad796882c1f50853\run\bwer\audit_table.csv,selective_or_predictions,sample_id;image_id;image_path;extracted_path;dataset;task;split;label;category;class_label;prediction;predicted_category;correct;score;risk;confidence;max_probability;top5_correct;model;model_family;model_variant;input_mode;adaptation_protocol;training_budget;split_protocol;eval_scope;resolution;band_profile;metadata_provenance;timestamp;year;month;season;location_id;latitude;longitude;country;continent;un_region;region;latitude_band;unit_id;y_true;y_pred;aggregation_level;country__class_label;region__class_label;season__class_label;latitude_band__class_label;country__category;region__category;season__category;latitude_band__category,independent_unit_id;split_role;model_signature;dataset_signature;protocol_hash;metric_version,missing,recomputable,missing_balance_axis_or_risk,recomputable,missing_prediction_set_outputs,cluster_ready,upgrade_schema_or_reexport,5bda6974bb099a07027be94e584e770ef5bfe3dd17eb875b1f421a6ea51c6747
outputs\test_fmow_cli_compare_97c0554ae0e14d52ad796882c1f50853\run\predictions.csv,selective_or_predictions,sample_id;image_id;image_path;extracted_path;dataset;task;split;label;category;class_label;prediction;predicted_category;correct;score;risk;confidence;max_probability;top5_correct;model;model_family;model_variant;input_mode;adaptation_protocol;training_budget;split_protocol;eval_scope;resolution;band_profile;metadata_provenance;timestamp;year;month;season;location_id;latitude;longitude;country;continent;un_region;region;latitude_band,independent_unit_id;split_role;model_signature;dataset_signature;protocol_hash;metric_version,missing,recomputable,missing_balance_axis_or_risk,recomputable,missing_prediction_set_outputs,cluster_ready,upgrade_schema_or_reexport,5bda6974bb099a07027be94e584e770ef5bfe3dd17eb875b1f421a6ea51c6747
outputs\test_fmow_cli_compare_97c0554ae0e14d52ad796882c1f50853\run_copy\audit_table.csv,selective_or_predictions,sample_id;image_id;image_path;extracted_path;dataset;task;split;label;category;class_label;prediction;predicted_category;correct;score;risk;confidence;max_probability;top5_correct;model;model_family;model_variant;input_mode;adaptation_protocol;training_budget;split_protocol;eval_scope;resolution;band_profile;metadata_provenance;timestamp;year;month;season;location_id;latitude;longitude;country;continent;un_region;region;latitude_band;unit_id;y_true;y_pred;aggregation_level,independent_unit_id;split_role;model_signature;dataset_signature;protocol_hash;metric_version,missing,recomputable,missing_balance_axis_or_risk,recomputable,missing_prediction_set_outputs,cluster_ready,upgrade_schema_or_reexport,5bda6974bb099a07027be94e584e770ef5bfe3dd17eb875b1f421a6ea51c6747
outputs\test_fmow_cli_compare_97c0554ae0e14d52ad796882c1f50853\run_copy\bwer\audit_table.csv,selective_or_predictions,sample_id;image_id;image_path;extracted_path;dataset;task;split;label;category;class_label;prediction;predicted_category;correct;score;risk;confidence;max_probability;top5_correct;model;model_family;model_variant;input_mode;adaptation_protocol;training_budget;split_protocol;eval_scope;resolution;band_profile;metadata_provenance;timestamp;year;month;season;location_id;latitude;longitude;country;continent;un_region;region;latitude_band;unit_id;y_true;y_pred;aggregation_level;country__class_label;region__class_label;season__class_label;latitude_band__class_label;country__category;region__category;season__category;latitude_band__category,independent_unit_id;split_role;model_signature;dataset_signature;protocol_hash;metric_version,missing,recomputable,missing_balance_axis_or_risk,recomputable,missing_prediction_set_outputs,cluster_ready,upgrade_schema_or_reexport,5bda6974bb099a07027be94e584e770ef5bfe3dd17eb875b1f421a6ea51c6747
outputs\test_fmow_cli_compare_97c0554ae0e14d52ad796882c1f50853\run_copy\predictions.csv,selective_or_predictions,sample_id;image_id;image_path;extracted_path;dataset;task;split;label;category;class_label;prediction;predicted_category;correct;score;risk;confidence;max_probability;top5_correct;model;model_family;model_variant;input_mode;adaptation_protocol;training_budget;split_protocol;eval_scope;resolution;band_profile;metadata_provenance;timestamp;year;month;season;location_id;latitude;longitude;country;continent;un_region;region;latitude_band,independent_unit_id;split_role;model_signature;dataset_signature;protocol_hash;metric_version,missing,recomputable,missing_balance_axis_or_risk,recomputable,missing_prediction_set_outputs,cluster_ready,upgrade_schema_or_reexport,5bda6974bb099a07027be94e584e770ef5bfe3dd17eb875b1f421a6ea51c6747
outputs\test_fmow_cli_compare_9b098589e04f457d9b3d0d1caebd8864\run\audit_table.csv,selective_or_predictions,sample_id;image_id;image_path;extracted_path;dataset;task;split;label;category;class_label;prediction;predicted_category;correct;score;risk;confidence;max_probability;top5_correct;model;model_family;model_variant;input_mode;adaptation_protocol;training_budget;split_protocol;eval_scope;resolution;band_profile;metadata_provenance;timestamp;year;month;season;location_id;latitude;longitude;country;continent;un_region;region;latitude_band;unit_id;y_true;y_pred;aggregation_level,independent_unit_id;split_role;model_signature;dataset_signature;protocol_hash;metric_version,missing,recomputable,missing_balance_axis_or_risk,recomputable,missing_prediction_set_outputs,cluster_ready,upgrade_schema_or_reexport,5bda6974bb099a07027be94e584e770ef5bfe3dd17eb875b1f421a6ea51c6747
outputs\test_fmow_cli_compare_9b098589e04f457d9b3d0d1caebd8864\run\bwer\audit_table.csv,selective_or_predictions,sample_id;image_id;image_path;extracted_path;dataset;task;split;label;category;class_label;prediction;predicted_category;correct;score;risk;confidence;max_probability;top5_correct;model;model_family;model_variant;input_mode;adaptation_protocol;training_budget;split_protocol;eval_scope;resolution;band_profile;metadata_provenance;timestamp;year;month;season;location_id;latitude;longitude;country;continent;un_region;region;latitude_band;unit_id;y_true;y_pred;aggregation_level;country__class_label;region__class_label;season__class_label;latitude_band__class_label;country__category;region__category;season__category;latitude_band__category,independent_unit_id;split_role;model_signature;dataset_signature;protocol_hash;metric_version,missing,recomputable,missing_balance_axis_or_risk,recomputable,missing_prediction_set_outputs,cluster_ready,upgrade_schema_or_reexport,5bda6974bb099a07027be94e584e770ef5bfe3dd17eb875b1f421a6ea51c6747
outputs\test_fmow_cli_compare_9b098589e04f457d9b3d0d1caebd8864\run\predictions.csv,selective_or_predictions,sample_id;image_id;image_path;extracted_path;dataset;task;split;label;category;class_label;prediction;predicted_category;correct;score;risk;confidence;max_probability;top5_correct;model;model_family;model_variant;input_mode;adaptation_protocol;training_budget;split_protocol;eval_scope;resolution;band_profile;metadata_provenance;timestamp;year;month;season;location_id;latitude;longitude;country;continent;un_region;region;latitude_band,independent_unit_id;split_role;model_signature;dataset_signature;protocol_hash;metric_version,missing,recomputable,missing_balance_axis_or_risk,recomputable,missing_prediction_set_outputs,cluster_ready,upgrade_schema_or_reexport,5bda6974bb099a07027be94e584e770ef5bfe3dd17eb875b1f421a6ea51c6747
outputs\test_fmow_cli_compare_9b098589e04f457d9b3d0d1caebd8864\run_copy\audit_table.csv,selective_or_predictions,sample_id;image_id;image_path;extracted_path;dataset;task;split;label;category;class_label;prediction;predicted_category;correct;score;risk;confidence;max_probability;top5_correct;model;model_family;model_variant;input_mode;adaptation_protocol;training_budget;split_protocol;eval_scope;resolution;band_profile;metadata_provenance;timestamp;year;month;season;location_id;latitude;longitude;country;continent;un_region;region;latitude_band;unit_id;y_true;y_pred;aggregation_level,independent_unit_id;split_role;model_signature;dataset_signature;protocol_hash;metric_version,missing,recomputable,missing_balance_axis_or_risk,recomputable,missing_prediction_set_outputs,cluster_ready,upgrade_schema_or_reexport,5bda6974bb099a07027be94e584e770ef5bfe3dd17eb875b1f421a6ea51c6747
outputs\test_fmow_cli_compare_9b098589e04f457d9b3d0d1caebd8864\run_copy\bwer\audit_table.csv,selective_or_predictions,sample_id;image_id;image_path;extracted_path;dataset;task;split;label;category;class_label;prediction;predicted_category;correct;score;risk;confidence;max_probability;top5_correct;model;model_family;model_variant;input_mode;adaptation_protocol;training_budget;split_protocol;eval_scope;resolution;band_profile;metadata_provenance;timestamp;year;month;season;location_id;latitude;longitude;country;continent;un_region;region;latitude_band;unit_id;y_true;y_pred;aggregation_level;country__class_label;region__class_label;season__class_label;latitude_band__class_label;country__category;region__category;season__category;latitude_band__category,independent_unit_id;split_role;model_signature;dataset_signature;protocol_hash;metric_version,missing,recomputable,missing_balance_axis_or_risk,recomputable,missing_prediction_set_outputs,cluster_ready,upgrade_schema_or_reexport,5bda6974bb099a07027be94e584e770ef5bfe3dd17eb875b1f421a6ea51c6747
outputs\test_fmow_cli_compare_9b098589e04f457d9b3d0d1caebd8864\run_copy\predictions.csv,selective_or_predictions,sample_id;image_id;image_path;extracted_path;dataset;task;split;label;category;class_label;prediction;predicted_category;correct;score;risk;confidence;max_probability;top5_correct;model;model_family;model_variant;input_mode;adaptation_protocol;training_budget;split_protocol;eval_scope;resolution;band_profile;metadata_provenance;timestamp;year;month;season;location_id;latitude;longitude;country;continent;un_region;region;latitude_band,independent_unit_id;split_role;model_signature;dataset_signature;protocol_hash;metric_version,missing,recomputable,missing_balance_axis_or_risk,recomputable,missing_prediction_set_outputs,cluster_ready,upgrade_schema_or_reexport,5bda6974bb099a07027be94e584e770ef5bfe3dd17eb875b1f421a6ea51c6747
outputs\test_fmow_cli_compare_b5a74b56cb19405e867083f01c355603\run\audit_table.csv,selective_or_predictions,sample_id;image_id;image_path;extracted_path;dataset;task;split;label;category;class_label;prediction;predicted_category;correct;score;risk;confidence;max_probability;top5_correct;model;model_family;model_variant;input_mode;adaptation_protocol;training_budget;split_protocol;eval_scope;resolution;band_profile;metadata_provenance;timestamp;year;month;season;location_id;latitude;longitude;country;continent;un_region;region;latitude_band;unit_id;y_true;y_pred;aggregation_level,independent_unit_id;split_role;model_signature;dataset_signature;protocol_hash;metric_version,missing,recomputable,missing_balance_axis_or_risk,recomputable,missing_prediction_set_outputs,cluster_ready,upgrade_schema_or_reexport,5bda6974bb099a07027be94e584e770ef5bfe3dd17eb875b1f421a6ea51c6747
outputs\test_fmow_cli_compare_b5a74b56cb19405e867083f01c355603\run\bwer\audit_table.csv,selective_or_predictions,sample_id;image_id;image_path;extracted_path;dataset;task;split;label;category;class_label;prediction;predicted_category;correct;score;risk;confidence;max_probability;top5_correct;model;model_family;model_variant;input_mode;adaptation_protocol;training_budget;split_protocol;eval_scope;resolution;band_profile;metadata_provenance;timestamp;year;month;season;location_id;latitude;longitude;country;continent;un_region;region;latitude_band;unit_id;y_true;y_pred;aggregation_level;country__class_label;region__class_label;season__class_label;latitude_band__class_label;country__category;region__category;season__category;latitude_band__category,independent_unit_id;split_role;model_signature;dataset_signature;protocol_hash;metric_version,missing,recomputable,missing_balance_axis_or_risk,recomputable,missing_prediction_set_outputs,cluster_ready,upgrade_schema_or_reexport,5bda6974bb099a07027be94e584e770ef5bfe3dd17eb875b1f421a6ea51c6747
outputs\test_fmow_cli_compare_b5a74b56cb19405e867083f01c355603\run\predictions.csv,selective_or_predictions,sample_id;image_id;image_path;extracted_path;dataset;task;split;label;category;class_label;prediction;predicted_category;correct;score;risk;confidence;max_probability;top5_correct;model;model_family;model_variant;input_mode;adaptation_protocol;training_budget;split_protocol;eval_scope;resolution;band_profile;metadata_provenance;timestamp;year;month;season;location_id;latitude;longitude;country;continent;un_region;region;latitude_band,independent_unit_id;split_role;model_signature;dataset_signature;protocol_hash;metric_version,missing,recomputable,missing_balance_axis_or_risk,recomputable,missing_prediction_set_outputs,cluster_ready,upgrade_schema_or_reexport,5bda6974bb099a07027be94e584e770ef5bfe3dd17eb875b1f421a6ea51c6747
outputs\test_fmow_cli_compare_b5a74b56cb19405e867083f01c355603\run_copy\audit_table.csv,selective_or_predictions,sample_id;image_id;image_path;extracted_path;dataset;task;split;label;category;class_label;prediction;predicted_category;correct;score;risk;confidence;max_probability;top5_correct;model;model_family;model_variant;input_mode;adaptation_protocol;training_budget;split_protocol;eval_scope;resolution;band_profile;metadata_provenance;timestamp;year;month;season;location_id;latitude;longitude;country;continent;un_region;region;latitude_band;unit_id;y_true;y_pred;aggregation_level,independent_unit_id;split_role;model_signature;dataset_signature;protocol_hash;metric_version,missing,recomputable,missing_balance_axis_or_risk,recomputable,missing_prediction_set_outputs,cluster_ready,upgrade_schema_or_reexport,5bda6974bb099a07027be94e584e770ef5bfe3dd17eb875b1f421a6ea51c6747
outputs\test_fmow_cli_compare_b5a74b56cb19405e867083f01c355603\run_copy\bwer\audit_table.csv,selective_or_predictions,sample_id;image_id;image_path;extracted_path;dataset;task;split;label;category;class_label;prediction;predicted_category;correct;score;risk;confidence;max_probability;top5_correct;model;model_family;model_variant;input_mode;adaptation_protocol;training_budget;split_protocol;eval_scope;resolution;band_profile;metadata_provenance;timestamp;year;month;season;location_id;latitude;longitude;country;continent;un_region;region;latitude_band;unit_id;y_true;y_pred;aggregation_level;country__class_label;region__class_label;season__class_label;latitude_band__class_label;country__category;region__category;season__category;latitude_band__category,independent_unit_id;split_role;model_signature;dataset_signature;protocol_hash;metric_version,missing,recomputable,missing_balance_axis_or_risk,recomputable,missing_prediction_set_outputs,cluster_ready,upgrade_schema_or_reexport,5bda6974bb099a07027be94e584e770ef5bfe3dd17eb875b1f421a6ea51c6747
outputs\test_fmow_cli_compare_b5a74b56cb19405e867083f01c355603\run_copy\predictions.csv,selective_or_predictions,sample_id;image_id;image_path;extracted_path;dataset;task;split;label;category;class_label;prediction;predicted_category;correct;score;risk;confidence;max_probability;top5_correct;model;model_family;model_variant;input_mode;adaptation_protocol;training_budget;split_protocol;eval_scope;resolution;band_profile;metadata_provenance;timestamp;year;month;season;location_id;latitude;longitude;country;continent;un_region;region;latitude_band,independent_unit_id;split_role;model_signature;dataset_signature;protocol_hash;metric_version,missing,recomputable,missing_balance_axis_or_risk,recomputable,missing_prediction_set_outputs,cluster_ready,upgrade_schema_or_reexport,5bda6974bb099a07027be94e584e770ef5bfe3dd17eb875b1f421a6ea51c6747
outputs\test_fmow_cli_compare_d4c4391d649a4249aaca1a1d50cb841b\run\audit_table.csv,selective_or_predictions,sample_id;image_id;image_path;extracted_path;dataset;task;split;label;category;class_label;prediction;predicted_category;correct;score;risk;confidence;max_probability;top5_correct;model;model_family;model_variant;input_mode;adaptation_protocol;training_budget;split_protocol;eval_scope;resolution;band_profile;metadata_provenance;timestamp;year;month;season;location_id;latitude;longitude;country;continent;un_region;region;latitude_band;unit_id;y_true;y_pred;aggregation_level,independent_unit_id;split_role;model_signature;dataset_signature;protocol_hash;metric_version,missing,recomputable,missing_balance_axis_or_risk,recomputable,missing_prediction_set_outputs,cluster_ready,upgrade_schema_or_reexport,5bda6974bb099a07027be94e584e770ef5bfe3dd17eb875b1f421a6ea51c6747
outputs\test_fmow_cli_compare_d4c4391d649a4249aaca1a1d50cb841b\run\bwer\audit_table.csv,selective_or_predictions,sample_id;image_id;image_path;extracted_path;dataset;task;split;label;category;class_label;prediction;predicted_category;correct;score;risk;confidence;max_probability;top5_correct;model;model_family;model_variant;input_mode;adaptation_protocol;training_budget;split_protocol;eval_scope;resolution;band_profile;metadata_provenance;timestamp;year;month;season;location_id;latitude;longitude;country;continent;un_region;region;latitude_band;unit_id;y_true;y_pred;aggregation_level;country__class_label;region__class_label;season__class_label;latitude_band__class_label;country__category;region__category;season__category;latitude_band__category,independent_unit_id;split_role;model_signature;dataset_signature;protocol_hash;metric_version,missing,recomputable,missing_balance_axis_or_risk,recomputable,missing_prediction_set_outputs,cluster_ready,upgrade_schema_or_reexport,5bda6974bb099a07027be94e584e770ef5bfe3dd17eb875b1f421a6ea51c6747
outputs\test_fmow_cli_compare_d4c4391d649a4249aaca1a1d50cb841b\run\predictions.csv,selective_or_predictions,sample_id;image_id;image_path;extracted_path;dataset;task;split;label;category;class_label;prediction;predicted_category;correct;score;risk;confidence;max_probability;top5_correct;model;model_family;model_variant;input_mode;adaptation_protocol;training_budget;split_protocol;eval_scope;resolution;band_profile;metadata_provenance;timestamp;year;month;season;location_id;latitude;longitude;country;continent;un_region;region;latitude_band,independent_unit_id;split_role;model_signature;dataset_signature;protocol_hash;metric_version,missing,recomputable,missing_balance_axis_or_risk,recomputable,missing_prediction_set_outputs,cluster_ready,upgrade_schema_or_reexport,5bda6974bb099a07027be94e584e770ef5bfe3dd17eb875b1f421a6ea51c6747
outputs\test_fmow_cli_compare_d4c4391d649a4249aaca1a1d50cb841b\run_copy\audit_table.csv,selective_or_predictions,sample_id;image_id;image_path;extracted_path;dataset;task;split;label;category;class_label;prediction;predicted_category;correct;score;risk;confidence;max_probability;top5_correct;model;model_family;model_variant;input_mode;adaptation_protocol;training_budget;split_protocol;eval_scope;resolution;band_profile;metadata_provenance;timestamp;year;month;season;location_id;latitude;longitude;country;continent;un_region;region;latitude_band;unit_id;y_true;y_pred;aggregation_level,independent_unit_id;split_role;model_signature;dataset_signature;protocol_hash;metric_version,missing,recomputable,missing_balance_axis_or_risk,recomputable,missing_prediction_set_outputs,cluster_ready,upgrade_schema_or_reexport,5bda6974bb099a07027be94e584e770ef5bfe3dd17eb875b1f421a6ea51c6747
outputs\test_fmow_cli_compare_d4c4391d649a4249aaca1a1d50cb841b\run_copy\bwer\audit_table.csv,selective_or_predictions,sample_id;image_id;image_path;extracted_path;dataset;task;split;label;category;class_label;prediction;predicted_category;correct;score;risk;confidence;max_probability;top5_correct;model;model_family;model_variant;input_mode;adaptation_protocol;training_budget;split_protocol;eval_scope;resolution;band_profile;metadata_provenance;timestamp;year;month;season;location_id;latitude;longitude;country;continent;un_region;region;latitude_band;unit_id;y_true;y_pred;aggregation_level;country__class_label;region__class_label;season__class_label;latitude_band__class_label;country__category;region__category;season__category;latitude_band__category,independent_unit_id;split_role;model_signature;dataset_signature;protocol_hash;metric_version,missing,recomputable,missing_balance_axis_or_risk,recomputable,missing_prediction_set_outputs,cluster_ready,upgrade_schema_or_reexport,5bda6974bb099a07027be94e584e770ef5bfe3dd17eb875b1f421a6ea51c6747
outputs\test_fmow_cli_compare_d4c4391d649a4249aaca1a1d50cb841b\run_copy\predictions.csv,selective_or_predictions,sample_id;image_id;image_path;extracted_path;dataset;task;split;label;category;class_label;prediction;predicted_category;correct;score;risk;confidence;max_probability;top5_correct;model;model_family;model_variant;input_mode;adaptation_protocol;training_budget;split_protocol;eval_scope;resolution;band_profile;metadata_provenance;timestamp;year;month;season;location_id;latitude;longitude;country;continent;un_region;region;latitude_band,independent_unit_id;split_role;model_signature;dataset_signature;protocol_hash;metric_version,missing,recomputable,missing_balance_axis_or_risk,recomputable,missing_prediction_set_outputs,cluster_ready,upgrade_schema_or_reexport,5bda6974bb099a07027be94e584e770ef5bfe3dd17eb875b1f421a6ea51c6747
outputs\test_fmow_cli_compare_fab3862c78254c9aa34e913f30d31232\run\audit_table.csv,selective_or_predictions,sample_id;image_id;image_path;extracted_path;dataset;task;split;label;category;class_label;prediction;predicted_category;correct;score;risk;confidence;max_probability;top5_correct;model;model_family;model_variant;input_mode;adaptation_protocol;training_budget;split_protocol;eval_scope;resolution;band_profile;metadata_provenance;timestamp;year;month;season;location_id;latitude;longitude;country;continent;un_region;region;latitude_band;unit_id;y_true;y_pred;aggregation_level,independent_unit_id;split_role;model_signature;dataset_signature;protocol_hash;metric_version,missing,recomputable,missing_balance_axis_or_risk,recomputable,missing_prediction_set_outputs,cluster_ready,upgrade_schema_or_reexport,5bda6974bb099a07027be94e584e770ef5bfe3dd17eb875b1f421a6ea51c6747
outputs\test_fmow_cli_compare_fab3862c78254c9aa34e913f30d31232\run\bwer\audit_table.csv,selective_or_predictions,sample_id;image_id;image_path;extracted_path;dataset;task;split;label;category;class_label;prediction;predicted_category;correct;score;risk;confidence;max_probability;top5_correct;model;model_family;model_variant;input_mode;adaptation_protocol;training_budget;split_protocol;eval_scope;resolution;band_profile;metadata_provenance;timestamp;year;month;season;location_id;latitude;longitude;country;continent;un_region;region;latitude_band;unit_id;y_true;y_pred;aggregation_level;country__class_label;region__class_label;season__class_label;latitude_band__class_label;country__category;region__category;season__category;latitude_band__category,independent_unit_id;split_role;model_signature;dataset_signature;protocol_hash;metric_version,missing,recomputable,missing_balance_axis_or_risk,recomputable,missing_prediction_set_outputs,cluster_ready,upgrade_schema_or_reexport,5bda6974bb099a07027be94e584e770ef5bfe3dd17eb875b1f421a6ea51c6747
outputs\test_fmow_cli_compare_fab3862c78254c9aa34e913f30d31232\run\predictions.csv,selective_or_predictions,sample_id;image_id;image_path;extracted_path;dataset;task;split;label;category;class_label;prediction;predicted_category;correct;score;risk;confidence;max_probability;top5_correct;model;model_family;model_variant;input_mode;adaptation_protocol;training_budget;split_protocol;eval_scope;resolution;band_profile;metadata_provenance;timestamp;year;month;season;location_id;latitude;longitude;country;continent;un_region;region;latitude_band,independent_unit_id;split_role;model_signature;dataset_signature;protocol_hash;metric_version,missing,recomputable,missing_balance_axis_or_risk,recomputable,missing_prediction_set_outputs,cluster_ready,upgrade_schema_or_reexport,5bda6974bb099a07027be94e584e770ef5bfe3dd17eb875b1f421a6ea51c6747
outputs\test_fmow_cli_compare_fab3862c78254c9aa34e913f30d31232\run_copy\audit_table.csv,selective_or_predictions,sample_id;image_id;image_path;extracted_path;dataset;task;split;label;category;class_label;prediction;predicted_category;correct;score;risk;confidence;max_probability;top5_correct;model;model_family;model_variant;input_mode;adaptation_protocol;training_budget;split_protocol;eval_scope;resolution;band_profile;metadata_provenance;timestamp;year;month;season;location_id;latitude;longitude;country;continent;un_region;region;latitude_band;unit_id;y_true;y_pred;aggregation_level,independent_unit_id;split_role;model_signature;dataset_signature;protocol_hash;metric_version,missing,recomputable,missing_balance_axis_or_risk,recomputable,missing_prediction_set_outputs,cluster_ready,upgrade_schema_or_reexport,5bda6974bb099a07027be94e584e770ef5bfe3dd17eb875b1f421a6ea51c6747
outputs\test_fmow_cli_compare_fab3862c78254c9aa34e913f30d31232\run_copy\bwer\audit_table.csv,selective_or_predictions,sample_id;image_id;image_path;extracted_path;dataset;task;split;label;category;class_label;prediction;predicted_category;correct;score;risk;confidence;max_probability;top5_correct;model;model_family;model_variant;input_mode;adaptation_protocol;training_budget;split_protocol;eval_scope;resolution;band_profile;metadata_provenance;timestamp;year;month;season;location_id;latitude;longitude;country;continent;un_region;region;latitude_band;unit_id;y_true;y_pred;aggregation_level;country__class_label;region__class_label;season__class_label;latitude_band__class_label;country__category;region__category;season__category;latitude_band__category,independent_unit_id;split_role;model_signature;dataset_signature;protocol_hash;metric_version,missing,recomputable,missing_balance_axis_or_risk,recomputable,missing_prediction_set_outputs,cluster_ready,upgrade_schema_or_reexport,5bda6974bb099a07027be94e584e770ef5bfe3dd17eb875b1f421a6ea51c6747
outputs\test_fmow_cli_compare_fab3862c78254c9aa34e913f30d31232\run_copy\predictions.csv,selective_or_predictions,sample_id;image_id;image_path;extracted_path;dataset;task;split;label;category;class_label;prediction;predicted_category;correct;score;risk;confidence;max_probability;top5_correct;model;model_family;model_variant;input_mode;adaptation_protocol;training_budget;split_protocol;eval_scope;resolution;band_profile;metadata_provenance;timestamp;year;month;season;location_id;latitude;longitude;country;continent;un_region;region;latitude_band,independent_unit_id;split_role;model_signature;dataset_signature;protocol_hash;metric_version,missing,recomputable,missing_balance_axis_or_risk,recomputable,missing_prediction_set_outputs,cluster_ready,upgrade_schema_or_reexport,5bda6974bb099a07027be94e584e770ef5bfe3dd17eb875b1f421a6ea51c6747
outputs\test_fmow_cls_03ac58c97c914e3eb56e5626d4909d30\run\audit_table.csv,selective_or_predictions,sample_id;image_id;image_path;extracted_path;dataset;task;split;label;category;class_label;prediction;predicted_category;correct;score;risk;confidence;max_probability;top5_correct;model;model_family;model_variant;input_mode;adaptation_protocol;training_budget;split_protocol;eval_scope;resolution;band_profile;metadata_provenance;timestamp;year;month;season;location_id;latitude;longitude;country;continent;un_region;region;latitude_band;unit_id;y_true;y_pred;aggregation_level,independent_unit_id;split_role;model_signature;dataset_signature;protocol_hash;metric_version,missing,recomputable,missing_balance_axis_or_risk,recomputable,missing_prediction_set_outputs,cluster_ready,upgrade_schema_or_reexport,5bda6974bb099a07027be94e584e770ef5bfe3dd17eb875b1f421a6ea51c6747
outputs\test_fmow_cls_03ac58c97c914e3eb56e5626d4909d30\run\bwer\audit_table.csv,selective_or_predictions,sample_id;image_id;image_path;extracted_path;dataset;task;split;label;category;class_label;prediction;predicted_category;correct;score;risk;confidence;max_probability;top5_correct;model;model_family;model_variant;input_mode;adaptation_protocol;training_budget;split_protocol;eval_scope;resolution;band_profile;metadata_provenance;timestamp;year;month;season;location_id;latitude;longitude;country;continent;un_region;region;latitude_band;unit_id;y_true;y_pred;aggregation_level;country__class_label;region__class_label;season__class_label;latitude_band__class_label;country__category;region__category;season__category;latitude_band__category,independent_unit_id;split_role;model_signature;dataset_signature;protocol_hash;metric_version,missing,recomputable,missing_balance_axis_or_risk,recomputable,missing_prediction_set_outputs,cluster_ready,upgrade_schema_or_reexport,5bda6974bb099a07027be94e584e770ef5bfe3dd17eb875b1f421a6ea51c6747
outputs\test_fmow_cls_03ac58c97c914e3eb56e5626d4909d30\run\predictions.csv,selective_or_predictions,sample_id;image_id;image_path;extracted_path;dataset;task;split;label;category;class_label;prediction;predicted_category;correct;score;risk;confidence;max_probability;top5_correct;model;model_family;model_variant;input_mode;adaptation_protocol;training_budget;split_protocol;eval_scope;resolution;band_profile;metadata_provenance;timestamp;year;month;season;location_id;latitude;longitude;country;continent;un_region;region;latitude_band,independent_unit_id;split_role;model_signature;dataset_signature;protocol_hash;metric_version,missing,recomputable,missing_balance_axis_or_risk,recomputable,missing_prediction_set_outputs,cluster_ready,upgrade_schema_or_reexport,5bda6974bb099a07027be94e584e770ef5bfe3dd17eb875b1f421a6ea51c6747
outputs\test_fmow_cls_16ebe66f0e3140df9d16a21ea0ce1371\run\audit_table.csv,selective_or_predictions,sample_id;image_id;image_path;extracted_path;dataset;task;split;label;category;class_label;prediction;predicted_category;correct;score;risk;confidence;max_probability;top5_correct;model;model_family;model_variant;input_mode;adaptation_protocol;training_budget;split_protocol;eval_scope;resolution;band_profile;metadata_provenance;timestamp;year;month;season;location_id;latitude;longitude;country;continent;un_region;region;latitude_band;unit_id;y_true;y_pred;aggregation_level,independent_unit_id;split_role;model_signature;dataset_signature;protocol_hash;metric_version,missing,recomputable,missing_balance_axis_or_risk,recomputable,missing_prediction_set_outputs,cluster_ready,upgrade_schema_or_reexport,5bda6974bb099a07027be94e584e770ef5bfe3dd17eb875b1f421a6ea51c6747
outputs\test_fmow_cls_16ebe66f0e3140df9d16a21ea0ce1371\run\bwer\audit_table.csv,selective_or_predictions,sample_id;image_id;image_path;extracted_path;dataset;task;split;label;category;class_label;prediction;predicted_category;correct;score;risk;confidence;max_probability;top5_correct;model;model_family;model_variant;input_mode;adaptation_protocol;training_budget;split_protocol;eval_scope;resolution;band_profile;metadata_provenance;timestamp;year;month;season;location_id;latitude;longitude;country;continent;un_region;region;latitude_band;unit_id;y_true;y_pred;aggregation_level;country__class_label;region__class_label;season__class_label;latitude_band__class_label;country__category;region__category;season__category;latitude_band__category,independent_unit_id;split_role;model_signature;dataset_signature;protocol_hash;metric_version,missing,recomputable,missing_balance_axis_or_risk,recomputable,missing_prediction_set_outputs,cluster_ready,upgrade_schema_or_reexport,5bda6974bb099a07027be94e584e770ef5bfe3dd17eb875b1f421a6ea51c6747
outputs\test_fmow_cls_16ebe66f0e3140df9d16a21ea0ce1371\run\predictions.csv,selective_or_predictions,sample_id;image_id;image_path;extracted_path;dataset;task;split;label;category;class_label;prediction;predicted_category;correct;score;risk;confidence;max_probability;top5_correct;model;model_family;model_variant;input_mode;adaptation_protocol;training_budget;split_protocol;eval_scope;resolution;band_profile;metadata_provenance;timestamp;year;month;season;location_id;latitude;longitude;country;continent;un_region;region;latitude_band,independent_unit_id;split_role;model_signature;dataset_signature;protocol_hash;metric_version,missing,recomputable,missing_balance_axis_or_risk,recomputable,missing_prediction_set_outputs,cluster_ready,upgrade_schema_or_reexport,5bda6974bb099a07027be94e584e770ef5bfe3dd17eb875b1f421a6ea51c6747
outputs\test_fmow_cls_17d31da0576e4a2fbdf39b38329ebc9d\run\audit_table.csv,selective_or_predictions,sample_id;image_id;image_path;extracted_path;dataset;task;split;label;category;class_label;prediction;predicted_category;correct;score;risk;confidence;max_probability;top5_correct;model;model_family;model_variant;input_mode;adaptation_protocol;training_budget;split_protocol;eval_scope;resolution;band_profile;metadata_provenance;timestamp;year;month;season;location_id;latitude;longitude;country;continent;un_region;region;latitude_band;unit_id;y_true;y_pred;aggregation_level,independent_unit_id;split_role;model_signature;dataset_signature;protocol_hash;metric_version,missing,recomputable,missing_balance_axis_or_risk,recomputable,missing_prediction_set_outputs,cluster_ready,upgrade_schema_or_reexport,5bda6974bb099a07027be94e584e770ef5bfe3dd17eb875b1f421a6ea51c6747
outputs\test_fmow_cls_17d31da0576e4a2fbdf39b38329ebc9d\run\bwer\audit_table.csv,selective_or_predictions,sample_id;image_id;image_path;extracted_path;dataset;task;split;label;category;class_label;prediction;predicted_category;correct;score;risk;confidence;max_probability;top5_correct;model;model_family;model_variant;input_mode;adaptation_protocol;training_budget;split_protocol;eval_scope;resolution;band_profile;metadata_provenance;timestamp;year;month;season;location_id;latitude;longitude;country;continent;un_region;region;latitude_band;unit_id;y_true;y_pred;aggregation_level;country__class_label;region__class_label;season__class_label;latitude_band__class_label;country__category;region__category;season__category;latitude_band__category,independent_unit_id;split_role;model_signature;dataset_signature;protocol_hash;metric_version,missing,recomputable,missing_balance_axis_or_risk,recomputable,missing_prediction_set_outputs,cluster_ready,upgrade_schema_or_reexport,5bda6974bb099a07027be94e584e770ef5bfe3dd17eb875b1f421a6ea51c6747
outputs\test_fmow_cls_17d31da0576e4a2fbdf39b38329ebc9d\run\predictions.csv,selective_or_predictions,sample_id;image_id;image_path;extracted_path;dataset;task;split;label;category;class_label;prediction;predicted_category;correct;score;risk;confidence;max_probability;top5_correct;model;model_family;model_variant;input_mode;adaptation_protocol;training_budget;split_protocol;eval_scope;resolution;band_profile;metadata_provenance;timestamp;year;month;season;location_id;latitude;longitude;country;continent;un_region;region;latitude_band,independent_unit_id;split_role;model_signature;dataset_signature;protocol_hash;metric_version,missing,recomputable,missing_balance_axis_or_risk,recomputable,missing_prediction_set_outputs,cluster_ready,upgrade_schema_or_reexport,5bda6974bb099a07027be94e584e770ef5bfe3dd17eb875b1f421a6ea51c6747
outputs\test_fmow_cls_27f96fa1d05a4db2ba170ece8aeb7512\run\audit_table.csv,selective_or_predictions,sample_id;image_id;image_path;extracted_path;dataset;task;split;label;category;class_label;prediction;predicted_category;correct;score;risk;confidence;max_probability;top5_correct;model;model_family;model_variant;input_mode;adaptation_protocol;training_budget;split_protocol;eval_scope;resolution;band_profile;metadata_provenance;timestamp;year;month;season;location_id;latitude;longitude;country;continent;un_region;region;latitude_band;unit_id;y_true;y_pred;aggregation_level,independent_unit_id;split_role;model_signature;dataset_signature;protocol_hash;metric_version,missing,recomputable,missing_balance_axis_or_risk,recomputable,missing_prediction_set_outputs,cluster_ready,upgrade_schema_or_reexport,5bda6974bb099a07027be94e584e770ef5bfe3dd17eb875b1f421a6ea51c6747
outputs\test_fmow_cls_27f96fa1d05a4db2ba170ece8aeb7512\run\bwer\audit_table.csv,selective_or_predictions,sample_id;image_id;image_path;extracted_path;dataset;task;split;label;category;class_label;prediction;predicted_category;correct;score;risk;confidence;max_probability;top5_correct;model;model_family;model_variant;input_mode;adaptation_protocol;training_budget;split_protocol;eval_scope;resolution;band_profile;metadata_provenance;timestamp;year;month;season;location_id;latitude;longitude;country;continent;un_region;region;latitude_band;unit_id;y_true;y_pred;aggregation_level;country__class_label;region__class_label;season__class_label;latitude_band__class_label;country__category;region__category;season__category;latitude_band__category,independent_unit_id;split_role;model_signature;dataset_signature;protocol_hash;metric_version,missing,recomputable,missing_balance_axis_or_risk,recomputable,missing_prediction_set_outputs,cluster_ready,upgrade_schema_or_reexport,5bda6974bb099a07027be94e584e770ef5bfe3dd17eb875b1f421a6ea51c6747
outputs\test_fmow_cls_27f96fa1d05a4db2ba170ece8aeb7512\run\predictions.csv,selective_or_predictions,sample_id;image_id;image_path;extracted_path;dataset;task;split;label;category;class_label;prediction;predicted_category;correct;score;risk;confidence;max_probability;top5_correct;model;model_family;model_variant;input_mode;adaptation_protocol;training_budget;split_protocol;eval_scope;resolution;band_profile;metadata_provenance;timestamp;year;month;season;location_id;latitude;longitude;country;continent;un_region;region;latitude_band,independent_unit_id;split_role;model_signature;dataset_signature;protocol_hash;metric_version,missing,recomputable,missing_balance_axis_or_risk,recomputable,missing_prediction_set_outputs,cluster_ready,upgrade_schema_or_reexport,5bda6974bb099a07027be94e584e770ef5bfe3dd17eb875b1f421a6ea51c6747
outputs\test_fmow_cls_2fe8d776f6be4f24a7c6c0f3f554c0ce\run\audit_table.csv,selective_or_predictions,sample_id;image_id;image_path;extracted_path;dataset;task;split;label;category;class_label;prediction;predicted_category;correct;score;risk;confidence;max_probability;top5_correct;model;model_family;model_variant;input_mode;adaptation_protocol;training_budget;split_protocol;eval_scope;resolution;band_profile;metadata_provenance;timestamp;year;month;season;location_id;latitude;longitude;country;continent;un_region;region;latitude_band;unit_id;y_true;y_pred;aggregation_level,independent_unit_id;split_role;model_signature;dataset_signature;protocol_hash;metric_version,missing,recomputable,missing_balance_axis_or_risk,recomputable,missing_prediction_set_outputs,cluster_ready,upgrade_schema_or_reexport,5bda6974bb099a07027be94e584e770ef5bfe3dd17eb875b1f421a6ea51c6747
outputs\test_fmow_cls_2fe8d776f6be4f24a7c6c0f3f554c0ce\run\bwer\audit_table.csv,selective_or_predictions,sample_id;image_id;image_path;extracted_path;dataset;task;split;label;category;class_label;prediction;predicted_category;correct;score;risk;confidence;max_probability;top5_correct;model;model_family;model_variant;input_mode;adaptation_protocol;training_budget;split_protocol;eval_scope;resolution;band_profile;metadata_provenance;timestamp;year;month;season;location_id;latitude;longitude;country;continent;un_region;region;latitude_band;unit_id;y_true;y_pred;aggregation_level;country__class_label;region__class_label;season__class_label;latitude_band__class_label;country__category;region__category;season__category;latitude_band__category,independent_unit_id;split_role;model_signature;dataset_signature;protocol_hash;metric_version,missing,recomputable,missing_balance_axis_or_risk,recomputable,missing_prediction_set_outputs,cluster_ready,upgrade_schema_or_reexport,5bda6974bb099a07027be94e584e770ef5bfe3dd17eb875b1f421a6ea51c6747
outputs\test_fmow_cls_2fe8d776f6be4f24a7c6c0f3f554c0ce\run\predictions.csv,selective_or_predictions,sample_id;image_id;image_path;extracted_path;dataset;task;split;label;category;class_label;prediction;predicted_category;correct;score;risk;confidence;max_probability;top5_correct;model;model_family;model_variant;input_mode;adaptation_protocol;training_budget;split_protocol;eval_scope;resolution;band_profile;metadata_provenance;timestamp;year;month;season;location_id;latitude;longitude;country;continent;un_region;region;latitude_band,independent_unit_id;split_role;model_signature;dataset_signature;protocol_hash;metric_version,missing,recomputable,missing_balance_axis_or_risk,recomputable,missing_prediction_set_outputs,cluster_ready,upgrade_schema_or_reexport,5bda6974bb099a07027be94e584e770ef5bfe3dd17eb875b1f421a6ea51c6747
outputs\test_fmow_cls_6259771d812b4de19944636c5eae9e24\run\audit_table.csv,selective_or_predictions,sample_id;image_id;image_path;extracted_path;dataset;task;split;label;category;class_label;prediction;predicted_category;correct;score;risk;confidence;max_probability;top5_correct;model;model_family;model_variant;input_mode;adaptation_protocol;training_budget;split_protocol;eval_scope;resolution;band_profile;metadata_provenance;timestamp;year;month;season;location_id;latitude;longitude;country;continent;un_region;region;latitude_band;unit_id;y_true;y_pred;aggregation_level,independent_unit_id;split_role;model_signature;dataset_signature;protocol_hash;metric_version,missing,recomputable,missing_balance_axis_or_risk,recomputable,missing_prediction_set_outputs,cluster_ready,upgrade_schema_or_reexport,5bda6974bb099a07027be94e584e770ef5bfe3dd17eb875b1f421a6ea51c6747
outputs\test_fmow_cls_6259771d812b4de19944636c5eae9e24\run\bwer\audit_table.csv,selective_or_predictions,sample_id;image_id;image_path;extracted_path;dataset;task;split;label;category;class_label;prediction;predicted_category;correct;score;risk;confidence;max_probability;top5_correct;model;model_family;model_variant;input_mode;adaptation_protocol;training_budget;split_protocol;eval_scope;resolution;band_profile;metadata_provenance;timestamp;year;month;season;location_id;latitude;longitude;country;continent;un_region;region;latitude_band;unit_id;y_true;y_pred;aggregation_level;country__class_label;region__class_label;season__class_label;latitude_band__class_label;country__category;region__category;season__category;latitude_band__category,independent_unit_id;split_role;model_signature;dataset_signature;protocol_hash;metric_version,missing,recomputable,missing_balance_axis_or_risk,recomputable,missing_prediction_set_outputs,cluster_ready,upgrade_schema_or_reexport,5bda6974bb099a07027be94e584e770ef5bfe3dd17eb875b1f421a6ea51c6747
outputs\test_fmow_cls_6259771d812b4de19944636c5eae9e24\run\predictions.csv,selective_or_predictions,sample_id;image_id;image_path;extracted_path;dataset;task;split;label;category;class_label;prediction;predicted_category;correct;score;risk;confidence;max_probability;top5_correct;model;model_family;model_variant;input_mode;adaptation_protocol;training_budget;split_protocol;eval_scope;resolution;band_profile;metadata_provenance;timestamp;year;month;season;location_id;latitude;longitude;country;continent;un_region;region;latitude_band,independent_unit_id;split_role;model_signature;dataset_signature;protocol_hash;metric_version,missing,recomputable,missing_balance_axis_or_risk,recomputable,missing_prediction_set_outputs,cluster_ready,upgrade_schema_or_reexport,5bda6974bb099a07027be94e584e770ef5bfe3dd17eb875b1f421a6ea51c6747
outputs\test_fmow_cls_8dbf03ef1dee4773989114d55f77316d\run\audit_table.csv,selective_or_predictions,sample_id;image_id;image_path;extracted_path;dataset;task;split;label;category;class_label;prediction;predicted_category;correct;score;risk;confidence;max_probability;top5_correct;model;model_family;model_variant;input_mode;adaptation_protocol;training_budget;split_protocol;eval_scope;resolution;band_profile;metadata_provenance;timestamp;year;month;season;location_id;latitude;longitude;country;continent;un_region;region;latitude_band;unit_id;y_true;y_pred;aggregation_level,independent_unit_id;split_role;model_signature;dataset_signature;protocol_hash;metric_version,missing,recomputable,missing_balance_axis_or_risk,recomputable,missing_prediction_set_outputs,cluster_ready,upgrade_schema_or_reexport,5bda6974bb099a07027be94e584e770ef5bfe3dd17eb875b1f421a6ea51c6747
outputs\test_fmow_cls_8dbf03ef1dee4773989114d55f77316d\run\bwer\audit_table.csv,selective_or_predictions,sample_id;image_id;image_path;extracted_path;dataset;task;split;label;category;class_label;prediction;predicted_category;correct;score;risk;confidence;max_probability;top5_correct;model;model_family;model_variant;input_mode;adaptation_protocol;training_budget;split_protocol;eval_scope;resolution;band_profile;metadata_provenance;timestamp;year;month;season;location_id;latitude;longitude;country;continent;un_region;region;latitude_band;unit_id;y_true;y_pred;aggregation_level;country__class_label;region__class_label;season__class_label;latitude_band__class_label;country__category;region__category;season__category;latitude_band__category,independent_unit_id;split_role;model_signature;dataset_signature;protocol_hash;metric_version,missing,recomputable,missing_balance_axis_or_risk,recomputable,missing_prediction_set_outputs,cluster_ready,upgrade_schema_or_reexport,5bda6974bb099a07027be94e584e770ef5bfe3dd17eb875b1f421a6ea51c6747
outputs\test_fmow_cls_8dbf03ef1dee4773989114d55f77316d\run\predictions.csv,selective_or_predictions,sample_id;image_id;image_path;extracted_path;dataset;task;split;label;category;class_label;prediction;predicted_category;correct;score;risk;confidence;max_probability;top5_correct;model;model_family;model_variant;input_mode;adaptation_protocol;training_budget;split_protocol;eval_scope;resolution;band_profile;metadata_provenance;timestamp;year;month;season;location_id;latitude;longitude;country;continent;un_region;region;latitude_band,independent_unit_id;split_role;model_signature;dataset_signature;protocol_hash;metric_version,missing,recomputable,missing_balance_axis_or_risk,recomputable,missing_prediction_set_outputs,cluster_ready,upgrade_schema_or_reexport,5bda6974bb099a07027be94e584e770ef5bfe3dd17eb875b1f421a6ea51c6747
outputs\test_fmow_cls_b3498c3c39894d378a6ed287101313af\run\audit_table.csv,selective_or_predictions,sample_id;image_id;image_path;extracted_path;dataset;task;split;label;category;class_label;prediction;predicted_category;correct;score;risk;confidence;max_probability;top5_correct;model;model_family;model_variant;input_mode;adaptation_protocol;training_budget;split_protocol;eval_scope;resolution;band_profile;metadata_provenance;timestamp;year;month;season;location_id;latitude;longitude;country;continent;un_region;region;latitude_band;unit_id;y_true;y_pred;aggregation_level,independent_unit_id;split_role;model_signature;dataset_signature;protocol_hash;metric_version,missing,recomputable,missing_balance_axis_or_risk,recomputable,missing_prediction_set_outputs,cluster_ready,upgrade_schema_or_reexport,5bda6974bb099a07027be94e584e770ef5bfe3dd17eb875b1f421a6ea51c6747
outputs\test_fmow_cls_b3498c3c39894d378a6ed287101313af\run\bwer\audit_table.csv,selective_or_predictions,sample_id;image_id;image_path;extracted_path;dataset;task;split;label;category;class_label;prediction;predicted_category;correct;score;risk;confidence;max_probability;top5_correct;model;model_family;model_variant;input_mode;adaptation_protocol;training_budget;split_protocol;eval_scope;resolution;band_profile;metadata_provenance;timestamp;year;month;season;location_id;latitude;longitude;country;continent;un_region;region;latitude_band;unit_id;y_true;y_pred;aggregation_level;country__class_label;region__class_label;season__class_label;latitude_band__class_label;country__category;region__category;season__category;latitude_band__category,independent_unit_id;split_role;model_signature;dataset_signature;protocol_hash;metric_version,missing,recomputable,missing_balance_axis_or_risk,recomputable,missing_prediction_set_outputs,cluster_ready,upgrade_schema_or_reexport,5bda6974bb099a07027be94e584e770ef5bfe3dd17eb875b1f421a6ea51c6747
outputs\test_fmow_cls_b3498c3c39894d378a6ed287101313af\run\predictions.csv,selective_or_predictions,sample_id;image_id;image_path;extracted_path;dataset;task;split;label;category;class_label;prediction;predicted_category;correct;score;risk;confidence;max_probability;top5_correct;model;model_family;model_variant;input_mode;adaptation_protocol;training_budget;split_protocol;eval_scope;resolution;band_profile;metadata_provenance;timestamp;year;month;season;location_id;latitude;longitude;country;continent;un_region;region;latitude_band,independent_unit_id;split_role;model_signature;dataset_signature;protocol_hash;metric_version,missing,recomputable,missing_balance_axis_or_risk,recomputable,missing_prediction_set_outputs,cluster_ready,upgrade_schema_or_reexport,5bda6974bb099a07027be94e584e770ef5bfe3dd17eb875b1f421a6ea51c6747
outputs\test_fmow_conformal_selective_1516b2be99c94424bd6b4e354aa699ab\out\fmow_conformal_bwer_summary.csv,conformal,run_id;selector;coverage_target;analysis_type;slice_variable;balance_variable;bwer;mean_slice_risk;tail_risk;worst_slice;tail_slices;n_valid_slices;note,dataset;model;task;split;sample_id;independent_unit_id;risk;split_role;model_signature;dataset_signature;protocol_hash;metric_version,missing,unavailable,missing_balance_axis_or_risk,missing_confidence_or_risk,missing_prediction_set_outputs,missing_cluster_or_spatial_block,not_an_audit_source,5bda6974bb099a07027be94e584e770ef5bfe3dd17eb875b1f421a6ea51c6747
outputs\test_fmow_conformal_selective_1516b2be99c94424bd6b4e354aa699ab\out\fmow_conformal_coverage_summary.csv,conformal,run_id;method;coverage_target;alpha;qhat_nonconformity;confidence_threshold;calibration_count;test_count;retained_count;retained_coverage;empirical_retained_accuracy;formal_label_coverage_claim;note,dataset;model;task;split;sample_id;independent_unit_id;risk;split_role;model_signature;dataset_signature;protocol_hash;metric_version,missing,unavailable,missing_balance_axis_or_risk,missing_confidence_or_risk,missing_prediction_set_outputs,missing_cluster_or_spatial_block,not_an_audit_source,5bda6974bb099a07027be94e584e770ef5bfe3dd17eb875b1f421a6ea51c6747
outputs\test_fmow_conformal_selective_1516b2be99c94424bd6b4e354aa699ab\out\fmow_conformal_slice_coverage.csv,conformal,run_id;method;coverage_target;slice_variable;slice_value;retained_count;total_count;retained_coverage;empirical_retained_accuracy,dataset;model;task;split;sample_id;independent_unit_id;risk;split_role;model_signature;dataset_signature;protocol_hash;metric_version,missing,unavailable,missing_balance_axis_or_risk,missing_confidence_or_risk,missing_prediction_set_outputs,missing_cluster_or_spatial_block,not_an_audit_source,5bda6974bb099a07027be94e584e770ef5bfe3dd17eb875b1f421a6ea51c6747
outputs\test_fmow_conformal_selective_1516b2be99c94424bd6b4e354aa699ab\out\fmow_selective_bwer_summary.csv,conformal,run_id;selector;coverage_target;analysis_type;slice_variable;balance_variable;bwer;mean_slice_risk;tail_risk;worst_slice;tail_slices;n_valid_slices;note,dataset;model;task;split;sample_id;independent_unit_id;risk;split_role;model_signature;dataset_signature;protocol_hash;metric_version,missing,unavailable,missing_balance_axis_or_risk,missing_confidence_or_risk,missing_prediction_set_outputs,missing_cluster_or_spatial_block,not_an_audit_source,5bda6974bb099a07027be94e584e770ef5bfe3dd17eb875b1f421a6ea51c6747
outputs\test_fmow_conformal_selective_1516b2be99c94424bd6b4e354aa699ab\out\fmow_selective_risk_summary.csv,conformal,run_id;selector;coverage_target;confidence_threshold;retained_count;total_count;retained_coverage;abstention_rate;mean_risk;baseline_mean_risk;risk_reduction;confidence_column;risk_column,dataset;model;task;split;sample_id;independent_unit_id;risk;split_role;model_signature;dataset_signature;protocol_hash;metric_version,missing,unavailable,missing_balance_axis_or_risk,missing_confidence_or_risk,missing_prediction_set_outputs,missing_cluster_or_spatial_block,not_an_audit_source,5bda6974bb099a07027be94e584e770ef5bfe3dd17eb875b1f421a6ea51c6747
outputs\test_fmow_conformal_selective_1516b2be99c94424bd6b4e354aa699ab\out\rank_divergence_under_selective_audit.csv,conformal,scenario;selector;coverage_target;analysis_type;aggregate_best_run;aggregate_best_mean_risk;bwer_best_run;bwer_best;rank_diverges;compared_runs;interpretation,dataset;model;task;split;sample_id;independent_unit_id;risk;split_role;model_signature;dataset_signature;protocol_hash;metric_version,missing,unavailable,missing_balance_axis_or_risk,missing_confidence_or_risk,missing_prediction_set_outputs,missing_cluster_or_spatial_block,not_an_audit_source,5bda6974bb099a07027be94e584e770ef5bfe3dd17eb875b1f421a6ea51c6747
outputs\test_fmow_conformal_selective_1516b2be99c94424bd6b4e354aa699ab\unified_v2\fmow_selective_main_results.csv,conformal,experiment_id;dataset;deployment_axis;run_id;selector;coverage_target;mean_risk;risk_reduction;country_raw_bwer;country_worst_slice;n_valid_country_slices;claim_status,model;task;split;sample_id;independent_unit_id;risk;split_role;model_signature;dataset_signature;protocol_hash;metric_version,missing,unavailable,missing_balance_axis_or_risk,missing_confidence_or_risk,missing_prediction_set_outputs,missing_cluster_or_spatial_block,not_an_audit_source,5bda6974bb099a07027be94e584e770ef5bfe3dd17eb875b1f421a6ea51c6747
outputs\test_fmow_conformal_selective_1516b2be99c94424bd6b4e354aa699ab\unified_v2\rank_divergence_under_selective_audit.csv,conformal,scenario;selector;coverage_target;analysis_type;aggregate_best_run;aggregate_best_mean_risk;bwer_best_run;bwer_best;rank_diverges;compared_runs;interpretation,dataset;model;task;split;sample_id;independent_unit_id;risk;split_role;model_signature;dataset_signature;protocol_hash;metric_version,missing,unavailable,missing_balance_axis_or_risk,missing_confidence_or_risk,missing_prediction_set_outputs,missing_cluster_or_spatial_block,not_an_audit_source,5bda6974bb099a07027be94e584e770ef5bfe3dd17eb875b1f421a6ea51c6747
outputs\test_fmow_conformal_selective_1935038123564a169efbdf28a8d991c1\out\fmow_conformal_bwer_summary.csv,conformal,run_id;selector;coverage_target;analysis_type;slice_variable;balance_variable;bwer;mean_slice_risk;tail_risk;worst_slice;tail_slices;n_valid_slices;note,dataset;model;task;split;sample_id;independent_unit_id;risk;split_role;model_signature;dataset_signature;protocol_hash;metric_version,missing,unavailable,missing_balance_axis_or_risk,missing_confidence_or_risk,missing_prediction_set_outputs,missing_cluster_or_spatial_block,not_an_audit_source,5bda6974bb099a07027be94e584e770ef5bfe3dd17eb875b1f421a6ea51c6747
outputs\test_fmow_conformal_selective_1935038123564a169efbdf28a8d991c1\out\fmow_conformal_coverage_summary.csv,conformal,run_id;method;coverage_target;alpha;qhat_nonconformity;confidence_threshold;calibration_count;test_count;retained_count;retained_coverage;empirical_retained_accuracy;formal_label_coverage_claim;note,dataset;model;task;split;sample_id;independent_unit_id;risk;split_role;model_signature;dataset_signature;protocol_hash;metric_version,missing,unavailable,missing_balance_axis_or_risk,missing_confidence_or_risk,missing_prediction_set_outputs,missing_cluster_or_spatial_block,not_an_audit_source,5bda6974bb099a07027be94e584e770ef5bfe3dd17eb875b1f421a6ea51c6747
outputs\test_fmow_conformal_selective_1935038123564a169efbdf28a8d991c1\out\fmow_conformal_slice_coverage.csv,conformal,run_id;method;coverage_target;slice_variable;slice_value;retained_count;total_count;retained_coverage;empirical_retained_accuracy,dataset;model;task;split;sample_id;independent_unit_id;risk;split_role;model_signature;dataset_signature;protocol_hash;metric_version,missing,unavailable,missing_balance_axis_or_risk,missing_confidence_or_risk,missing_prediction_set_outputs,missing_cluster_or_spatial_block,not_an_audit_source,5bda6974bb099a07027be94e584e770ef5bfe3dd17eb875b1f421a6ea51c6747
outputs\test_fmow_conformal_selective_1935038123564a169efbdf28a8d991c1\out\fmow_selective_bwer_summary.csv,conformal,run_id;selector;coverage_target;analysis_type;slice_variable;balance_variable;bwer;mean_slice_risk;tail_risk;worst_slice;tail_slices;n_valid_slices;note,dataset;model;task;split;sample_id;independent_unit_id;risk;split_role;model_signature;dataset_signature;protocol_hash;metric_version,missing,unavailable,missing_balance_axis_or_risk,missing_confidence_or_risk,missing_prediction_set_outputs,missing_cluster_or_spatial_block,not_an_audit_source,5bda6974bb099a07027be94e584e770ef5bfe3dd17eb875b1f421a6ea51c6747
outputs\test_fmow_conformal_selective_1935038123564a169efbdf28a8d991c1\out\fmow_selective_risk_summary.csv,conformal,run_id;selector;coverage_target;confidence_threshold;retained_count;total_count;retained_coverage;abstention_rate;mean_risk;baseline_mean_risk;risk_reduction;confidence_column;risk_column,dataset;model;task;split;sample_id;independent_unit_id;risk;split_role;model_signature;dataset_signature;protocol_hash;metric_version,missing,unavailable,missing_balance_axis_or_risk,missing_confidence_or_risk,missing_prediction_set_outputs,missing_cluster_or_spatial_block,not_an_audit_source,5bda6974bb099a07027be94e584e770ef5bfe3dd17eb875b1f421a6ea51c6747
outputs\test_fmow_conformal_selective_2e2ea36032784a21aba290af1cd71d9b\out\fmow_conformal_bwer_summary.csv,conformal,run_id;selector;coverage_target;analysis_type;slice_variable;balance_variable;bwer;mean_slice_risk;tail_risk;worst_slice;tail_slices;n_valid_slices;note,dataset;model;task;split;sample_id;independent_unit_id;risk;split_role;model_signature;dataset_signature;protocol_hash;metric_version,missing,unavailable,missing_balance_axis_or_risk,missing_confidence_or_risk,missing_prediction_set_outputs,missing_cluster_or_spatial_block,not_an_audit_source,5bda6974bb099a07027be94e584e770ef5bfe3dd17eb875b1f421a6ea51c6747
outputs\test_fmow_conformal_selective_2e2ea36032784a21aba290af1cd71d9b\out\fmow_conformal_coverage_summary.csv,conformal,run_id;method;coverage_target;alpha;qhat_nonconformity;confidence_threshold;calibration_count;test_count;retained_count;retained_coverage;empirical_retained_accuracy;formal_label_coverage_claim;note,dataset;model;task;split;sample_id;independent_unit_id;risk;split_role;model_signature;dataset_signature;protocol_hash;metric_version,missing,unavailable,missing_balance_axis_or_risk,missing_confidence_or_risk,missing_prediction_set_outputs,missing_cluster_or_spatial_block,not_an_audit_source,5bda6974bb099a07027be94e584e770ef5bfe3dd17eb875b1f421a6ea51c6747
outputs\test_fmow_conformal_selective_2e2ea36032784a21aba290af1cd71d9b\out\fmow_conformal_slice_coverage.csv,conformal,run_id;method;coverage_target;slice_variable;slice_value;retained_count;total_count;retained_coverage;empirical_retained_accuracy,dataset;model;task;split;sample_id;independent_unit_id;risk;split_role;model_signature;dataset_signature;protocol_hash;metric_version,missing,unavailable,missing_balance_axis_or_risk,missing_confidence_or_risk,missing_prediction_set_outputs,missing_cluster_or_spatial_block,not_an_audit_source,5bda6974bb099a07027be94e584e770ef5bfe3dd17eb875b1f421a6ea51c6747
outputs\test_fmow_conformal_selective_2e2ea36032784a21aba290af1cd71d9b\out\fmow_selective_bwer_summary.csv,conformal,run_id;selector;coverage_target;analysis_type;slice_variable;balance_variable;bwer;mean_slice_risk;tail_risk;worst_slice;tail_slices;n_valid_slices;note,dataset;model;task;split;sample_id;independent_unit_id;risk;split_role;model_signature;dataset_signature;protocol_hash;metric_version,missing,unavailable,missing_balance_axis_or_risk,missing_confidence_or_risk,missing_prediction_set_outputs,missing_cluster_or_spatial_block,not_an_audit_source,5bda6974bb099a07027be94e584e770ef5bfe3dd17eb875b1f421a6ea51c6747
outputs\test_fmow_conformal_selective_2e2ea36032784a21aba290af1cd71d9b\out\fmow_selective_risk_summary.csv,conformal,run_id;selector;coverage_target;confidence_threshold;retained_count;total_count;retained_coverage;abstention_rate;mean_risk;baseline_mean_risk;risk_reduction;confidence_column;risk_column,dataset;model;task;split;sample_id;independent_unit_id;risk;split_role;model_signature;dataset_signature;protocol_hash;metric_version,missing,unavailable,missing_balance_axis_or_risk,missing_confidence_or_risk,missing_prediction_set_outputs,missing_cluster_or_spatial_block,not_an_audit_source,5bda6974bb099a07027be94e584e770ef5bfe3dd17eb875b1f421a6ea51c6747
outputs\test_fmow_conformal_selective_2e2ea36032784a21aba290af1cd71d9b\out\rank_divergence_under_selective_audit.csv,conformal,scenario;selector;coverage_target;analysis_type;aggregate_best_run;aggregate_best_mean_risk;bwer_best_run;bwer_best;rank_diverges;compared_runs;interpretation,dataset;model;task;split;sample_id;independent_unit_id;risk;split_role;model_signature;dataset_signature;protocol_hash;metric_version,missing,unavailable,missing_balance_axis_or_risk,missing_confidence_or_risk,missing_prediction_set_outputs,missing_cluster_or_spatial_block,not_an_audit_source,5bda6974bb099a07027be94e584e770ef5bfe3dd17eb875b1f421a6ea51c6747
outputs\test_fmow_conformal_selective_2e2ea36032784a21aba290af1cd71d9b\unified_v2\fmow_selective_main_results.csv,conformal,experiment_id;dataset;deployment_axis;run_id;selector;coverage_target;mean_risk;risk_reduction;country_raw_bwer;country_worst_slice;n_valid_country_slices;claim_status,model;task;split;sample_id;independent_unit_id;risk;split_role;model_signature;dataset_signature;protocol_hash;metric_version,missing,unavailable,missing_balance_axis_or_risk,missing_confidence_or_risk,missing_prediction_set_outputs,missing_cluster_or_spatial_block,not_an_audit_source,5bda6974bb099a07027be94e584e770ef5bfe3dd17eb875b1f421a6ea51c6747
outputs\test_fmow_conformal_selective_2e2ea36032784a21aba290af1cd71d9b\unified_v2\rank_divergence_under_selective_audit.csv,conformal,scenario;selector;coverage_target;analysis_type;aggregate_best_run;aggregate_best_mean_risk;bwer_best_run;bwer_best;rank_diverges;compared_runs;interpretation,dataset;model;task;split;sample_id;independent_unit_id;risk;split_role;model_signature;dataset_signature;protocol_hash;metric_version,missing,unavailable,missing_balance_axis_or_risk,missing_confidence_or_risk,missing_prediction_set_outputs,missing_cluster_or_spatial_block,not_an_audit_source,5bda6974bb099a07027be94e584e770ef5bfe3dd17eb875b1f421a6ea51c6747
outputs\test_fmow_conformal_selective_32896263a9d347349f2981291e2c5a3d\out\fmow_conformal_bwer_summary.csv,conformal,run_id;selector;coverage_target;analysis_type;slice_variable;balance_variable;bwer;mean_slice_risk;tail_risk;worst_slice;tail_slices;n_valid_slices;note,dataset;model;task;split;sample_id;independent_unit_id;risk;split_role;model_signature;dataset_signature;protocol_hash;metric_version,missing,unavailable,missing_balance_axis_or_risk,missing_confidence_or_risk,missing_prediction_set_outputs,missing_cluster_or_spatial_block,not_an_audit_source,5bda6974bb099a07027be94e584e770ef5bfe3dd17eb875b1f421a6ea51c6747
outputs\test_fmow_conformal_selective_32896263a9d347349f2981291e2c5a3d\out\fmow_conformal_coverage_summary.csv,conformal,run_id;method;coverage_target;alpha;qhat_nonconformity;confidence_threshold;calibration_count;test_count;retained_count;retained_coverage;empirical_retained_accuracy;formal_label_coverage_claim;note,dataset;model;task;split;sample_id;independent_unit_id;risk;split_role;model_signature;dataset_signature;protocol_hash;metric_version,missing,unavailable,missing_balance_axis_or_risk,missing_confidence_or_risk,missing_prediction_set_outputs,missing_cluster_or_spatial_block,not_an_audit_source,5bda6974bb099a07027be94e584e770ef5bfe3dd17eb875b1f421a6ea51c6747
outputs\test_fmow_conformal_selective_32896263a9d347349f2981291e2c5a3d\out\fmow_conformal_slice_coverage.csv,conformal,run_id;method;coverage_target;slice_variable;slice_value;retained_count;total_count;retained_coverage;empirical_retained_accuracy,dataset;model;task;split;sample_id;independent_unit_id;risk;split_role;model_signature;dataset_signature;protocol_hash;metric_version,missing,unavailable,missing_balance_axis_or_risk,missing_confidence_or_risk,missing_prediction_set_outputs,missing_cluster_or_spatial_block,not_an_audit_source,5bda6974bb099a07027be94e584e770ef5bfe3dd17eb875b1f421a6ea51c6747
outputs\test_fmow_conformal_selective_32896263a9d347349f2981291e2c5a3d\out\fmow_selective_bwer_summary.csv,conformal,run_id;selector;coverage_target;analysis_type;slice_variable;balance_variable;bwer;mean_slice_risk;tail_risk;worst_slice;tail_slices;n_valid_slices;note,dataset;model;task;split;sample_id;independent_unit_id;risk;split_role;model_signature;dataset_signature;protocol_hash;metric_version,missing,unavailable,missing_balance_axis_or_risk,missing_confidence_or_risk,missing_prediction_set_outputs,missing_cluster_or_spatial_block,not_an_audit_source,5bda6974bb099a07027be94e584e770ef5bfe3dd17eb875b1f421a6ea51c6747
outputs\test_fmow_conformal_selective_32896263a9d347349f2981291e2c5a3d\out\fmow_selective_risk_summary.csv,conformal,run_id;selector;coverage_target;confidence_threshold;retained_count;total_count;retained_coverage;abstention_rate;mean_risk;baseline_mean_risk;risk_reduction;confidence_column;risk_column,dataset;model;task;split;sample_id;independent_unit_id;risk;split_role;model_signature;dataset_signature;protocol_hash;metric_version,missing,unavailable,missing_balance_axis_or_risk,missing_confidence_or_risk,missing_prediction_set_outputs,missing_cluster_or_spatial_block,not_an_audit_source,5bda6974bb099a07027be94e584e770ef5bfe3dd17eb875b1f421a6ea51c6747
outputs\test_fmow_conformal_selective_32896263a9d347349f2981291e2c5a3d\out\rank_divergence_under_selective_audit.csv,conformal,scenario;selector;coverage_target;analysis_type;aggregate_best_run;aggregate_best_mean_risk;bwer_best_run;bwer_best;rank_diverges;compared_runs;interpretation,dataset;model;task;split;sample_id;independent_unit_id;risk;split_role;model_signature;dataset_signature;protocol_hash;metric_version,missing,unavailable,missing_balance_axis_or_risk,missing_confidence_or_risk,missing_prediction_set_outputs,missing_cluster_or_spatial_block,not_an_audit_source,5bda6974bb099a07027be94e584e770ef5bfe3dd17eb875b1f421a6ea51c6747
outputs\test_fmow_conformal_selective_32896263a9d347349f2981291e2c5a3d\unified_v2\fmow_selective_main_results.csv,conformal,experiment_id;dataset;deployment_axis;run_id;selector;coverage_target;mean_risk;risk_reduction;country_raw_bwer;country_worst_slice;n_valid_country_slices;claim_status,model;task;split;sample_id;independent_unit_id;risk;split_role;model_signature;dataset_signature;protocol_hash;metric_version,missing,unavailable,missing_balance_axis_or_risk,missing_confidence_or_risk,missing_prediction_set_outputs,missing_cluster_or_spatial_block,not_an_audit_source,5bda6974bb099a07027be94e584e770ef5bfe3dd17eb875b1f421a6ea51c6747
outputs\test_fmow_conformal_selective_32896263a9d347349f2981291e2c5a3d\unified_v2\rank_divergence_under_selective_audit.csv,conformal,scenario;selector;coverage_target;analysis_type;aggregate_best_run;aggregate_best_mean_risk;bwer_best_run;bwer_best;rank_diverges;compared_runs;interpretation,dataset;model;task;split;sample_id;independent_unit_id;risk;split_role;model_signature;dataset_signature;protocol_hash;metric_version,missing,unavailable,missing_balance_axis_or_risk,missing_confidence_or_risk,missing_prediction_set_outputs,missing_cluster_or_spatial_block,not_an_audit_source,5bda6974bb099a07027be94e584e770ef5bfe3dd17eb875b1f421a6ea51c6747
outputs\test_fmow_conformal_selective_3862937f636e4cfbaed68dc0a8d1fcda\out\fmow_conformal_bwer_summary.csv,conformal,run_id;selector;coverage_target;analysis_type;slice_variable;balance_variable;bwer;mean_slice_risk;tail_risk;worst_slice;tail_slices;n_valid_slices;note,dataset;model;task;split;sample_id;independent_unit_id;risk;split_role;model_signature;dataset_signature;protocol_hash;metric_version,missing,unavailable,missing_balance_axis_or_risk,missing_confidence_or_risk,missing_prediction_set_outputs,missing_cluster_or_spatial_block,not_an_audit_source,5bda6974bb099a07027be94e584e770ef5bfe3dd17eb875b1f421a6ea51c6747
outputs\test_fmow_conformal_selective_3862937f636e4cfbaed68dc0a8d1fcda\out\fmow_conformal_coverage_summary.csv,conformal,run_id;method;coverage_target;alpha;qhat_nonconformity;confidence_threshold;calibration_count;test_count;retained_count;retained_coverage;empirical_retained_accuracy;formal_label_coverage_claim;note,dataset;model;task;split;sample_id;independent_unit_id;risk;split_role;model_signature;dataset_signature;protocol_hash;metric_version,missing,unavailable,missing_balance_axis_or_risk,missing_confidence_or_risk,missing_prediction_set_outputs,missing_cluster_or_spatial_block,not_an_audit_source,5bda6974bb099a07027be94e584e770ef5bfe3dd17eb875b1f421a6ea51c6747
outputs\test_fmow_conformal_selective_3862937f636e4cfbaed68dc0a8d1fcda\out\fmow_conformal_slice_coverage.csv,conformal,run_id;method;coverage_target;slice_variable;slice_value;retained_count;total_count;retained_coverage;empirical_retained_accuracy,dataset;model;task;split;sample_id;independent_unit_id;risk;split_role;model_signature;dataset_signature;protocol_hash;metric_version,missing,unavailable,missing_balance_axis_or_risk,missing_confidence_or_risk,missing_prediction_set_outputs,missing_cluster_or_spatial_block,not_an_audit_source,5bda6974bb099a07027be94e584e770ef5bfe3dd17eb875b1f421a6ea51c6747
outputs\test_fmow_conformal_selective_3862937f636e4cfbaed68dc0a8d1fcda\out\fmow_selective_bwer_summary.csv,conformal,run_id;selector;coverage_target;analysis_type;slice_variable;balance_variable;bwer;mean_slice_risk;tail_risk;worst_slice;tail_slices;n_valid_slices;note,dataset;model;task;split;sample_id;independent_unit_id;risk;split_role;model_signature;dataset_signature;protocol_hash;metric_version,missing,unavailable,missing_balance_axis_or_risk,missing_confidence_or_risk,missing_prediction_set_outputs,missing_cluster_or_spatial_block,not_an_audit_source,5bda6974bb099a07027be94e584e770ef5bfe3dd17eb875b1f421a6ea51c6747
outputs\test_fmow_conformal_selective_3862937f636e4cfbaed68dc0a8d1fcda\out\fmow_selective_risk_summary.csv,conformal,run_id;selector;coverage_target;confidence_threshold;retained_count;total_count;retained_coverage;abstention_rate;mean_risk;baseline_mean_risk;risk_reduction;confidence_column;risk_column,dataset;model;task;split;sample_id;independent_unit_id;risk;split_role;model_signature;dataset_signature;protocol_hash;metric_version,missing,unavailable,missing_balance_axis_or_risk,missing_confidence_or_risk,missing_prediction_set_outputs,missing_cluster_or_spatial_block,not_an_audit_source,5bda6974bb099a07027be94e584e770ef5bfe3dd17eb875b1f421a6ea51c6747
outputs\test_fmow_conformal_selective_3862937f636e4cfbaed68dc0a8d1fcda\out\rank_divergence_under_selective_audit.csv,conformal,scenario;selector;coverage_target;analysis_type;aggregate_best_run;aggregate_best_mean_risk;bwer_best_run;bwer_best;rank_diverges;compared_runs;interpretation,dataset;model;task;split;sample_id;independent_unit_id;risk;split_role;model_signature;dataset_signature;protocol_hash;metric_version,missing,unavailable,missing_balance_axis_or_risk,missing_confidence_or_risk,missing_prediction_set_outputs,missing_cluster_or_spatial_block,not_an_audit_source,5bda6974bb099a07027be94e584e770ef5bfe3dd17eb875b1f421a6ea51c6747
outputs\test_fmow_conformal_selective_3862937f636e4cfbaed68dc0a8d1fcda\unified_v2\fmow_selective_main_results.csv,conformal,experiment_id;dataset;deployment_axis;run_id;selector;coverage_target;mean_risk;risk_reduction;country_raw_bwer;country_worst_slice;n_valid_country_slices;claim_status,model;task;split;sample_id;independent_unit_id;risk;split_role;model_signature;dataset_signature;protocol_hash;metric_version,missing,unavailable,missing_balance_axis_or_risk,missing_confidence_or_risk,missing_prediction_set_outputs,missing_cluster_or_spatial_block,not_an_audit_source,5bda6974bb099a07027be94e584e770ef5bfe3dd17eb875b1f421a6ea51c6747
outputs\test_fmow_conformal_selective_3862937f636e4cfbaed68dc0a8d1fcda\unified_v2\rank_divergence_under_selective_audit.csv,conformal,scenario;selector;coverage_target;analysis_type;aggregate_best_run;aggregate_best_mean_risk;bwer_best_run;bwer_best;rank_diverges;compared_runs;interpretation,dataset;model;task;split;sample_id;independent_unit_id;risk;split_role;model_signature;dataset_signature;protocol_hash;metric_version,missing,unavailable,missing_balance_axis_or_risk,missing_confidence_or_risk,missing_prediction_set_outputs,missing_cluster_or_spatial_block,not_an_audit_source,5bda6974bb099a07027be94e584e770ef5bfe3dd17eb875b1f421a6ea51c6747
outputs\test_fmow_conformal_selective_5bf358c5764b476c94570a567ae48123\out\fmow_conformal_bwer_summary.csv,conformal,run_id;selector;coverage_target;analysis_type;slice_variable;balance_variable;bwer;mean_slice_risk;tail_risk;worst_slice;tail_slices;n_valid_slices;note,dataset;model;task;split;sample_id;independent_unit_id;risk;split_role;model_signature;dataset_signature;protocol_hash;metric_version,missing,unavailable,missing_balance_axis_or_risk,missing_confidence_or_risk,missing_prediction_set_outputs,missing_cluster_or_spatial_block,not_an_audit_source,5bda6974bb099a07027be94e584e770ef5bfe3dd17eb875b1f421a6ea51c6747
outputs\test_fmow_conformal_selective_5bf358c5764b476c94570a567ae48123\out\fmow_conformal_coverage_summary.csv,conformal,run_id;method;coverage_target;alpha;qhat_nonconformity;confidence_threshold;calibration_count;test_count;retained_count;retained_coverage;empirical_retained_accuracy;formal_label_coverage_claim;note,dataset;model;task;split;sample_id;independent_unit_id;risk;split_role;model_signature;dataset_signature;protocol_hash;metric_version,missing,unavailable,missing_balance_axis_or_risk,missing_confidence_or_risk,missing_prediction_set_outputs,missing_cluster_or_spatial_block,not_an_audit_source,5bda6974bb099a07027be94e584e770ef5bfe3dd17eb875b1f421a6ea51c6747
outputs\test_fmow_conformal_selective_5bf358c5764b476c94570a567ae48123\out\fmow_conformal_slice_coverage.csv,conformal,run_id;method;coverage_target;slice_variable;slice_value;retained_count;total_count;retained_coverage;empirical_retained_accuracy,dataset;model;task;split;sample_id;independent_unit_id;risk;split_role;model_signature;dataset_signature;protocol_hash;metric_version,missing,unavailable,missing_balance_axis_or_risk,missing_confidence_or_risk,missing_prediction_set_outputs,missing_cluster_or_spatial_block,not_an_audit_source,5bda6974bb099a07027be94e584e770ef5bfe3dd17eb875b1f421a6ea51c6747
outputs\test_fmow_conformal_selective_5bf358c5764b476c94570a567ae48123\out\fmow_selective_bwer_summary.csv,conformal,run_id;selector;coverage_target;analysis_type;slice_variable;balance_variable;bwer;mean_slice_risk;tail_risk;worst_slice;tail_slices;n_valid_slices;note,dataset;model;task;split;sample_id;independent_unit_id;risk;split_role;model_signature;dataset_signature;protocol_hash;metric_version,missing,unavailable,missing_balance_axis_or_risk,missing_confidence_or_risk,missing_prediction_set_outputs,missing_cluster_or_spatial_block,not_an_audit_source,5bda6974bb099a07027be94e584e770ef5bfe3dd17eb875b1f421a6ea51c6747
outputs\test_fmow_conformal_selective_5bf358c5764b476c94570a567ae48123\out\fmow_selective_risk_summary.csv,conformal,run_id;selector;coverage_target;confidence_threshold;retained_count;total_count;retained_coverage;abstention_rate;mean_risk;baseline_mean_risk;risk_reduction;confidence_column;risk_column,dataset;model;task;split;sample_id;independent_unit_id;risk;split_role;model_signature;dataset_signature;protocol_hash;metric_version,missing,unavailable,missing_balance_axis_or_risk,missing_confidence_or_risk,missing_prediction_set_outputs,missing_cluster_or_spatial_block,not_an_audit_source,5bda6974bb099a07027be94e584e770ef5bfe3dd17eb875b1f421a6ea51c6747
outputs\test_fmow_conformal_selective_5bf358c5764b476c94570a567ae48123\out\rank_divergence_under_selective_audit.csv,conformal,scenario;selector;coverage_target;analysis_type;aggregate_best_run;aggregate_best_mean_risk;bwer_best_run;bwer_best;rank_diverges;compared_runs;interpretation,dataset;model;task;split;sample_id;independent_unit_id;risk;split_role;model_signature;dataset_signature;protocol_hash;metric_version,missing,unavailable,missing_balance_axis_or_risk,missing_confidence_or_risk,missing_prediction_set_outputs,missing_cluster_or_spatial_block,not_an_audit_source,5bda6974bb099a07027be94e584e770ef5bfe3dd17eb875b1f421a6ea51c6747
outputs\test_fmow_conformal_selective_5bf358c5764b476c94570a567ae48123\unified_v2\fmow_selective_main_results.csv,conformal,experiment_id;dataset;deployment_axis;run_id;selector;coverage_target;mean_risk;risk_reduction;country_raw_bwer;country_worst_slice;n_valid_country_slices;claim_status,model;task;split;sample_id;independent_unit_id;risk;split_role;model_signature;dataset_signature;protocol_hash;metric_version,missing,unavailable,missing_balance_axis_or_risk,missing_confidence_or_risk,missing_prediction_set_outputs,missing_cluster_or_spatial_block,not_an_audit_source,5bda6974bb099a07027be94e584e770ef5bfe3dd17eb875b1f421a6ea51c6747
outputs\test_fmow_conformal_selective_5bf358c5764b476c94570a567ae48123\unified_v2\rank_divergence_under_selective_audit.csv,conformal,scenario;selector;coverage_target;analysis_type;aggregate_best_run;aggregate_best_mean_risk;bwer_best_run;bwer_best;rank_diverges;compared_runs;interpretation,dataset;model;task;split;sample_id;independent_unit_id;risk;split_role;model_signature;dataset_signature;protocol_hash;metric_version,missing,unavailable,missing_balance_axis_or_risk,missing_confidence_or_risk,missing_prediction_set_outputs,missing_cluster_or_spatial_block,not_an_audit_source,5bda6974bb099a07027be94e584e770ef5bfe3dd17eb875b1f421a6ea51c6747
outputs\test_fmow_conformal_selective_604ca84734984eba9cca3cd098af0587\out\fmow_conformal_bwer_summary.csv,conformal,run_id;selector;coverage_target;analysis_type;slice_variable;balance_variable;bwer;mean_slice_risk;tail_risk;worst_slice;tail_slices;n_valid_slices;note,dataset;model;task;split;sample_id;independent_unit_id;risk;split_role;model_signature;dataset_signature;protocol_hash;metric_version,missing,unavailable,missing_balance_axis_or_risk,missing_confidence_or_risk,missing_prediction_set_outputs,missing_cluster_or_spatial_block,not_an_audit_source,5bda6974bb099a07027be94e584e770ef5bfe3dd17eb875b1f421a6ea51c6747
outputs\test_fmow_conformal_selective_604ca84734984eba9cca3cd098af0587\out\fmow_conformal_coverage_summary.csv,conformal,run_id;method;coverage_target;alpha;qhat_nonconformity;confidence_threshold;calibration_count;test_count;retained_count;retained_coverage;empirical_retained_accuracy;formal_label_coverage_claim;note,dataset;model;task;split;sample_id;independent_unit_id;risk;split_role;model_signature;dataset_signature;protocol_hash;metric_version,missing,unavailable,missing_balance_axis_or_risk,missing_confidence_or_risk,missing_prediction_set_outputs,missing_cluster_or_spatial_block,not_an_audit_source,5bda6974bb099a07027be94e584e770ef5bfe3dd17eb875b1f421a6ea51c6747
outputs\test_fmow_conformal_selective_604ca84734984eba9cca3cd098af0587\out\fmow_conformal_slice_coverage.csv,conformal,run_id;method;coverage_target;slice_variable;slice_value;retained_count;total_count;retained_coverage;empirical_retained_accuracy,dataset;model;task;split;sample_id;independent_unit_id;risk;split_role;model_signature;dataset_signature;protocol_hash;metric_version,missing,unavailable,missing_balance_axis_or_risk,missing_confidence_or_risk,missing_prediction_set_outputs,missing_cluster_or_spatial_block,not_an_audit_source,5bda6974bb099a07027be94e584e770ef5bfe3dd17eb875b1f421a6ea51c6747
outputs\test_fmow_conformal_selective_604ca84734984eba9cca3cd098af0587\out\fmow_selective_bwer_summary.csv,conformal,run_id;selector;coverage_target;analysis_type;slice_variable;balance_variable;bwer;mean_slice_risk;tail_risk;worst_slice;tail_slices;n_valid_slices;note,dataset;model;task;split;sample_id;independent_unit_id;risk;split_role;model_signature;dataset_signature;protocol_hash;metric_version,missing,unavailable,missing_balance_axis_or_risk,missing_confidence_or_risk,missing_prediction_set_outputs,missing_cluster_or_spatial_block,not_an_audit_source,5bda6974bb099a07027be94e584e770ef5bfe3dd17eb875b1f421a6ea51c6747
outputs\test_fmow_conformal_selective_604ca84734984eba9cca3cd098af0587\out\fmow_selective_risk_summary.csv,conformal,run_id;selector;coverage_target;confidence_threshold;retained_count;total_count;retained_coverage;abstention_rate;mean_risk;baseline_mean_risk;risk_reduction;confidence_column;risk_column,dataset;model;task;split;sample_id;independent_unit_id;risk;split_role;model_signature;dataset_signature;protocol_hash;metric_version,missing,unavailable,missing_balance_axis_or_risk,missing_confidence_or_risk,missing_prediction_set_outputs,missing_cluster_or_spatial_block,not_an_audit_source,5bda6974bb099a07027be94e584e770ef5bfe3dd17eb875b1f421a6ea51c6747
outputs\test_fmow_conformal_selective_604ca84734984eba9cca3cd098af0587\out\rank_divergence_under_selective_audit.csv,conformal,scenario;selector;coverage_target;analysis_type;aggregate_best_run;aggregate_best_mean_risk;bwer_best_run;bwer_best;rank_diverges;compared_runs;interpretation,dataset;model;task;split;sample_id;independent_unit_id;risk;split_role;model_signature;dataset_signature;protocol_hash;metric_version,missing,unavailable,missing_balance_axis_or_risk,missing_confidence_or_risk,missing_prediction_set_outputs,missing_cluster_or_spatial_block,not_an_audit_source,5bda6974bb099a07027be94e584e770ef5bfe3dd17eb875b1f421a6ea51c6747
outputs\test_fmow_conformal_selective_604ca84734984eba9cca3cd098af0587\unified_v2\fmow_selective_main_results.csv,conformal,experiment_id;dataset;deployment_axis;run_id;selector;coverage_target;mean_risk;risk_reduction;country_raw_bwer;country_worst_slice;n_valid_country_slices;claim_status,model;task;split;sample_id;independent_unit_id;risk;split_role;model_signature;dataset_signature;protocol_hash;metric_version,missing,unavailable,missing_balance_axis_or_risk,missing_confidence_or_risk,missing_prediction_set_outputs,missing_cluster_or_spatial_block,not_an_audit_source,5bda6974bb099a07027be94e584e770ef5bfe3dd17eb875b1f421a6ea51c6747
outputs\test_fmow_conformal_selective_604ca84734984eba9cca3cd098af0587\unified_v2\rank_divergence_under_selective_audit.csv,conformal,scenario;selector;coverage_target;analysis_type;aggregate_best_run;aggregate_best_mean_risk;bwer_best_run;bwer_best;rank_diverges;compared_runs;interpretation,dataset;model;task;split;sample_id;independent_unit_id;risk;split_role;model_signature;dataset_signature;protocol_hash;metric_version,missing,unavailable,missing_balance_axis_or_risk,missing_confidence_or_risk,missing_prediction_set_outputs,missing_cluster_or_spatial_block,not_an_audit_source,5bda6974bb099a07027be94e584e770ef5bfe3dd17eb875b1f421a6ea51c6747
outputs\test_fmow_conformal_selective_91fdc3f58d7e4aa29274661ac6aad685\out\fmow_conformal_bwer_summary.csv,conformal,run_id;selector;coverage_target;analysis_type;slice_variable;balance_variable;bwer;mean_slice_risk;tail_risk;worst_slice;tail_slices;n_valid_slices;note,dataset;model;task;split;sample_id;independent_unit_id;risk;split_role;model_signature;dataset_signature;protocol_hash;metric_version,missing,unavailable,missing_balance_axis_or_risk,missing_confidence_or_risk,missing_prediction_set_outputs,missing_cluster_or_spatial_block,not_an_audit_source,5bda6974bb099a07027be94e584e770ef5bfe3dd17eb875b1f421a6ea51c6747
outputs\test_fmow_conformal_selective_91fdc3f58d7e4aa29274661ac6aad685\out\fmow_conformal_coverage_summary.csv,conformal,run_id;method;coverage_target;alpha;qhat_nonconformity;confidence_threshold;calibration_count;test_count;retained_count;retained_coverage;empirical_retained_accuracy;formal_label_coverage_claim;note,dataset;model;task;split;sample_id;independent_unit_id;risk;split_role;model_signature;dataset_signature;protocol_hash;metric_version,missing,unavailable,missing_balance_axis_or_risk,missing_confidence_or_risk,missing_prediction_set_outputs,missing_cluster_or_spatial_block,not_an_audit_source,5bda6974bb099a07027be94e584e770ef5bfe3dd17eb875b1f421a6ea51c6747
outputs\test_fmow_conformal_selective_91fdc3f58d7e4aa29274661ac6aad685\out\fmow_conformal_slice_coverage.csv,conformal,run_id;method;coverage_target;slice_variable;slice_value;retained_count;total_count;retained_coverage;empirical_retained_accuracy,dataset;model;task;split;sample_id;independent_unit_id;risk;split_role;model_signature;dataset_signature;protocol_hash;metric_version,missing,unavailable,missing_balance_axis_or_risk,missing_confidence_or_risk,missing_prediction_set_outputs,missing_cluster_or_spatial_block,not_an_audit_source,5bda6974bb099a07027be94e584e770ef5bfe3dd17eb875b1f421a6ea51c6747
outputs\test_fmow_conformal_selective_91fdc3f58d7e4aa29274661ac6aad685\out\fmow_selective_bwer_summary.csv,conformal,run_id;selector;coverage_target;analysis_type;slice_variable;balance_variable;bwer;mean_slice_risk;tail_risk;worst_slice;tail_slices;n_valid_slices;note,dataset;model;task;split;sample_id;independent_unit_id;risk;split_role;model_signature;dataset_signature;protocol_hash;metric_version,missing,unavailable,missing_balance_axis_or_risk,missing_confidence_or_risk,missing_prediction_set_outputs,missing_cluster_or_spatial_block,not_an_audit_source,5bda6974bb099a07027be94e584e770ef5bfe3dd17eb875b1f421a6ea51c6747
outputs\test_fmow_conformal_selective_91fdc3f58d7e4aa29274661ac6aad685\out\fmow_selective_risk_summary.csv,conformal,run_id;selector;coverage_target;confidence_threshold;retained_count;total_count;retained_coverage;abstention_rate;mean_risk;baseline_mean_risk;risk_reduction;confidence_column;risk_column,dataset;model;task;split;sample_id;independent_unit_id;risk;split_role;model_signature;dataset_signature;protocol_hash;metric_version,missing,unavailable,missing_balance_axis_or_risk,missing_confidence_or_risk,missing_prediction_set_outputs,missing_cluster_or_spatial_block,not_an_audit_source,5bda6974bb099a07027be94e584e770ef5bfe3dd17eb875b1f421a6ea51c6747
outputs\test_fmow_conformal_selective_91fdc3f58d7e4aa29274661ac6aad685\out\rank_divergence_under_selective_audit.csv,conformal,scenario;selector;coverage_target;analysis_type;aggregate_best_run;aggregate_best_mean_risk;bwer_best_run;bwer_best;rank_diverges;compared_runs;interpretation,dataset;model;task;split;sample_id;independent_unit_id;risk;split_role;model_signature;dataset_signature;protocol_hash;metric_version,missing,unavailable,missing_balance_axis_or_risk,missing_confidence_or_risk,missing_prediction_set_outputs,missing_cluster_or_spatial_block,not_an_audit_source,5bda6974bb099a07027be94e584e770ef5bfe3dd17eb875b1f421a6ea51c6747
outputs\test_fmow_conformal_selective_91fdc3f58d7e4aa29274661ac6aad685\unified_v2\fmow_selective_main_results.csv,conformal,experiment_id;dataset;deployment_axis;run_id;selector;coverage_target;mean_risk;risk_reduction;country_raw_bwer;country_worst_slice;n_valid_country_slices;claim_status,model;task;split;sample_id;independent_unit_id;risk;split_role;model_signature;dataset_signature;protocol_hash;metric_version,missing,unavailable,missing_balance_axis_or_risk,missing_confidence_or_risk,missing_prediction_set_outputs,missing_cluster_or_spatial_block,not_an_audit_source,5bda6974bb099a07027be94e584e770ef5bfe3dd17eb875b1f421a6ea51c6747
outputs\test_fmow_conformal_selective_91fdc3f58d7e4aa29274661ac6aad685\unified_v2\rank_divergence_under_selective_audit.csv,conformal,scenario;selector;coverage_target;analysis_type;aggregate_best_run;aggregate_best_mean_risk;bwer_best_run;bwer_best;rank_diverges;compared_runs;interpretation,dataset;model;task;split;sample_id;independent_unit_id;risk;split_role;model_signature;dataset_signature;protocol_hash;metric_version,missing,unavailable,missing_balance_axis_or_risk,missing_confidence_or_risk,missing_prediction_set_outputs,missing_cluster_or_spatial_block,not_an_audit_source,5bda6974bb099a07027be94e584e770ef5bfe3dd17eb875b1f421a6ea51c6747
outputs\test_fmow_conformal_selective_d4587f618c7d4a78a1817d58325ec654\out\fmow_conformal_bwer_summary.csv,conformal,run_id;selector;coverage_target;analysis_type;slice_variable;balance_variable;bwer;mean_slice_risk;tail_risk;worst_slice;tail_slices;n_valid_slices;note,dataset;model;task;split;sample_id;independent_unit_id;risk;split_role;model_signature;dataset_signature;protocol_hash;metric_version,missing,unavailable,missing_balance_axis_or_risk,missing_confidence_or_risk,missing_prediction_set_outputs,missing_cluster_or_spatial_block,not_an_audit_source,5bda6974bb099a07027be94e584e770ef5bfe3dd17eb875b1f421a6ea51c6747
outputs\test_fmow_conformal_selective_d4587f618c7d4a78a1817d58325ec654\out\fmow_conformal_coverage_summary.csv,conformal,run_id;method;coverage_target;alpha;qhat_nonconformity;confidence_threshold;calibration_count;test_count;retained_count;retained_coverage;empirical_retained_accuracy;formal_label_coverage_claim;note,dataset;model;task;split;sample_id;independent_unit_id;risk;split_role;model_signature;dataset_signature;protocol_hash;metric_version,missing,unavailable,missing_balance_axis_or_risk,missing_confidence_or_risk,missing_prediction_set_outputs,missing_cluster_or_spatial_block,not_an_audit_source,5bda6974bb099a07027be94e584e770ef5bfe3dd17eb875b1f421a6ea51c6747
outputs\test_fmow_conformal_selective_d4587f618c7d4a78a1817d58325ec654\out\fmow_conformal_slice_coverage.csv,conformal,run_id;method;coverage_target;slice_variable;slice_value;retained_count;total_count;retained_coverage;empirical_retained_accuracy,dataset;model;task;split;sample_id;independent_unit_id;risk;split_role;model_signature;dataset_signature;protocol_hash;metric_version,missing,unavailable,missing_balance_axis_or_risk,missing_confidence_or_risk,missing_prediction_set_outputs,missing_cluster_or_spatial_block,not_an_audit_source,5bda6974bb099a07027be94e584e770ef5bfe3dd17eb875b1f421a6ea51c6747
outputs\test_fmow_conformal_selective_d4587f618c7d4a78a1817d58325ec654\out\fmow_selective_bwer_summary.csv,conformal,run_id;selector;coverage_target;analysis_type;slice_variable;balance_variable;bwer;mean_slice_risk;tail_risk;worst_slice;tail_slices;n_valid_slices;note,dataset;model;task;split;sample_id;independent_unit_id;risk;split_role;model_signature;dataset_signature;protocol_hash;metric_version,missing,unavailable,missing_balance_axis_or_risk,missing_confidence_or_risk,missing_prediction_set_outputs,missing_cluster_or_spatial_block,not_an_audit_source,5bda6974bb099a07027be94e584e770ef5bfe3dd17eb875b1f421a6ea51c6747
outputs\test_fmow_conformal_selective_d4587f618c7d4a78a1817d58325ec654\out\fmow_selective_risk_summary.csv,conformal,run_id;selector;coverage_target;confidence_threshold;retained_count;total_count;retained_coverage;abstention_rate;mean_risk;baseline_mean_risk;risk_reduction;confidence_column;risk_column,dataset;model;task;split;sample_id;independent_unit_id;risk;split_role;model_signature;dataset_signature;protocol_hash;metric_version,missing,unavailable,missing_balance_axis_or_risk,missing_confidence_or_risk,missing_prediction_set_outputs,missing_cluster_or_spatial_block,not_an_audit_source,5bda6974bb099a07027be94e584e770ef5bfe3dd17eb875b1f421a6ea51c6747
outputs\test_fmow_conformal_selective_df5217ea2a6746d3987d615e851c5bbb\out\fmow_conformal_bwer_summary.csv,conformal,run_id;selector;coverage_target;analysis_type;slice_variable;balance_variable;bwer;mean_slice_risk;tail_risk;worst_slice;tail_slices;n_valid_slices;note,dataset;model;task;split;sample_id;independent_unit_id;risk;split_role;model_signature;dataset_signature;protocol_hash;metric_version,missing,unavailable,missing_balance_axis_or_risk,missing_confidence_or_risk,missing_prediction_set_outputs,missing_cluster_or_spatial_block,not_an_audit_source,5bda6974bb099a07027be94e584e770ef5bfe3dd17eb875b1f421a6ea51c6747
outputs\test_fmow_conformal_selective_df5217ea2a6746d3987d615e851c5bbb\out\fmow_conformal_coverage_summary.csv,conformal,run_id;method;coverage_target;alpha;qhat_nonconformity;confidence_threshold;calibration_count;test_count;retained_count;retained_coverage;empirical_retained_accuracy;formal_label_coverage_claim;note,dataset;model;task;split;sample_id;independent_unit_id;risk;split_role;model_signature;dataset_signature;protocol_hash;metric_version,missing,unavailable,missing_balance_axis_or_risk,missing_confidence_or_risk,missing_prediction_set_outputs,missing_cluster_or_spatial_block,not_an_audit_source,5bda6974bb099a07027be94e584e770ef5bfe3dd17eb875b1f421a6ea51c6747
outputs\test_fmow_conformal_selective_df5217ea2a6746d3987d615e851c5bbb\out\fmow_conformal_slice_coverage.csv,conformal,run_id;method;coverage_target;slice_variable;slice_value;retained_count;total_count;retained_coverage;empirical_retained_accuracy,dataset;model;task;split;sample_id;independent_unit_id;risk;split_role;model_signature;dataset_signature;protocol_hash;metric_version,missing,unavailable,missing_balance_axis_or_risk,missing_confidence_or_risk,missing_prediction_set_outputs,missing_cluster_or_spatial_block,not_an_audit_source,5bda6974bb099a07027be94e584e770ef5bfe3dd17eb875b1f421a6ea51c6747
outputs\test_fmow_conformal_selective_df5217ea2a6746d3987d615e851c5bbb\out\fmow_selective_bwer_summary.csv,conformal,run_id;selector;coverage_target;analysis_type;slice_variable;balance_variable;bwer;mean_slice_risk;tail_risk;worst_slice;tail_slices;n_valid_slices;note,dataset;model;task;split;sample_id;independent_unit_id;risk;split_role;model_signature;dataset_signature;protocol_hash;metric_version,missing,unavailable,missing_balance_axis_or_risk,missing_confidence_or_risk,missing_prediction_set_outputs,missing_cluster_or_spatial_block,not_an_audit_source,5bda6974bb099a07027be94e584e770ef5bfe3dd17eb875b1f421a6ea51c6747
outputs\test_fmow_conformal_selective_df5217ea2a6746d3987d615e851c5bbb\out\fmow_selective_risk_summary.csv,conformal,run_id;selector;coverage_target;confidence_threshold;retained_count;total_count;retained_coverage;abstention_rate;mean_risk;baseline_mean_risk;risk_reduction;confidence_column;risk_column,dataset;model;task;split;sample_id;independent_unit_id;risk;split_role;model_signature;dataset_signature;protocol_hash;metric_version,missing,unavailable,missing_balance_axis_or_risk,missing_confidence_or_risk,missing_prediction_set_outputs,missing_cluster_or_spatial_block,not_an_audit_source,5bda6974bb099a07027be94e584e770ef5bfe3dd17eb875b1f421a6ea51c6747
outputs\test_fmow_conformal_selective_df5217ea2a6746d3987d615e851c5bbb\out\rank_divergence_under_selective_audit.csv,conformal,scenario;selector;coverage_target;analysis_type;aggregate_best_run;aggregate_best_mean_risk;bwer_best_run;bwer_best;rank_diverges;compared_runs;interpretation,dataset;model;task;split;sample_id;independent_unit_id;risk;split_role;model_signature;dataset_signature;protocol_hash;metric_version,missing,unavailable,missing_balance_axis_or_risk,missing_confidence_or_risk,missing_prediction_set_outputs,missing_cluster_or_spatial_block,not_an_audit_source,5bda6974bb099a07027be94e584e770ef5bfe3dd17eb875b1f421a6ea51c6747
outputs\test_fmow_conformal_selective_df5217ea2a6746d3987d615e851c5bbb\unified_v2\fmow_selective_main_results.csv,conformal,experiment_id;dataset;deployment_axis;run_id;selector;coverage_target;mean_risk;risk_reduction;country_raw_bwer;country_worst_slice;n_valid_country_slices;claim_status,model;task;split;sample_id;independent_unit_id;risk;split_role;model_signature;dataset_signature;protocol_hash;metric_version,missing,unavailable,missing_balance_axis_or_risk,missing_confidence_or_risk,missing_prediction_set_outputs,missing_cluster_or_spatial_block,not_an_audit_source,5bda6974bb099a07027be94e584e770ef5bfe3dd17eb875b1f421a6ea51c6747
outputs\test_fmow_conformal_selective_df5217ea2a6746d3987d615e851c5bbb\unified_v2\rank_divergence_under_selective_audit.csv,conformal,scenario;selector;coverage_target;analysis_type;aggregate_best_run;aggregate_best_mean_risk;bwer_best_run;bwer_best;rank_diverges;compared_runs;interpretation,dataset;model;task;split;sample_id;independent_unit_id;risk;split_role;model_signature;dataset_signature;protocol_hash;metric_version,missing,unavailable,missing_balance_axis_or_risk,missing_confidence_or_risk,missing_prediction_set_outputs,missing_cluster_or_spatial_block,not_an_audit_source,5bda6974bb099a07027be94e584e770ef5bfe3dd17eb875b1f421a6ea51c6747
outputs\test_fmow_conformal_selective_e0e2cbb437154465994620fa05b8ad6f\out\fmow_conformal_bwer_summary.csv,conformal,run_id;selector;coverage_target;analysis_type;slice_variable;balance_variable;bwer;mean_slice_risk;tail_risk;worst_slice;tail_slices;n_valid_slices;note,dataset;model;task;split;sample_id;independent_unit_id;risk;split_role;model_signature;dataset_signature;protocol_hash;metric_version,missing,unavailable,missing_balance_axis_or_risk,missing_confidence_or_risk,missing_prediction_set_outputs,missing_cluster_or_spatial_block,not_an_audit_source,5bda6974bb099a07027be94e584e770ef5bfe3dd17eb875b1f421a6ea51c6747
outputs\test_fmow_conformal_selective_e0e2cbb437154465994620fa05b8ad6f\out\fmow_conformal_coverage_summary.csv,conformal,run_id;method;coverage_target;alpha;qhat_nonconformity;confidence_threshold;calibration_count;test_count;retained_count;retained_coverage;empirical_retained_accuracy;formal_label_coverage_claim;note,dataset;model;task;split;sample_id;independent_unit_id;risk;split_role;model_signature;dataset_signature;protocol_hash;metric_version,missing,unavailable,missing_balance_axis_or_risk,missing_confidence_or_risk,missing_prediction_set_outputs,missing_cluster_or_spatial_block,not_an_audit_source,5bda6974bb099a07027be94e584e770ef5bfe3dd17eb875b1f421a6ea51c6747
outputs\test_fmow_conformal_selective_e0e2cbb437154465994620fa05b8ad6f\out\fmow_conformal_slice_coverage.csv,conformal,run_id;method;coverage_target;slice_variable;slice_value;retained_count;total_count;retained_coverage;empirical_retained_accuracy,dataset;model;task;split;sample_id;independent_unit_id;risk;split_role;model_signature;dataset_signature;protocol_hash;metric_version,missing,unavailable,missing_balance_axis_or_risk,missing_confidence_or_risk,missing_prediction_set_outputs,missing_cluster_or_spatial_block,not_an_audit_source,5bda6974bb099a07027be94e584e770ef5bfe3dd17eb875b1f421a6ea51c6747
outputs\test_fmow_conformal_selective_e0e2cbb437154465994620fa05b8ad6f\out\fmow_selective_bwer_summary.csv,conformal,run_id;selector;coverage_target;analysis_type;slice_variable;balance_variable;bwer;mean_slice_risk;tail_risk;worst_slice;tail_slices;n_valid_slices;note,dataset;model;task;split;sample_id;independent_unit_id;risk;split_role;model_signature;dataset_signature;protocol_hash;metric_version,missing,unavailable,missing_balance_axis_or_risk,missing_confidence_or_risk,missing_prediction_set_outputs,missing_cluster_or_spatial_block,not_an_audit_source,5bda6974bb099a07027be94e584e770ef5bfe3dd17eb875b1f421a6ea51c6747
outputs\test_fmow_conformal_selective_e0e2cbb437154465994620fa05b8ad6f\out\fmow_selective_risk_summary.csv,conformal,run_id;selector;coverage_target;confidence_threshold;retained_count;total_count;retained_coverage;abstention_rate;mean_risk;baseline_mean_risk;risk_reduction;confidence_column;risk_column,dataset;model;task;split;sample_id;independent_unit_id;risk;split_role;model_signature;dataset_signature;protocol_hash;metric_version,missing,unavailable,missing_balance_axis_or_risk,missing_confidence_or_risk,missing_prediction_set_outputs,missing_cluster_or_spatial_block,not_an_audit_source,5bda6974bb099a07027be94e584e770ef5bfe3dd17eb875b1f421a6ea51c6747
outputs\test_fmow_conformal_selective_e0e2cbb437154465994620fa05b8ad6f\out\rank_divergence_under_selective_audit.csv,conformal,scenario;selector;coverage_target;analysis_type;aggregate_best_run;aggregate_best_mean_risk;bwer_best_run;bwer_best;rank_diverges;compared_runs;interpretation,dataset;model;task;split;sample_id;independent_unit_id;risk;split_role;model_signature;dataset_signature;protocol_hash;metric_version,missing,unavailable,missing_balance_axis_or_risk,missing_confidence_or_risk,missing_prediction_set_outputs,missing_cluster_or_spatial_block,not_an_audit_source,5bda6974bb099a07027be94e584e770ef5bfe3dd17eb875b1f421a6ea51c6747
outputs\test_fmow_conformal_selective_e0e2cbb437154465994620fa05b8ad6f\unified_v2\fmow_selective_main_results.csv,conformal,experiment_id;dataset;deployment_axis;run_id;selector;coverage_target;mean_risk;risk_reduction;country_raw_bwer;country_worst_slice;n_valid_country_slices;claim_status,model;task;split;sample_id;independent_unit_id;risk;split_role;model_signature;dataset_signature;protocol_hash;metric_version,missing,unavailable,missing_balance_axis_or_risk,missing_confidence_or_risk,missing_prediction_set_outputs,missing_cluster_or_spatial_block,not_an_audit_source,5bda6974bb099a07027be94e584e770ef5bfe3dd17eb875b1f421a6ea51c6747
outputs\test_fmow_conformal_selective_e0e2cbb437154465994620fa05b8ad6f\unified_v2\rank_divergence_under_selective_audit.csv,conformal,scenario;selector;coverage_target;analysis_type;aggregate_best_run;aggregate_best_mean_risk;bwer_best_run;bwer_best;rank_diverges;compared_runs;interpretation,dataset;model;task;split;sample_id;independent_unit_id;risk;split_role;model_signature;dataset_signature;protocol_hash;metric_version,missing,unavailable,missing_balance_axis_or_risk,missing_confidence_or_risk,missing_prediction_set_outputs,missing_cluster_or_spatial_block,not_an_audit_source,5bda6974bb099a07027be94e584e770ef5bfe3dd17eb875b1f421a6ea51c6747
outputs\test_fmow_conformal_selective_e4827f913cdf47878bd455b3ae8543fa\out\fmow_conformal_bwer_summary.csv,conformal,run_id;selector;coverage_target;analysis_type;slice_variable;balance_variable;bwer;mean_slice_risk;tail_risk;worst_slice;tail_slices;n_valid_slices;note,dataset;model;task;split;sample_id;independent_unit_id;risk;split_role;model_signature;dataset_signature;protocol_hash;metric_version,missing,unavailable,missing_balance_axis_or_risk,missing_confidence_or_risk,missing_prediction_set_outputs,missing_cluster_or_spatial_block,not_an_audit_source,5bda6974bb099a07027be94e584e770ef5bfe3dd17eb875b1f421a6ea51c6747
outputs\test_fmow_conformal_selective_e4827f913cdf47878bd455b3ae8543fa\out\fmow_conformal_coverage_summary.csv,conformal,run_id;method;coverage_target;alpha;qhat_nonconformity;confidence_threshold;calibration_count;test_count;retained_count;retained_coverage;empirical_retained_accuracy;formal_label_coverage_claim;note,dataset;model;task;split;sample_id;independent_unit_id;risk;split_role;model_signature;dataset_signature;protocol_hash;metric_version,missing,unavailable,missing_balance_axis_or_risk,missing_confidence_or_risk,missing_prediction_set_outputs,missing_cluster_or_spatial_block,not_an_audit_source,5bda6974bb099a07027be94e584e770ef5bfe3dd17eb875b1f421a6ea51c6747
outputs\test_fmow_conformal_selective_e4827f913cdf47878bd455b3ae8543fa\out\fmow_conformal_slice_coverage.csv,conformal,run_id;method;coverage_target;slice_variable;slice_value;retained_count;total_count;retained_coverage;empirical_retained_accuracy,dataset;model;task;split;sample_id;independent_unit_id;risk;split_role;model_signature;dataset_signature;protocol_hash;metric_version,missing,unavailable,missing_balance_axis_or_risk,missing_confidence_or_risk,missing_prediction_set_outputs,missing_cluster_or_spatial_block,not_an_audit_source,5bda6974bb099a07027be94e584e770ef5bfe3dd17eb875b1f421a6ea51c6747
outputs\test_fmow_conformal_selective_e4827f913cdf47878bd455b3ae8543fa\out\fmow_selective_bwer_summary.csv,conformal,run_id;selector;coverage_target;analysis_type;slice_variable;balance_variable;bwer;mean_slice_risk;tail_risk;worst_slice;tail_slices;n_valid_slices;note,dataset;model;task;split;sample_id;independent_unit_id;risk;split_role;model_signature;dataset_signature;protocol_hash;metric_version,missing,unavailable,missing_balance_axis_or_risk,missing_confidence_or_risk,missing_prediction_set_outputs,missing_cluster_or_spatial_block,not_an_audit_source,5bda6974bb099a07027be94e584e770ef5bfe3dd17eb875b1f421a6ea51c6747
outputs\test_fmow_conformal_selective_e4827f913cdf47878bd455b3ae8543fa\out\fmow_selective_risk_summary.csv,conformal,run_id;selector;coverage_target;confidence_threshold;retained_count;total_count;retained_coverage;abstention_rate;mean_risk;baseline_mean_risk;risk_reduction;confidence_column;risk_column,dataset;model;task;split;sample_id;independent_unit_id;risk;split_role;model_signature;dataset_signature;protocol_hash;metric_version,missing,unavailable,missing_balance_axis_or_risk,missing_confidence_or_risk,missing_prediction_set_outputs,missing_cluster_or_spatial_block,not_an_audit_source,5bda6974bb099a07027be94e584e770ef5bfe3dd17eb875b1f421a6ea51c6747
outputs\test_fmow_max_samples_040ad0a24df44333a7a2d9e3a085e3a5\run\audit_table.csv,selective_or_predictions,sample_id;image_id;image_path;extracted_path;dataset;task;split;label;category;class_label;prediction;predicted_category;correct;score;risk;confidence;max_probability;top5_correct;model;model_family;model_variant;input_mode;adaptation_protocol;training_budget;split_protocol;eval_scope;resolution;band_profile;metadata_provenance;timestamp;year;month;season;location_id;latitude;longitude;country;continent;un_region;region;latitude_band;unit_id;y_true;y_pred;aggregation_level,independent_unit_id;split_role;model_signature;dataset_signature;protocol_hash;metric_version,missing,recomputable,missing_balance_axis_or_risk,recomputable,missing_prediction_set_outputs,cluster_ready,upgrade_schema_or_reexport,5bda6974bb099a07027be94e584e770ef5bfe3dd17eb875b1f421a6ea51c6747
outputs\test_fmow_max_samples_040ad0a24df44333a7a2d9e3a085e3a5\run\predictions.csv,selective_or_predictions,sample_id;image_id;image_path;extracted_path;dataset;task;split;label;category;class_label;prediction;predicted_category;correct;score;risk;confidence;max_probability;top5_correct;model;model_family;model_variant;input_mode;adaptation_protocol;training_budget;split_protocol;eval_scope;resolution;band_profile;metadata_provenance;timestamp;year;month;season;location_id;latitude;longitude;country;continent;un_region;region;latitude_band,independent_unit_id;split_role;model_signature;dataset_signature;protocol_hash;metric_version,missing,recomputable,missing_balance_axis_or_risk,recomputable,missing_prediction_set_outputs,cluster_ready,upgrade_schema_or_reexport,5bda6974bb099a07027be94e584e770ef5bfe3dd17eb875b1f421a6ea51c6747
outputs\test_fmow_max_samples_333348316bff42fcb1cb2717678db7b9\run\audit_table.csv,selective_or_predictions,sample_id;image_id;image_path;extracted_path;dataset;task;split;label;category;class_label;prediction;predicted_category;correct;score;risk;confidence;max_probability;top5_correct;model;model_family;model_variant;input_mode;adaptation_protocol;training_budget;split_protocol;eval_scope;resolution;band_profile;metadata_provenance;timestamp;year;month;season;location_id;latitude;longitude;country;continent;un_region;region;latitude_band;unit_id;y_true;y_pred;aggregation_level,independent_unit_id;split_role;model_signature;dataset_signature;protocol_hash;metric_version,missing,recomputable,missing_balance_axis_or_risk,recomputable,missing_prediction_set_outputs,cluster_ready,upgrade_schema_or_reexport,5bda6974bb099a07027be94e584e770ef5bfe3dd17eb875b1f421a6ea51c6747
outputs\test_fmow_max_samples_333348316bff42fcb1cb2717678db7b9\run\predictions.csv,selective_or_predictions,sample_id;image_id;image_path;extracted_path;dataset;task;split;label;category;class_label;prediction;predicted_category;correct;score;risk;confidence;max_probability;top5_correct;model;model_family;model_variant;input_mode;adaptation_protocol;training_budget;split_protocol;eval_scope;resolution;band_profile;metadata_provenance;timestamp;year;month;season;location_id;latitude;longitude;country;continent;un_region;region;latitude_band,independent_unit_id;split_role;model_signature;dataset_signature;protocol_hash;metric_version,missing,recomputable,missing_balance_axis_or_risk,recomputable,missing_prediction_set_outputs,cluster_ready,upgrade_schema_or_reexport,5bda6974bb099a07027be94e584e770ef5bfe3dd17eb875b1f421a6ea51c6747
outputs\test_fmow_max_samples_335b688fe92f40759ad3fa8a0e658411\run\audit_table.csv,selective_or_predictions,sample_id;image_id;image_path;extracted_path;dataset;task;split;label;category;class_label;prediction;predicted_category;correct;score;risk;confidence;max_probability;top5_correct;model;model_family;model_variant;input_mode;adaptation_protocol;training_budget;split_protocol;eval_scope;resolution;band_profile;metadata_provenance;timestamp;year;month;season;location_id;latitude;longitude;country;continent;un_region;region;latitude_band;unit_id;y_true;y_pred;aggregation_level,independent_unit_id;split_role;model_signature;dataset_signature;protocol_hash;metric_version,missing,recomputable,missing_balance_axis_or_risk,recomputable,missing_prediction_set_outputs,cluster_ready,upgrade_schema_or_reexport,5bda6974bb099a07027be94e584e770ef5bfe3dd17eb875b1f421a6ea51c6747
outputs\test_fmow_max_samples_335b688fe92f40759ad3fa8a0e658411\run\predictions.csv,selective_or_predictions,sample_id;image_id;image_path;extracted_path;dataset;task;split;label;category;class_label;prediction;predicted_category;correct;score;risk;confidence;max_probability;top5_correct;model;model_family;model_variant;input_mode;adaptation_protocol;training_budget;split_protocol;eval_scope;resolution;band_profile;metadata_provenance;timestamp;year;month;season;location_id;latitude;longitude;country;continent;un_region;region;latitude_band,independent_unit_id;split_role;model_signature;dataset_signature;protocol_hash;metric_version,missing,recomputable,missing_balance_axis_or_risk,recomputable,missing_prediction_set_outputs,cluster_ready,upgrade_schema_or_reexport,5bda6974bb099a07027be94e584e770ef5bfe3dd17eb875b1f421a6ea51c6747
outputs\test_fmow_max_samples_34afb5d18870495989eaba74f2c8446e\run\audit_table.csv,selective_or_predictions,sample_id;image_id;image_path;extracted_path;dataset;task;split;label;category;class_label;prediction;predicted_category;correct;score;risk;confidence;max_probability;top5_correct;model;model_family;model_variant;input_mode;adaptation_protocol;training_budget;split_protocol;eval_scope;resolution;band_profile;metadata_provenance;timestamp;year;month;season;location_id;latitude;longitude;country;continent;un_region;region;latitude_band;unit_id;y_true;y_pred;aggregation_level,independent_unit_id;split_role;model_signature;dataset_signature;protocol_hash;metric_version,missing,recomputable,missing_balance_axis_or_risk,recomputable,missing_prediction_set_outputs,cluster_ready,upgrade_schema_or_reexport,5bda6974bb099a07027be94e584e770ef5bfe3dd17eb875b1f421a6ea51c6747
outputs\test_fmow_max_samples_34afb5d18870495989eaba74f2c8446e\run\predictions.csv,selective_or_predictions,sample_id;image_id;image_path;extracted_path;dataset;task;split;label;category;class_label;prediction;predicted_category;correct;score;risk;confidence;max_probability;top5_correct;model;model_family;model_variant;input_mode;adaptation_protocol;training_budget;split_protocol;eval_scope;resolution;band_profile;metadata_provenance;timestamp;year;month;season;location_id;latitude;longitude;country;continent;un_region;region;latitude_band,independent_unit_id;split_role;model_signature;dataset_signature;protocol_hash;metric_version,missing,recomputable,missing_balance_axis_or_risk,recomputable,missing_prediction_set_outputs,cluster_ready,upgrade_schema_or_reexport,5bda6974bb099a07027be94e584e770ef5bfe3dd17eb875b1f421a6ea51c6747
outputs\test_fmow_max_samples_4c7bdacd5d8c4b6596ad5631abd7678d\run\audit_table.csv,selective_or_predictions,sample_id;image_id;image_path;extracted_path;dataset;task;split;label;category;class_label;prediction;predicted_category;correct;score;risk;confidence;max_probability;top5_correct;model;model_family;model_variant;input_mode;adaptation_protocol;training_budget;split_protocol;eval_scope;resolution;band_profile;metadata_provenance;timestamp;year;month;season;location_id;latitude;longitude;country;continent;un_region;region;latitude_band;unit_id;y_true;y_pred;aggregation_level,independent_unit_id;split_role;model_signature;dataset_signature;protocol_hash;metric_version,missing,recomputable,missing_balance_axis_or_risk,recomputable,missing_prediction_set_outputs,cluster_ready,upgrade_schema_or_reexport,5bda6974bb099a07027be94e584e770ef5bfe3dd17eb875b1f421a6ea51c6747
outputs\test_fmow_max_samples_4c7bdacd5d8c4b6596ad5631abd7678d\run\predictions.csv,selective_or_predictions,sample_id;image_id;image_path;extracted_path;dataset;task;split;label;category;class_label;prediction;predicted_category;correct;score;risk;confidence;max_probability;top5_correct;model;model_family;model_variant;input_mode;adaptation_protocol;training_budget;split_protocol;eval_scope;resolution;band_profile;metadata_provenance;timestamp;year;month;season;location_id;latitude;longitude;country;continent;un_region;region;latitude_band,independent_unit_id;split_role;model_signature;dataset_signature;protocol_hash;metric_version,missing,recomputable,missing_balance_axis_or_risk,recomputable,missing_prediction_set_outputs,cluster_ready,upgrade_schema_or_reexport,5bda6974bb099a07027be94e584e770ef5bfe3dd17eb875b1f421a6ea51c6747
outputs\test_fmow_max_samples_9a9643917eb14de7a8c021c07d3f084e\run\audit_table.csv,selective_or_predictions,sample_id;image_id;image_path;extracted_path;dataset;task;split;label;category;class_label;prediction;predicted_category;correct;score;risk;confidence;max_probability;top5_correct;model;model_family;model_variant;input_mode;adaptation_protocol;training_budget;split_protocol;eval_scope;resolution;band_profile;metadata_provenance;timestamp;year;month;season;location_id;latitude;longitude;country;continent;un_region;region;latitude_band;unit_id;y_true;y_pred;aggregation_level,independent_unit_id;split_role;model_signature;dataset_signature;protocol_hash;metric_version,missing,recomputable,missing_balance_axis_or_risk,recomputable,missing_prediction_set_outputs,cluster_ready,upgrade_schema_or_reexport,5bda6974bb099a07027be94e584e770ef5bfe3dd17eb875b1f421a6ea51c6747
outputs\test_fmow_max_samples_9a9643917eb14de7a8c021c07d3f084e\run\predictions.csv,selective_or_predictions,sample_id;image_id;image_path;extracted_path;dataset;task;split;label;category;class_label;prediction;predicted_category;correct;score;risk;confidence;max_probability;top5_correct;model;model_family;model_variant;input_mode;adaptation_protocol;training_budget;split_protocol;eval_scope;resolution;band_profile;metadata_provenance;timestamp;year;month;season;location_id;latitude;longitude;country;continent;un_region;region;latitude_band,independent_unit_id;split_role;model_signature;dataset_signature;protocol_hash;metric_version,missing,recomputable,missing_balance_axis_or_risk,recomputable,missing_prediction_set_outputs,cluster_ready,upgrade_schema_or_reexport,5bda6974bb099a07027be94e584e770ef5bfe3dd17eb875b1f421a6ea51c6747
outputs\test_fmow_max_samples_e7563cd35aa64efbae6367c8d1372229\run\audit_table.csv,selective_or_predictions,sample_id;image_id;image_path;extracted_path;dataset;task;split;label;category;class_label;prediction;predicted_category;correct;score;risk;confidence;max_probability;top5_correct;model;model_family;model_variant;input_mode;adaptation_protocol;training_budget;split_protocol;eval_scope;resolution;band_profile;metadata_provenance;timestamp;year;month;season;location_id;latitude;longitude;country;continent;un_region;region;latitude_band;unit_id;y_true;y_pred;aggregation_level,independent_unit_id;split_role;model_signature;dataset_signature;protocol_hash;metric_version,missing,recomputable,missing_balance_axis_or_risk,recomputable,missing_prediction_set_outputs,cluster_ready,upgrade_schema_or_reexport,5bda6974bb099a07027be94e584e770ef5bfe3dd17eb875b1f421a6ea51c6747
outputs\test_fmow_max_samples_e7563cd35aa64efbae6367c8d1372229\run\predictions.csv,selective_or_predictions,sample_id;image_id;image_path;extracted_path;dataset;task;split;label;category;class_label;prediction;predicted_category;correct;score;risk;confidence;max_probability;top5_correct;model;model_family;model_variant;input_mode;adaptation_protocol;training_budget;split_protocol;eval_scope;resolution;band_profile;metadata_provenance;timestamp;year;month;season;location_id;latitude;longitude;country;continent;un_region;region;latitude_band,independent_unit_id;split_role;model_signature;dataset_signature;protocol_hash;metric_version,missing,recomputable,missing_balance_axis_or_risk,recomputable,missing_prediction_set_outputs,cluster_ready,upgrade_schema_or_reexport,5bda6974bb099a07027be94e584e770ef5bfe3dd17eb875b1f421a6ea51c6747
outputs\test_fmow_max_samples_f9258b5634ad442fa89f57e8bd8c84e8\run\audit_table.csv,selective_or_predictions,sample_id;image_id;image_path;extracted_path;dataset;task;split;label;category;class_label;prediction;predicted_category;correct;score;risk;confidence;max_probability;top5_correct;model;model_family;model_variant;input_mode;adaptation_protocol;training_budget;split_protocol;eval_scope;resolution;band_profile;metadata_provenance;timestamp;year;month;season;location_id;latitude;longitude;country;continent;un_region;region;latitude_band;unit_id;y_true;y_pred;aggregation_level,independent_unit_id;split_role;model_signature;dataset_signature;protocol_hash;metric_version,missing,recomputable,missing_balance_axis_or_risk,recomputable,missing_prediction_set_outputs,cluster_ready,upgrade_schema_or_reexport,5bda6974bb099a07027be94e584e770ef5bfe3dd17eb875b1f421a6ea51c6747
outputs\test_fmow_max_samples_f9258b5634ad442fa89f57e8bd8c84e8\run\predictions.csv,selective_or_predictions,sample_id;image_id;image_path;extracted_path;dataset;task;split;label;category;class_label;prediction;predicted_category;correct;score;risk;confidence;max_probability;top5_correct;model;model_family;model_variant;input_mode;adaptation_protocol;training_budget;split_protocol;eval_scope;resolution;band_profile;metadata_provenance;timestamp;year;month;season;location_id;latitude;longitude;country;continent;un_region;region;latitude_band,independent_unit_id;split_role;model_signature;dataset_signature;protocol_hash;metric_version,missing,recomputable,missing_balance_axis_or_risk,recomputable,missing_prediction_set_outputs,cluster_ready,upgrade_schema_or_reexport,5bda6974bb099a07027be94e584e770ef5bfe3dd17eb875b1f421a6ea51c6747
outputs\test_fmow_social_spatial_26a92ef88a284861857eb0aa81053e02\selective\fmow_conformal_bwer_summary.csv,conformal,run_id;selector;coverage_target;analysis_type;slice_variable;balance_variable;bwer;mean_slice_risk;tail_risk;worst_slice;tail_slices;n_valid_slices;note,dataset;model;task;split;sample_id;independent_unit_id;risk;split_role;model_signature;dataset_signature;protocol_hash;metric_version,missing,unavailable,missing_balance_axis_or_risk,missing_confidence_or_risk,missing_prediction_set_outputs,missing_cluster_or_spatial_block,not_an_audit_source,5bda6974bb099a07027be94e584e770ef5bfe3dd17eb875b1f421a6ea51c6747
outputs\test_fmow_social_spatial_26a92ef88a284861857eb0aa81053e02\selective\fmow_selective_bwer_summary.csv,selective_or_predictions,run_id;selector;coverage_target;analysis_type;slice_variable;balance_variable;bwer;mean_slice_risk;tail_risk;worst_slice;tail_slices;n_valid_slices;note,dataset;model;task;split;sample_id;independent_unit_id;risk;split_role;model_signature;dataset_signature;protocol_hash;metric_version,missing,unavailable,missing_balance_axis_or_risk,missing_confidence_or_risk,missing_prediction_set_outputs,missing_cluster_or_spatial_block,not_an_audit_source,5bda6974bb099a07027be94e584e770ef5bfe3dd17eb875b1f421a6ea51c6747
outputs\test_fmow_social_spatial_26a92ef88a284861857eb0aa81053e02\selective\fmow_selective_risk_summary.csv,selective_or_predictions,run_id;selector;coverage_target;mean_risk,dataset;model;task;split;sample_id;independent_unit_id;risk;split_role;model_signature;dataset_signature;protocol_hash;metric_version,missing,unavailable,missing_balance_axis_or_risk,missing_confidence_or_risk,missing_prediction_set_outputs,missing_cluster_or_spatial_block,not_an_audit_source,5bda6974bb099a07027be94e584e770ef5bfe3dd17eb875b1f421a6ea51c6747
outputs\test_fmow_social_spatial_26a92ef88a284861857eb0aa81053e02\selective\rank_divergence_under_selective_audit.csv,selective_or_predictions,scenario;selector;coverage_target;analysis_type;aggregate_best_run;aggregate_best_mean_risk;bwer_best_run;bwer_best;rank_diverges;compared_runs;interpretation,dataset;model;task;split;sample_id;independent_unit_id;risk;split_role;model_signature;dataset_signature;protocol_hash;metric_version,missing,unavailable,missing_balance_axis_or_risk,missing_confidence_or_risk,missing_prediction_set_outputs,missing_cluster_or_spatial_block,not_an_audit_source,5bda6974bb099a07027be94e584e770ef5bfe3dd17eb875b1f421a6ea51c6747
outputs\test_fmow_social_spatial_52f9c57aa63840b0b71201fa245b4096\selective\fmow_conformal_bwer_summary.csv,conformal,run_id;selector;coverage_target;analysis_type;slice_variable;balance_variable;bwer;mean_slice_risk;tail_risk;worst_slice;tail_slices;n_valid_slices;note,dataset;model;task;split;sample_id;independent_unit_id;risk;split_role;model_signature;dataset_signature;protocol_hash;metric_version,missing,unavailable,missing_balance_axis_or_risk,missing_confidence_or_risk,missing_prediction_set_outputs,missing_cluster_or_spatial_block,not_an_audit_source,5bda6974bb099a07027be94e584e770ef5bfe3dd17eb875b1f421a6ea51c6747
outputs\test_fmow_social_spatial_52f9c57aa63840b0b71201fa245b4096\selective\fmow_selective_bwer_summary.csv,selective_or_predictions,run_id;selector;coverage_target;analysis_type;slice_variable;balance_variable;bwer;mean_slice_risk;tail_risk;worst_slice;tail_slices;n_valid_slices;note,dataset;model;task;split;sample_id;independent_unit_id;risk;split_role;model_signature;dataset_signature;protocol_hash;metric_version,missing,unavailable,missing_balance_axis_or_risk,missing_confidence_or_risk,missing_prediction_set_outputs,missing_cluster_or_spatial_block,not_an_audit_source,5bda6974bb099a07027be94e584e770ef5bfe3dd17eb875b1f421a6ea51c6747
outputs\test_fmow_social_spatial_52f9c57aa63840b0b71201fa245b4096\selective\fmow_selective_risk_summary.csv,selective_or_predictions,run_id;selector;coverage_target;mean_risk,dataset;model;task;split;sample_id;independent_unit_id;risk;split_role;model_signature;dataset_signature;protocol_hash;metric_version,missing,unavailable,missing_balance_axis_or_risk,missing_confidence_or_risk,missing_prediction_set_outputs,missing_cluster_or_spatial_block,not_an_audit_source,5bda6974bb099a07027be94e584e770ef5bfe3dd17eb875b1f421a6ea51c6747
outputs\test_fmow_social_spatial_52f9c57aa63840b0b71201fa245b4096\selective\rank_divergence_under_selective_audit.csv,selective_or_predictions,scenario;selector;coverage_target;analysis_type;aggregate_best_run;aggregate_best_mean_risk;bwer_best_run;bwer_best;rank_diverges;compared_runs;interpretation,dataset;model;task;split;sample_id;independent_unit_id;risk;split_role;model_signature;dataset_signature;protocol_hash;metric_version,missing,unavailable,missing_balance_axis_or_risk,missing_confidence_or_risk,missing_prediction_set_outputs,missing_cluster_or_spatial_block,not_an_audit_source,5bda6974bb099a07027be94e584e770ef5bfe3dd17eb875b1f421a6ea51c6747
outputs\test_fmow_social_spatial_9ce751cf2eb54f4db6dd2085552d390c\selective\fmow_conformal_bwer_summary.csv,conformal,run_id;selector;coverage_target;analysis_type;slice_variable;balance_variable;bwer;mean_slice_risk;tail_risk;worst_slice;tail_slices;n_valid_slices;note,dataset;model;task;split;sample_id;independent_unit_id;risk;split_role;model_signature;dataset_signature;protocol_hash;metric_version,missing,unavailable,missing_balance_axis_or_risk,missing_confidence_or_risk,missing_prediction_set_outputs,missing_cluster_or_spatial_block,not_an_audit_source,5bda6974bb099a07027be94e584e770ef5bfe3dd17eb875b1f421a6ea51c6747
outputs\test_fmow_social_spatial_9ce751cf2eb54f4db6dd2085552d390c\selective\fmow_selective_bwer_summary.csv,selective_or_predictions,run_id;selector;coverage_target;analysis_type;slice_variable;balance_variable;bwer;mean_slice_risk;tail_risk;worst_slice;tail_slices;n_valid_slices;note,dataset;model;task;split;sample_id;independent_unit_id;risk;split_role;model_signature;dataset_signature;protocol_hash;metric_version,missing,unavailable,missing_balance_axis_or_risk,missing_confidence_or_risk,missing_prediction_set_outputs,missing_cluster_or_spatial_block,not_an_audit_source,5bda6974bb099a07027be94e584e770ef5bfe3dd17eb875b1f421a6ea51c6747
outputs\test_fmow_social_spatial_9ce751cf2eb54f4db6dd2085552d390c\selective\fmow_selective_risk_summary.csv,selective_or_predictions,run_id;selector;coverage_target;mean_risk,dataset;model;task;split;sample_id;independent_unit_id;risk;split_role;model_signature;dataset_signature;protocol_hash;metric_version,missing,unavailable,missing_balance_axis_or_risk,missing_confidence_or_risk,missing_prediction_set_outputs,missing_cluster_or_spatial_block,not_an_audit_source,5bda6974bb099a07027be94e584e770ef5bfe3dd17eb875b1f421a6ea51c6747
outputs\test_fmow_social_spatial_9ce751cf2eb54f4db6dd2085552d390c\selective\rank_divergence_under_selective_audit.csv,selective_or_predictions,scenario;selector;coverage_target;analysis_type;aggregate_best_run;aggregate_best_mean_risk;bwer_best_run;bwer_best;rank_diverges;compared_runs;interpretation,dataset;model;task;split;sample_id;independent_unit_id;risk;split_role;model_signature;dataset_signature;protocol_hash;metric_version,missing,unavailable,missing_balance_axis_or_risk,missing_confidence_or_risk,missing_prediction_set_outputs,missing_cluster_or_spatial_block,not_an_audit_source,5bda6974bb099a07027be94e584e770ef5bfe3dd17eb875b1f421a6ea51c6747
outputs\test_fmow_social_spatial_b0bbf89bc27040709cf6f34853b86eb9\selective\fmow_conformal_bwer_summary.csv,conformal,run_id;selector;coverage_target;analysis_type;slice_variable;balance_variable;bwer;mean_slice_risk;tail_risk;worst_slice;tail_slices;n_valid_slices;note,dataset;model;task;split;sample_id;independent_unit_id;risk;split_role;model_signature;dataset_signature;protocol_hash;metric_version,missing,unavailable,missing_balance_axis_or_risk,missing_confidence_or_risk,missing_prediction_set_outputs,missing_cluster_or_spatial_block,not_an_audit_source,5bda6974bb099a07027be94e584e770ef5bfe3dd17eb875b1f421a6ea51c6747
outputs\test_fmow_social_spatial_b0bbf89bc27040709cf6f34853b86eb9\selective\fmow_selective_bwer_summary.csv,selective_or_predictions,run_id;selector;coverage_target;analysis_type;slice_variable;balance_variable;bwer;mean_slice_risk;tail_risk;worst_slice;tail_slices;n_valid_slices;note,dataset;model;task;split;sample_id;independent_unit_id;risk;split_role;model_signature;dataset_signature;protocol_hash;metric_version,missing,unavailable,missing_balance_axis_or_risk,missing_confidence_or_risk,missing_prediction_set_outputs,missing_cluster_or_spatial_block,not_an_audit_source,5bda6974bb099a07027be94e584e770ef5bfe3dd17eb875b1f421a6ea51c6747
outputs\test_fmow_social_spatial_b0bbf89bc27040709cf6f34853b86eb9\selective\fmow_selective_risk_summary.csv,selective_or_predictions,run_id;selector;coverage_target;mean_risk,dataset;model;task;split;sample_id;independent_unit_id;risk;split_role;model_signature;dataset_signature;protocol_hash;metric_version,missing,unavailable,missing_balance_axis_or_risk,missing_confidence_or_risk,missing_prediction_set_outputs,missing_cluster_or_spatial_block,not_an_audit_source,5bda6974bb099a07027be94e584e770ef5bfe3dd17eb875b1f421a6ea51c6747
outputs\test_fmow_social_spatial_b0bbf89bc27040709cf6f34853b86eb9\selective\rank_divergence_under_selective_audit.csv,selective_or_predictions,scenario;selector;coverage_target;analysis_type;aggregate_best_run;aggregate_best_mean_risk;bwer_best_run;bwer_best;rank_diverges;compared_runs;interpretation,dataset;model;task;split;sample_id;independent_unit_id;risk;split_role;model_signature;dataset_signature;protocol_hash;metric_version,missing,unavailable,missing_balance_axis_or_risk,missing_confidence_or_risk,missing_prediction_set_outputs,missing_cluster_or_spatial_block,not_an_audit_source,5bda6974bb099a07027be94e584e770ef5bfe3dd17eb875b1f421a6ea51c6747
outputs\test_fmow_social_spatial_d46a65095d1f4d3a8aa16d33783222e8\selective\fmow_conformal_bwer_summary.csv,conformal,run_id;selector;coverage_target;analysis_type;slice_variable;balance_variable;bwer;mean_slice_risk;tail_risk;worst_slice;tail_slices;n_valid_slices;note,dataset;model;task;split;sample_id;independent_unit_id;risk;split_role;model_signature;dataset_signature;protocol_hash;metric_version,missing,unavailable,missing_balance_axis_or_risk,missing_confidence_or_risk,missing_prediction_set_outputs,missing_cluster_or_spatial_block,not_an_audit_source,5bda6974bb099a07027be94e584e770ef5bfe3dd17eb875b1f421a6ea51c6747
outputs\test_fmow_social_spatial_d46a65095d1f4d3a8aa16d33783222e8\selective\fmow_selective_bwer_summary.csv,selective_or_predictions,run_id;selector;coverage_target;analysis_type;slice_variable;balance_variable;bwer;mean_slice_risk;tail_risk;worst_slice;tail_slices;n_valid_slices;note,dataset;model;task;split;sample_id;independent_unit_id;risk;split_role;model_signature;dataset_signature;protocol_hash;metric_version,missing,unavailable,missing_balance_axis_or_risk,missing_confidence_or_risk,missing_prediction_set_outputs,missing_cluster_or_spatial_block,not_an_audit_source,5bda6974bb099a07027be94e584e770ef5bfe3dd17eb875b1f421a6ea51c6747
outputs\test_fmow_social_spatial_d46a65095d1f4d3a8aa16d33783222e8\selective\fmow_selective_risk_summary.csv,selective_or_predictions,run_id;selector;coverage_target;mean_risk,dataset;model;task;split;sample_id;independent_unit_id;risk;split_role;model_signature;dataset_signature;protocol_hash;metric_version,missing,unavailable,missing_balance_axis_or_risk,missing_confidence_or_risk,missing_prediction_set_outputs,missing_cluster_or_spatial_block,not_an_audit_source,5bda6974bb099a07027be94e584e770ef5bfe3dd17eb875b1f421a6ea51c6747
outputs\test_fmow_social_spatial_d46a65095d1f4d3a8aa16d33783222e8\selective\rank_divergence_under_selective_audit.csv,selective_or_predictions,scenario;selector;coverage_target;analysis_type;aggregate_best_run;aggregate_best_mean_risk;bwer_best_run;bwer_best;rank_diverges;compared_runs;interpretation,dataset;model;task;split;sample_id;independent_unit_id;risk;split_role;model_signature;dataset_signature;protocol_hash;metric_version,missing,unavailable,missing_balance_axis_or_risk,missing_confidence_or_risk,missing_prediction_set_outputs,missing_cluster_or_spatial_block,not_an_audit_source,5bda6974bb099a07027be94e584e770ef5bfe3dd17eb875b1f421a6ea51c6747
outputs\test_fmow_social_spatial_fe3da9b11feb477688ea124ee6b77509\selective\fmow_conformal_bwer_summary.csv,conformal,run_id;selector;coverage_target;analysis_type;slice_variable;balance_variable;bwer;mean_slice_risk;tail_risk;worst_slice;tail_slices;n_valid_slices;note,dataset;model;task;split;sample_id;independent_unit_id;risk;split_role;model_signature;dataset_signature;protocol_hash;metric_version,missing,unavailable,missing_balance_axis_or_risk,missing_confidence_or_risk,missing_prediction_set_outputs,missing_cluster_or_spatial_block,not_an_audit_source,5bda6974bb099a07027be94e584e770ef5bfe3dd17eb875b1f421a6ea51c6747
outputs\test_fmow_social_spatial_fe3da9b11feb477688ea124ee6b77509\selective\fmow_selective_bwer_summary.csv,selective_or_predictions,run_id;selector;coverage_target;analysis_type;slice_variable;balance_variable;bwer;mean_slice_risk;tail_risk;worst_slice;tail_slices;n_valid_slices;note,dataset;model;task;split;sample_id;independent_unit_id;risk;split_role;model_signature;dataset_signature;protocol_hash;metric_version,missing,unavailable,missing_balance_axis_or_risk,missing_confidence_or_risk,missing_prediction_set_outputs,missing_cluster_or_spatial_block,not_an_audit_source,5bda6974bb099a07027be94e584e770ef5bfe3dd17eb875b1f421a6ea51c6747
outputs\test_fmow_social_spatial_fe3da9b11feb477688ea124ee6b77509\selective\fmow_selective_risk_summary.csv,selective_or_predictions,run_id;selector;coverage_target;mean_risk,dataset;model;task;split;sample_id;independent_unit_id;risk;split_role;model_signature;dataset_signature;protocol_hash;metric_version,missing,unavailable,missing_balance_axis_or_risk,missing_confidence_or_risk,missing_prediction_set_outputs,missing_cluster_or_spatial_block,not_an_audit_source,5bda6974bb099a07027be94e584e770ef5bfe3dd17eb875b1f421a6ea51c6747
outputs\test_fmow_social_spatial_fe3da9b11feb477688ea124ee6b77509\selective\rank_divergence_under_selective_audit.csv,selective_or_predictions,scenario;selector;coverage_target;analysis_type;aggregate_best_run;aggregate_best_mean_risk;bwer_best_run;bwer_best;rank_diverges;compared_runs;interpretation,dataset;model;task;split;sample_id;independent_unit_id;risk;split_role;model_signature;dataset_signature;protocol_hash;metric_version,missing,unavailable,missing_balance_axis_or_risk,missing_confidence_or_risk,missing_prediction_set_outputs,missing_cluster_or_spatial_block,not_an_audit_source,5bda6974bb099a07027be94e584e770ef5bfe3dd17eb875b1f421a6ea51c6747
outputs\test_fmow_step3_bad_402547a861a84cdc9d3e434d7912f7ca\run\predictions.csv,predictions,sample_id;dataset;task,model;split;independent_unit_id;risk;split_role;model_signature;dataset_signature;protocol_hash;metric_version,missing,unavailable,missing_balance_axis_or_risk,missing_confidence_or_risk,missing_prediction_set_outputs,missing_cluster_or_spatial_block,not_an_audit_source,5bda6974bb099a07027be94e584e770ef5bfe3dd17eb875b1f421a6ea51c6747
outputs\test_fmow_step3_cli_7a949c669c184722a6b1586834b4e6b3\fmow_step3_fixture\audit_table.csv,audit_table,sample_id;image_id;image_path;dataset;task;split;label;category;prediction;correct;risk;model_family;model_variant;input_mode;adaptation_protocol;split_protocol;eval_scope;resolution;band_profile;timestamp;year;month;season;location_id;latitude;longitude;country;continent;un_region;region;latitude_band;unit_id;y_true;y_pred;score,model;independent_unit_id;split_role;model_signature;dataset_signature;protocol_hash;metric_version,missing,recomputable,missing_balance_axis_or_risk,missing_confidence_or_risk,missing_prediction_set_outputs,cluster_ready,upgrade_schema_or_reexport,5bda6974bb099a07027be94e584e770ef5bfe3dd17eb875b1f421a6ea51c6747
outputs\test_fmow_step3_cli_7a949c669c184722a6b1586834b4e6b3\fmow_step3_fixture\predictions.csv,audit_table,sample_id;image_id;image_path;dataset;task;split;label;category;prediction;correct;risk;model_family;model_variant;input_mode;adaptation_protocol;split_protocol;eval_scope;resolution;band_profile;timestamp;year;month;season;location_id;latitude;longitude;country;continent;un_region;region;latitude_band,model;independent_unit_id;split_role;model_signature;dataset_signature;protocol_hash;metric_version,missing,recomputable,missing_balance_axis_or_risk,missing_confidence_or_risk,missing_prediction_set_outputs,cluster_ready,upgrade_schema_or_reexport,5bda6974bb099a07027be94e584e770ef5bfe3dd17eb875b1f421a6ea51c6747
outputs\test_fmow_step3_contract_bd04fc6208ff499792481266c078d39b\fmow_step3_fixture\audit_table.csv,audit_table,sample_id;image_id;image_path;dataset;task;split;label;category;prediction;correct;risk;model_family;model_variant;input_mode;adaptation_protocol;split_protocol;eval_scope;resolution;band_profile;timestamp;year;month;season;location_id;latitude;longitude;country;continent;un_region;region;latitude_band;unit_id;y_true;y_pred;score,model;independent_unit_id;split_role;model_signature;dataset_signature;protocol_hash;metric_version,missing,recomputable,missing_balance_axis_or_risk,missing_confidence_or_risk,missing_prediction_set_outputs,cluster_ready,upgrade_schema_or_reexport,5bda6974bb099a07027be94e584e770ef5bfe3dd17eb875b1f421a6ea51c6747
outputs\test_fmow_step3_contract_bd04fc6208ff499792481266c078d39b\fmow_step3_fixture\predictions.csv,audit_table,sample_id;image_id;image_path;dataset;task;split;label;category;prediction;correct;risk;model_family;model_variant;input_mode;adaptation_protocol;split_protocol;eval_scope;resolution;band_profile;timestamp;year;month;season;location_id;latitude;longitude;country;continent;un_region;region;latitude_band,model;independent_unit_id;split_role;model_signature;dataset_signature;protocol_hash;metric_version,missing,recomputable,missing_balance_axis_or_risk,missing_confidence_or_risk,missing_prediction_set_outputs,cluster_ready,upgrade_schema_or_reexport,5bda6974bb099a07027be94e584e770ef5bfe3dd17eb875b1f421a6ea51c6747
outputs\test_fmow_step3_contract_bd04fc6208ff499792481266c078d39b\fmow_step3_fmow_step3_fixture_handoff.zip::fmow_step3_fixture/audit_table.csv,audit_table,sample_id;image_id;image_path;dataset;task;split;label;category;prediction;correct;risk;model_family;model_variant;input_mode;adaptation_protocol;split_protocol;eval_scope;resolution;band_profile;timestamp;year;month;season;location_id;latitude;longitude;country;continent;un_region;region;latitude_band;unit_id;y_true;y_pred;score,model;independent_unit_id;split_role;model_signature;dataset_signature;protocol_hash;metric_version,missing,recomputable,missing_balance_axis_or_risk,missing_confidence_or_risk,missing_prediction_set_outputs,cluster_ready,upgrade_schema_or_reexport,5bda6974bb099a07027be94e584e770ef5bfe3dd17eb875b1f421a6ea51c6747
outputs\test_fmow_step3_contract_bd04fc6208ff499792481266c078d39b\fmow_step3_fmow_step3_fixture_handoff.zip::fmow_step3_fixture/predictions.csv,audit_table,sample_id;image_id;image_path;dataset;task;split;label;category;prediction;correct;risk;model_family;model_variant;input_mode;adaptation_protocol;split_protocol;eval_scope;resolution;band_profile;timestamp;year;month;season;location_id;latitude;longitude;country;continent;un_region;region;latitude_band,model;independent_unit_id;split_role;model_signature;dataset_signature;protocol_hash;metric_version,missing,recomputable,missing_balance_axis_or_risk,missing_confidence_or_risk,missing_prediction_set_outputs,cluster_ready,upgrade_schema_or_reexport,5bda6974bb099a07027be94e584e770ef5bfe3dd17eb875b1f421a6ea51c6747
outputs\test_paper_freeze_v3_303a94b0a9194eceba74ee0e7d5cc00b\rsfm_bwer_paper_freeze_v3.zip::source_outputs/fmow_conformal_selective_audit_v1/calibration_split_manifest.csv,conformal,run_id;row_id;sample_id;image_id;location_id;country;region;class_label;calibration_split;calibration_group_column;calibration_group_value,dataset;model;task;split;independent_unit_id;risk;split_role;model_signature;dataset_signature;protocol_hash;metric_version,missing,unavailable,missing_balance_axis_or_risk,missing_confidence_or_risk,missing_prediction_set_outputs,cluster_ready,not_an_audit_source,5bda6974bb099a07027be94e584e770ef5bfe3dd17eb875b1f421a6ea51c6747
outputs\test_paper_freeze_v3_303a94b0a9194eceba74ee0e7d5cc00b\rsfm_bwer_paper_freeze_v3.zip::source_outputs/fmow_conformal_selective_audit_v1/fmow_conformal_bwer_summary.csv,conformal,run_id;selector;coverage_target;analysis_type;slice_variable;balance_variable;bwer;mean_slice_risk;tail_risk;worst_slice;tail_slices;n_valid_slices;note,dataset;model;task;split;sample_id;independent_unit_id;risk;split_role;model_signature;dataset_signature;protocol_hash;metric_version,missing,unavailable,missing_balance_axis_or_risk,missing_confidence_or_risk,missing_prediction_set_outputs,missing_cluster_or_spatial_block,not_an_audit_source,5bda6974bb099a07027be94e584e770ef5bfe3dd17eb875b1f421a6ea51c6747
outputs\test_paper_freeze_v3_303a94b0a9194eceba74ee0e7d5cc00b\rsfm_bwer_paper_freeze_v3.zip::source_outputs/fmow_conformal_selective_audit_v1/fmow_conformal_coverage_summary.csv,conformal,run_id;method;coverage_target;alpha;qhat_nonconformity;confidence_threshold;calibration_count;test_count;retained_count;retained_coverage;empirical_retained_accuracy;formal_label_coverage_claim;note,dataset;model;task;split;sample_id;independent_unit_id;risk;split_role;model_signature;dataset_signature;protocol_hash;metric_version,missing,unavailable,missing_balance_axis_or_risk,missing_confidence_or_risk,missing_prediction_set_outputs,missing_cluster_or_spatial_block,not_an_audit_source,5bda6974bb099a07027be94e584e770ef5bfe3dd17eb875b1f421a6ea51c6747
outputs\test_paper_freeze_v3_303a94b0a9194eceba74ee0e7d5cc00b\rsfm_bwer_paper_freeze_v3.zip::source_outputs/fmow_conformal_selective_audit_v1/fmow_conformal_slice_coverage.csv,conformal,run_id;method;coverage_target;slice_variable;slice_value;retained_count;total_count;retained_coverage;empirical_retained_accuracy,dataset;model;task;split;sample_id;independent_unit_id;risk;split_role;model_signature;dataset_signature;protocol_hash;metric_version,missing,unavailable,missing_balance_axis_or_risk,missing_confidence_or_risk,missing_prediction_set_outputs,missing_cluster_or_spatial_block,not_an_audit_source,5bda6974bb099a07027be94e584e770ef5bfe3dd17eb875b1f421a6ea51c6747
outputs\test_paper_freeze_v3_303a94b0a9194eceba74ee0e7d5cc00b\rsfm_bwer_paper_freeze_v3.zip::source_outputs/fmow_conformal_selective_audit_v1/fmow_high_confidence_error_by_slice.csv,conformal,run_id;selector;coverage_target;slice_variable;slice_value;retained_count;total_count;retained_coverage;mean_risk;baseline_mean_risk;high_confidence_error,dataset;model;task;split;sample_id;independent_unit_id;risk;split_role;model_signature;dataset_signature;protocol_hash;metric_version,missing,unavailable,missing_balance_axis_or_risk,missing_confidence_or_risk,missing_prediction_set_outputs,missing_cluster_or_spatial_block,not_an_audit_source,5bda6974bb099a07027be94e584e770ef5bfe3dd17eb875b1f421a6ea51c6747
outputs\test_paper_freeze_v3_303a94b0a9194eceba74ee0e7d5cc00b\rsfm_bwer_paper_freeze_v3.zip::source_outputs/fmow_conformal_selective_audit_v1/fmow_retained_coverage_by_slice.csv,conformal,run_id;selector;coverage_target;slice_variable;slice_value;retained_count;total_count;retained_coverage;mean_risk;baseline_mean_risk,dataset;model;task;split;sample_id;independent_unit_id;risk;split_role;model_signature;dataset_signature;protocol_hash;metric_version,missing,unavailable,missing_balance_axis_or_risk,missing_confidence_or_risk,missing_prediction_set_outputs,missing_cluster_or_spatial_block,not_an_audit_source,5bda6974bb099a07027be94e584e770ef5bfe3dd17eb875b1f421a6ea51c6747
outputs\test_paper_freeze_v3_303a94b0a9194eceba74ee0e7d5cc00b\rsfm_bwer_paper_freeze_v3.zip::source_outputs/fmow_conformal_selective_audit_v1/fmow_selective_bwer_summary.csv,conformal,run_id;selector;coverage_target;analysis_type;slice_variable;balance_variable;bwer;mean_slice_risk;tail_risk;worst_slice;tail_slices;n_valid_slices;note,dataset;model;task;split;sample_id;independent_unit_id;risk;split_role;model_signature;dataset_signature;protocol_hash;metric_version,missing,unavailable,missing_balance_axis_or_risk,missing_confidence_or_risk,missing_prediction_set_outputs,missing_cluster_or_spatial_block,not_an_audit_source,5bda6974bb099a07027be94e584e770ef5bfe3dd17eb875b1f421a6ea51c6747
outputs\test_paper_freeze_v3_303a94b0a9194eceba74ee0e7d5cc00b\rsfm_bwer_paper_freeze_v3.zip::source_outputs/fmow_conformal_selective_audit_v1/fmow_selective_risk_summary.csv,conformal,run_id;selector;coverage_target;confidence_threshold;retained_count;total_count;retained_coverage;abstention_rate;mean_risk;baseline_mean_risk;risk_reduction;confidence_column;risk_column,dataset;model;task;split;sample_id;independent_unit_id;risk;split_role;model_signature;dataset_signature;protocol_hash;metric_version,missing,unavailable,missing_balance_axis_or_risk,missing_confidence_or_risk,missing_prediction_set_outputs,missing_cluster_or_spatial_block,not_an_audit_source,5bda6974bb099a07027be94e584e770ef5bfe3dd17eb875b1f421a6ea51c6747
outputs\test_paper_freeze_v3_303a94b0a9194eceba74ee0e7d5cc00b\rsfm_bwer_paper_freeze_v3.zip::source_outputs/fmow_conformal_selective_audit_v1/fmow_support_filtered_slice_summary.csv,conformal,run_id;selector;coverage_target;slice_variable;support_filter;n_supported_slices;n_excluded_low_support_slices;risk_rank;slice_value;retained_count;total_count;retained_coverage;mean_risk;baseline_mean_risk;note,dataset;model;task;split;sample_id;independent_unit_id;risk;split_role;model_signature;dataset_signature;protocol_hash;metric_version,missing,unavailable,missing_balance_axis_or_risk,missing_confidence_or_risk,missing_prediction_set_outputs,missing_cluster_or_spatial_block,not_an_audit_source,5bda6974bb099a07027be94e584e770ef5bfe3dd17eb875b1f421a6ea51c6747
outputs\test_paper_freeze_v3_303a94b0a9194eceba74ee0e7d5cc00b\rsfm_bwer_paper_freeze_v3.zip::source_outputs/fmow_conformal_selective_audit_v1/rank_divergence_under_selective_audit.csv,conformal,scenario;selector;coverage_target;analysis_type;aggregate_best_run;aggregate_best_mean_risk;bwer_best_run;bwer_best;rank_diverges;compared_runs;interpretation,dataset;model;task;split;sample_id;independent_unit_id;risk;split_role;model_signature;dataset_signature;protocol_hash;metric_version,missing,unavailable,missing_balance_axis_or_risk,missing_confidence_or_risk,missing_prediction_set_outputs,missing_cluster_or_spatial_block,not_an_audit_source,5bda6974bb099a07027be94e584e770ef5bfe3dd17eb875b1f421a6ea51c6747
outputs\test_paper_freeze_v3_303a94b0a9194eceba74ee0e7d5cc00b\rsfm_bwer_paper_freeze_v3.zip::source_outputs/unified_paper_package_v3/fmow_selective_social_spatial_summary_v3.csv,selective_or_predictions,summary_item;value;interpretation,dataset;model;task;split;sample_id;independent_unit_id;risk;split_role;model_signature;dataset_signature;protocol_hash;metric_version,missing,unavailable,missing_balance_axis_or_risk,missing_confidence_or_risk,missing_prediction_set_outputs,missing_cluster_or_spatial_block,not_an_audit_source,5bda6974bb099a07027be94e584e770ef5bfe3dd17eb875b1f421a6ea51c6747
outputs\test_paper_freeze_v3_303a94b0a9194eceba74ee0e7d5cc00b\source_outputs\fmow_conformal_selective_audit_v1\fmow_conformal_bwer_summary.csv,conformal,run_id;selector;coverage_target;analysis_type;slice_variable;balance_variable;bwer;mean_slice_risk;tail_risk;worst_slice;tail_slices;n_valid_slices;note,dataset;model;task;split;sample_id;independent_unit_id;risk;split_role;model_signature;dataset_signature;protocol_hash;metric_version,missing,unavailable,missing_balance_axis_or_risk,missing_confidence_or_risk,missing_prediction_set_outputs,missing_cluster_or_spatial_block,not_an_audit_source,5bda6974bb099a07027be94e584e770ef5bfe3dd17eb875b1f421a6ea51c6747
outputs\test_paper_freeze_v3_303a94b0a9194eceba74ee0e7d5cc00b\source_outputs\fmow_conformal_selective_audit_v1\fmow_conformal_coverage_summary.csv,conformal,run_id;method;coverage_target;alpha;qhat_nonconformity;confidence_threshold;calibration_count;test_count;retained_count;retained_coverage;empirical_retained_accuracy;formal_label_coverage_claim;note,dataset;model;task;split;sample_id;independent_unit_id;risk;split_role;model_signature;dataset_signature;protocol_hash;metric_version,missing,unavailable,missing_balance_axis_or_risk,missing_confidence_or_risk,missing_prediction_set_outputs,missing_cluster_or_spatial_block,not_an_audit_source,5bda6974bb099a07027be94e584e770ef5bfe3dd17eb875b1f421a6ea51c6747
outputs\test_paper_freeze_v3_303a94b0a9194eceba74ee0e7d5cc00b\source_outputs\fmow_conformal_selective_audit_v1\fmow_conformal_slice_coverage.csv,conformal,run_id;method;coverage_target;slice_variable;slice_value;retained_count;total_count;retained_coverage;empirical_retained_accuracy,dataset;model;task;split;sample_id;independent_unit_id;risk;split_role;model_signature;dataset_signature;protocol_hash;metric_version,missing,unavailable,missing_balance_axis_or_risk,missing_confidence_or_risk,missing_prediction_set_outputs,missing_cluster_or_spatial_block,not_an_audit_source,5bda6974bb099a07027be94e584e770ef5bfe3dd17eb875b1f421a6ea51c6747
outputs\test_paper_freeze_v3_303a94b0a9194eceba74ee0e7d5cc00b\source_outputs\fmow_conformal_selective_audit_v1\fmow_selective_bwer_summary.csv,conformal,run_id;selector;coverage_target;analysis_type;slice_variable;balance_variable;bwer;mean_slice_risk;tail_risk;worst_slice;tail_slices;n_valid_slices;note,dataset;model;task;split;sample_id;independent_unit_id;risk;split_role;model_signature;dataset_signature;protocol_hash;metric_version,missing,unavailable,missing_balance_axis_or_risk,missing_confidence_or_risk,missing_prediction_set_outputs,missing_cluster_or_spatial_block,not_an_audit_source,5bda6974bb099a07027be94e584e770ef5bfe3dd17eb875b1f421a6ea51c6747
outputs\test_paper_freeze_v3_303a94b0a9194eceba74ee0e7d5cc00b\source_outputs\fmow_conformal_selective_audit_v1\fmow_selective_risk_summary.csv,conformal,run_id;selector;coverage_target;confidence_threshold;retained_count;total_count;retained_coverage;abstention_rate;mean_risk;baseline_mean_risk;risk_reduction;confidence_column;risk_column,dataset;model;task;split;sample_id;independent_unit_id;risk;split_role;model_signature;dataset_signature;protocol_hash;metric_version,missing,unavailable,missing_balance_axis_or_risk,missing_confidence_or_risk,missing_prediction_set_outputs,missing_cluster_or_spatial_block,not_an_audit_source,5bda6974bb099a07027be94e584e770ef5bfe3dd17eb875b1f421a6ea51c6747
outputs\test_paper_freeze_v3_303a94b0a9194eceba74ee0e7d5cc00b\source_outputs\fmow_conformal_selective_audit_v1\rank_divergence_under_selective_audit.csv,conformal,scenario;selector;coverage_target;analysis_type;aggregate_best_run;aggregate_best_mean_risk;bwer_best_run;bwer_best;rank_diverges;compared_runs;interpretation,dataset;model;task;split;sample_id;independent_unit_id;risk;split_role;model_signature;dataset_signature;protocol_hash;metric_version,missing,unavailable,missing_balance_axis_or_risk,missing_confidence_or_risk,missing_prediction_set_outputs,missing_cluster_or_spatial_block,not_an_audit_source,5bda6974bb099a07027be94e584e770ef5bfe3dd17eb875b1f421a6ea51c6747
outputs\test_paper_freeze_v3_303a94b0a9194eceba74ee0e7d5cc00b\source_outputs\unified_paper_package_v3\fmow_selective_social_spatial_summary_v3.csv,selective_or_predictions,summary_item;value;interpretation,dataset;model;task;split;sample_id;independent_unit_id;risk;split_role;model_signature;dataset_signature;protocol_hash;metric_version,missing,unavailable,missing_balance_axis_or_risk,missing_confidence_or_risk,missing_prediction_set_outputs,missing_cluster_or_spatial_block,not_an_audit_source,5bda6974bb099a07027be94e584e770ef5bfe3dd17eb875b1f421a6ea51c6747
outputs\test_paper_freeze_v3_692d1d48476b4c0e8c524856c7a705c2\rsfm_bwer_paper_freeze_v3.zip::source_outputs/fmow_conformal_selective_audit_v1/calibration_split_manifest.csv,conformal,run_id;row_id;sample_id;image_id;location_id;country;region;class_label;calibration_split;calibration_group_column;calibration_group_value,dataset;model;task;split;independent_unit_id;risk;split_role;model_signature;dataset_signature;protocol_hash;metric_version,missing,unavailable,missing_balance_axis_or_risk,missing_confidence_or_risk,missing_prediction_set_outputs,cluster_ready,not_an_audit_source,5bda6974bb099a07027be94e584e770ef5bfe3dd17eb875b1f421a6ea51c6747
outputs\test_paper_freeze_v3_692d1d48476b4c0e8c524856c7a705c2\rsfm_bwer_paper_freeze_v3.zip::source_outputs/fmow_conformal_selective_audit_v1/fmow_conformal_bwer_summary.csv,conformal,run_id;selector;coverage_target;analysis_type;slice_variable;balance_variable;bwer;mean_slice_risk;tail_risk;worst_slice;tail_slices;n_valid_slices;note,dataset;model;task;split;sample_id;independent_unit_id;risk;split_role;model_signature;dataset_signature;protocol_hash;metric_version,missing,unavailable,missing_balance_axis_or_risk,missing_confidence_or_risk,missing_prediction_set_outputs,missing_cluster_or_spatial_block,not_an_audit_source,5bda6974bb099a07027be94e584e770ef5bfe3dd17eb875b1f421a6ea51c6747
outputs\test_paper_freeze_v3_692d1d48476b4c0e8c524856c7a705c2\rsfm_bwer_paper_freeze_v3.zip::source_outputs/fmow_conformal_selective_audit_v1/fmow_conformal_coverage_summary.csv,conformal,run_id;method;coverage_target;alpha;qhat_nonconformity;confidence_threshold;calibration_count;test_count;retained_count;retained_coverage;empirical_retained_accuracy;formal_label_coverage_claim;note,dataset;model;task;split;sample_id;independent_unit_id;risk;split_role;model_signature;dataset_signature;protocol_hash;metric_version,missing,unavailable,missing_balance_axis_or_risk,missing_confidence_or_risk,missing_prediction_set_outputs,missing_cluster_or_spatial_block,not_an_audit_source,5bda6974bb099a07027be94e584e770ef5bfe3dd17eb875b1f421a6ea51c6747
outputs\test_paper_freeze_v3_692d1d48476b4c0e8c524856c7a705c2\rsfm_bwer_paper_freeze_v3.zip::source_outputs/fmow_conformal_selective_audit_v1/fmow_conformal_slice_coverage.csv,conformal,run_id;method;coverage_target;slice_variable;slice_value;retained_count;total_count;retained_coverage;empirical_retained_accuracy,dataset;model;task;split;sample_id;independent_unit_id;risk;split_role;model_signature;dataset_signature;protocol_hash;metric_version,missing,unavailable,missing_balance_axis_or_risk,missing_confidence_or_risk,missing_prediction_set_outputs,missing_cluster_or_spatial_block,not_an_audit_source,5bda6974bb099a07027be94e584e770ef5bfe3dd17eb875b1f421a6ea51c6747
outputs\test_paper_freeze_v3_692d1d48476b4c0e8c524856c7a705c2\rsfm_bwer_paper_freeze_v3.zip::source_outputs/fmow_conformal_selective_audit_v1/fmow_high_confidence_error_by_slice.csv,conformal,run_id;selector;coverage_target;slice_variable;slice_value;retained_count;total_count;retained_coverage;mean_risk;baseline_mean_risk;high_confidence_error,dataset;model;task;split;sample_id;independent_unit_id;risk;split_role;model_signature;dataset_signature;protocol_hash;metric_version,missing,unavailable,missing_balance_axis_or_risk,missing_confidence_or_risk,missing_prediction_set_outputs,missing_cluster_or_spatial_block,not_an_audit_source,5bda6974bb099a07027be94e584e770ef5bfe3dd17eb875b1f421a6ea51c6747
outputs\test_paper_freeze_v3_692d1d48476b4c0e8c524856c7a705c2\rsfm_bwer_paper_freeze_v3.zip::source_outputs/fmow_conformal_selective_audit_v1/fmow_retained_coverage_by_slice.csv,conformal,run_id;selector;coverage_target;slice_variable;slice_value;retained_count;total_count;retained_coverage;mean_risk;baseline_mean_risk,dataset;model;task;split;sample_id;independent_unit_id;risk;split_role;model_signature;dataset_signature;protocol_hash;metric_version,missing,unavailable,missing_balance_axis_or_risk,missing_confidence_or_risk,missing_prediction_set_outputs,missing_cluster_or_spatial_block,not_an_audit_source,5bda6974bb099a07027be94e584e770ef5bfe3dd17eb875b1f421a6ea51c6747
outputs\test_paper_freeze_v3_692d1d48476b4c0e8c524856c7a705c2\rsfm_bwer_paper_freeze_v3.zip::source_outputs/fmow_conformal_selective_audit_v1/fmow_selective_bwer_summary.csv,conformal,run_id;selector;coverage_target;analysis_type;slice_variable;balance_variable;bwer;mean_slice_risk;tail_risk;worst_slice;tail_slices;n_valid_slices;note,dataset;model;task;split;sample_id;independent_unit_id;risk;split_role;model_signature;dataset_signature;protocol_hash;metric_version,missing,unavailable,missing_balance_axis_or_risk,missing_confidence_or_risk,missing_prediction_set_outputs,missing_cluster_or_spatial_block,not_an_audit_source,5bda6974bb099a07027be94e584e770ef5bfe3dd17eb875b1f421a6ea51c6747
outputs\test_paper_freeze_v3_692d1d48476b4c0e8c524856c7a705c2\rsfm_bwer_paper_freeze_v3.zip::source_outputs/fmow_conformal_selective_audit_v1/fmow_selective_risk_summary.csv,conformal,run_id;selector;coverage_target;confidence_threshold;retained_count;total_count;retained_coverage;abstention_rate;mean_risk;baseline_mean_risk;risk_reduction;confidence_column;risk_column,dataset;model;task;split;sample_id;independent_unit_id;risk;split_role;model_signature;dataset_signature;protocol_hash;metric_version,missing,unavailable,missing_balance_axis_or_risk,missing_confidence_or_risk,missing_prediction_set_outputs,missing_cluster_or_spatial_block,not_an_audit_source,5bda6974bb099a07027be94e584e770ef5bfe3dd17eb875b1f421a6ea51c6747
outputs\test_paper_freeze_v3_692d1d48476b4c0e8c524856c7a705c2\rsfm_bwer_paper_freeze_v3.zip::source_outputs/fmow_conformal_selective_audit_v1/fmow_support_filtered_slice_summary.csv,conformal,run_id;selector;coverage_target;slice_variable;support_filter;n_supported_slices;n_excluded_low_support_slices;risk_rank;slice_value;retained_count;total_count;retained_coverage;mean_risk;baseline_mean_risk;note,dataset;model;task;split;sample_id;independent_unit_id;risk;split_role;model_signature;dataset_signature;protocol_hash;metric_version,missing,unavailable,missing_balance_axis_or_risk,missing_confidence_or_risk,missing_prediction_set_outputs,missing_cluster_or_spatial_block,not_an_audit_source,5bda6974bb099a07027be94e584e770ef5bfe3dd17eb875b1f421a6ea51c6747
outputs\test_paper_freeze_v3_692d1d48476b4c0e8c524856c7a705c2\rsfm_bwer_paper_freeze_v3.zip::source_outputs/fmow_conformal_selective_audit_v1/rank_divergence_under_selective_audit.csv,conformal,scenario;selector;coverage_target;analysis_type;aggregate_best_run;aggregate_best_mean_risk;bwer_best_run;bwer_best;rank_diverges;compared_runs;interpretation,dataset;model;task;split;sample_id;independent_unit_id;risk;split_role;model_signature;dataset_signature;protocol_hash;metric_version,missing,unavailable,missing_balance_axis_or_risk,missing_confidence_or_risk,missing_prediction_set_outputs,missing_cluster_or_spatial_block,not_an_audit_source,5bda6974bb099a07027be94e584e770ef5bfe3dd17eb875b1f421a6ea51c6747
outputs\test_paper_freeze_v3_692d1d48476b4c0e8c524856c7a705c2\rsfm_bwer_paper_freeze_v3.zip::source_outputs/unified_paper_package_v3/fmow_selective_social_spatial_summary_v3.csv,selective_or_predictions,summary_item;value;interpretation,dataset;model;task;split;sample_id;independent_unit_id;risk;split_role;model_signature;dataset_signature;protocol_hash;metric_version,missing,unavailable,missing_balance_axis_or_risk,missing_confidence_or_risk,missing_prediction_set_outputs,missing_cluster_or_spatial_block,not_an_audit_source,5bda6974bb099a07027be94e584e770ef5bfe3dd17eb875b1f421a6ea51c6747
outputs\test_paper_freeze_v3_692d1d48476b4c0e8c524856c7a705c2\source_outputs\fmow_conformal_selective_audit_v1\fmow_conformal_bwer_summary.csv,conformal,run_id;selector;coverage_target;analysis_type;slice_variable;balance_variable;bwer;mean_slice_risk;tail_risk;worst_slice;tail_slices;n_valid_slices;note,dataset;model;task;split;sample_id;independent_unit_id;risk;split_role;model_signature;dataset_signature;protocol_hash;metric_version,missing,unavailable,missing_balance_axis_or_risk,missing_confidence_or_risk,missing_prediction_set_outputs,missing_cluster_or_spatial_block,not_an_audit_source,5bda6974bb099a07027be94e584e770ef5bfe3dd17eb875b1f421a6ea51c6747
outputs\test_paper_freeze_v3_692d1d48476b4c0e8c524856c7a705c2\source_outputs\fmow_conformal_selective_audit_v1\fmow_conformal_coverage_summary.csv,conformal,run_id;method;coverage_target;alpha;qhat_nonconformity;confidence_threshold;calibration_count;test_count;retained_count;retained_coverage;empirical_retained_accuracy;formal_label_coverage_claim;note,dataset;model;task;split;sample_id;independent_unit_id;risk;split_role;model_signature;dataset_signature;protocol_hash;metric_version,missing,unavailable,missing_balance_axis_or_risk,missing_confidence_or_risk,missing_prediction_set_outputs,missing_cluster_or_spatial_block,not_an_audit_source,5bda6974bb099a07027be94e584e770ef5bfe3dd17eb875b1f421a6ea51c6747
outputs\test_paper_freeze_v3_692d1d48476b4c0e8c524856c7a705c2\source_outputs\fmow_conformal_selective_audit_v1\fmow_conformal_slice_coverage.csv,conformal,run_id;method;coverage_target;slice_variable;slice_value;retained_count;total_count;retained_coverage;empirical_retained_accuracy,dataset;model;task;split;sample_id;independent_unit_id;risk;split_role;model_signature;dataset_signature;protocol_hash;metric_version,missing,unavailable,missing_balance_axis_or_risk,missing_confidence_or_risk,missing_prediction_set_outputs,missing_cluster_or_spatial_block,not_an_audit_source,5bda6974bb099a07027be94e584e770ef5bfe3dd17eb875b1f421a6ea51c6747
outputs\test_paper_freeze_v3_692d1d48476b4c0e8c524856c7a705c2\source_outputs\fmow_conformal_selective_audit_v1\fmow_selective_bwer_summary.csv,conformal,run_id;selector;coverage_target;analysis_type;slice_variable;balance_variable;bwer;mean_slice_risk;tail_risk;worst_slice;tail_slices;n_valid_slices;note,dataset;model;task;split;sample_id;independent_unit_id;risk;split_role;model_signature;dataset_signature;protocol_hash;metric_version,missing,unavailable,missing_balance_axis_or_risk,missing_confidence_or_risk,missing_prediction_set_outputs,missing_cluster_or_spatial_block,not_an_audit_source,5bda6974bb099a07027be94e584e770ef5bfe3dd17eb875b1f421a6ea51c6747
outputs\test_paper_freeze_v3_692d1d48476b4c0e8c524856c7a705c2\source_outputs\fmow_conformal_selective_audit_v1\fmow_selective_risk_summary.csv,conformal,run_id;selector;coverage_target;confidence_threshold;retained_count;total_count;retained_coverage;abstention_rate;mean_risk;baseline_mean_risk;risk_reduction;confidence_column;risk_column,dataset;model;task;split;sample_id;independent_unit_id;risk;split_role;model_signature;dataset_signature;protocol_hash;metric_version,missing,unavailable,missing_balance_axis_or_risk,missing_confidence_or_risk,missing_prediction_set_outputs,missing_cluster_or_spatial_block,not_an_audit_source,5bda6974bb099a07027be94e584e770ef5bfe3dd17eb875b1f421a6ea51c6747
outputs\test_paper_freeze_v3_692d1d48476b4c0e8c524856c7a705c2\source_outputs\fmow_conformal_selective_audit_v1\rank_divergence_under_selective_audit.csv,conformal,scenario;selector;coverage_target;analysis_type;aggregate_best_run;aggregate_best_mean_risk;bwer_best_run;bwer_best;rank_diverges;compared_runs;interpretation,dataset;model;task;split;sample_id;independent_unit_id;risk;split_role;model_signature;dataset_signature;protocol_hash;metric_version,missing,unavailable,missing_balance_axis_or_risk,missing_confidence_or_risk,missing_prediction_set_outputs,missing_cluster_or_spatial_block,not_an_audit_source,5bda6974bb099a07027be94e584e770ef5bfe3dd17eb875b1f421a6ea51c6747
outputs\test_paper_freeze_v3_692d1d48476b4c0e8c524856c7a705c2\source_outputs\unified_paper_package_v3\fmow_selective_social_spatial_summary_v3.csv,selective_or_predictions,summary_item;value;interpretation,dataset;model;task;split;sample_id;independent_unit_id;risk;split_role;model_signature;dataset_signature;protocol_hash;metric_version,missing,unavailable,missing_balance_axis_or_risk,missing_confidence_or_risk,missing_prediction_set_outputs,missing_cluster_or_spatial_block,not_an_audit_source,5bda6974bb099a07027be94e584e770ef5bfe3dd17eb875b1f421a6ea51c6747
outputs\test_real_pipeline\predictions.csv,predictions,sample_id;label;prediction;region;sensor;correct,dataset;model;task;split;independent_unit_id;risk;split_role;model_signature;dataset_signature;protocol_hash;metric_version,missing,recomputable,missing_balance_axis_or_risk,missing_confidence_or_risk,missing_prediction_set_outputs,missing_cluster_or_spatial_block,upgrade_schema_or_reexport,5bda6974bb099a07027be94e584e770ef5bfe3dd17eb875b1f421a6ea51c6747
outputs\test_real_pipeline_no_coords\predictions.csv,predictions,sample_id;label;prediction;region;sensor;correct,dataset;model;task;split;independent_unit_id;risk;split_role;model_signature;dataset_signature;protocol_hash;metric_version,missing,recomputable,missing_balance_axis_or_risk,missing_confidence_or_risk,missing_prediction_set_outputs,missing_cluster_or_spatial_block,upgrade_schema_or_reexport,5bda6974bb099a07027be94e584e770ef5bfe3dd17eb875b1f421a6ea51c6747
outputs\test_real_pipeline_streaming\predictions.csv,predictions,sample_id;label;prediction;region;sensor;correct,dataset;model;task;split;independent_unit_id;risk;split_role;model_signature;dataset_signature;protocol_hash;metric_version,missing,recomputable,missing_balance_axis_or_risk,missing_confidence_or_risk,missing_prediction_set_outputs,missing_cluster_or_spatial_block,upgrade_schema_or_reexport,5bda6974bb099a07027be94e584e770ef5bfe3dd17eb875b1f421a6ea51c6747
outputs\test_reben_cli_long_fields\predictions.csv,predictions,sample_id;class_label;label_true;label_probability;risk_bce;risk_binary_error;correct;country;warnings,dataset;model;task;split;independent_unit_id;risk;split_role;model_signature;dataset_signature;protocol_hash;metric_version,missing,unavailable,missing_balance_axis_or_risk,missing_confidence_or_risk,missing_prediction_set_outputs,missing_cluster_or_spatial_block,not_an_audit_source,5bda6974bb099a07027be94e584e770ef5bfe3dd17eb875b1f421a6ea51c6747
outputs\test_reben_croma_compare_fixture\comparison\selective_risk_comparison.csv,selective_or_predictions,sensor_mode;run_name;source_dir;coverage_target;slice_variable;slice_value;confidence_threshold;retained_count;total_count;retained_coverage;abstention_rate;mean_risk,dataset;model;task;split;sample_id;independent_unit_id;risk;split_role;model_signature;dataset_signature;protocol_hash;metric_version,missing,unavailable,missing_balance_axis_or_risk,missing_confidence_or_risk,missing_prediction_set_outputs,missing_cluster_or_spatial_block,not_an_audit_source,5bda6974bb099a07027be94e584e770ef5bfe3dd17eb875b1f421a6ea51c6747
outputs\test_reben_croma_compare_fixture\S1\selective_risk_summary.csv,selective_or_predictions,coverage_target;slice_variable;slice_value;confidence_threshold;retained_count;total_count;retained_coverage;abstention_rate;mean_risk,dataset;model;task;split;sample_id;independent_unit_id;risk;split_role;model_signature;dataset_signature;protocol_hash;metric_version,missing,unavailable,missing_balance_axis_or_risk,missing_confidence_or_risk,missing_prediction_set_outputs,missing_cluster_or_spatial_block,not_an_audit_source,5bda6974bb099a07027be94e584e770ef5bfe3dd17eb875b1f421a6ea51c6747
outputs\test_reben_croma_compare_fixture\S1plusS2\selective_risk_summary.csv,selective_or_predictions,coverage_target;slice_variable;slice_value;confidence_threshold;retained_count;total_count;retained_coverage;abstention_rate;mean_risk,dataset;model;task;split;sample_id;independent_unit_id;risk;split_role;model_signature;dataset_signature;protocol_hash;metric_version,missing,unavailable,missing_balance_axis_or_risk,missing_confidence_or_risk,missing_prediction_set_outputs,missing_cluster_or_spatial_block,not_an_audit_source,5bda6974bb099a07027be94e584e770ef5bfe3dd17eb875b1f421a6ea51c6747
outputs\test_reben_croma_compare_fixture\S2\selective_risk_summary.csv,selective_or_predictions,coverage_target;slice_variable;slice_value;confidence_threshold;retained_count;total_count;retained_coverage;abstention_rate;mean_risk,dataset;model;task;split;sample_id;independent_unit_id;risk;split_role;model_signature;dataset_signature;protocol_hash;metric_version,missing,unavailable,missing_balance_axis_or_risk,missing_confidence_or_risk,missing_prediction_set_outputs,missing_cluster_or_spatial_block,not_an_audit_source,5bda6974bb099a07027be94e584e770ef5bfe3dd17eb875b1f421a6ea51c6747
outputs\test_reben_write_run_outputs\bwer\croma_s2\selective_risk_summary.csv,selective_or_predictions,coverage_target;slice_variable;slice_value;confidence_threshold;retained_count;total_count;retained_coverage;abstention_rate;mean_risk,dataset;model;task;split;sample_id;independent_unit_id;risk;split_role;model_signature;dataset_signature;protocol_hash;metric_version,missing,unavailable,missing_balance_axis_or_risk,missing_confidence_or_risk,missing_prediction_set_outputs,missing_cluster_or_spatial_block,not_an_audit_source,5bda6974bb099a07027be94e584e770ef5bfe3dd17eb875b1f421a6ea51c6747
outputs\test_reben_write_run_outputs\predictions_croma_s2.csv,selective_or_predictions,sample_id;patch_id;dataset;task;split;country;cloud_snow_shadow;sensor_mode;model_family;model_variant;input_mode;adaptation_protocol;split_protocol;eval_scope;band_profile;class_index;class_label;label_true;label_probability;label_prediction;threshold;correct;risk_bce;risk_binary_error;confidence,model;independent_unit_id;risk;split_role;model_signature;dataset_signature;protocol_hash;metric_version,missing,unavailable,missing_balance_axis_or_risk,missing_confidence_or_risk,missing_prediction_set_outputs,missing_cluster_or_spatial_block,not_an_audit_source,5bda6974bb099a07027be94e584e770ef5bfe3dd17eb875b1f421a6ea51c6747
outputs\test_reben_write_run_outputs\selective_risk_summary.csv,selective_or_predictions,coverage_target;slice_variable;slice_value;confidence_threshold;retained_count;total_count;retained_coverage;abstention_rate;mean_risk,dataset;model;task;split;sample_id;independent_unit_id;risk;split_role;model_signature;dataset_signature;protocol_hash;metric_version,missing,unavailable,missing_balance_axis_or_risk,missing_confidence_or_risk,missing_prediction_set_outputs,missing_cluster_or_spatial_block,not_an_audit_source,5bda6974bb099a07027be94e584e770ef5bfe3dd17eb875b1f421a6ea51c6747
outputs\test_unified_missing_05c1c98503fb4fe89ab636eb88a4c4b2\selective\selective_bwer_summary.csv,selective_or_predictions,,dataset;model;task;split;sample_id;independent_unit_id;risk;split_role;model_signature;dataset_signature;protocol_hash;metric_version,missing,unavailable,missing_balance_axis_or_risk,missing_confidence_or_risk,missing_prediction_set_outputs,missing_cluster_or_spatial_block,not_an_audit_source,5bda6974bb099a07027be94e584e770ef5bfe3dd17eb875b1f421a6ea51c6747
outputs\test_unified_missing_05c1c98503fb4fe89ab636eb88a4c4b2\selective\selective_risk_caveats.csv,selective_or_predictions,experiment_id;dataset;deployment_axis;task_type;confidence_definition;availability_policy;run_id;status;source_path;reason;caveat,model;task;split;sample_id;independent_unit_id;risk;split_role;model_signature;dataset_signature;protocol_hash;metric_version,missing,unavailable,missing_balance_axis_or_risk,missing_confidence_or_risk,missing_prediction_set_outputs,missing_cluster_or_spatial_block,not_an_audit_source,5bda6974bb099a07027be94e584e770ef5bfe3dd17eb875b1f421a6ea51c6747
outputs\test_unified_missing_05c1c98503fb4fe89ab636eb88a4c4b2\selective\selective_risk_summary_cross_dataset.csv,selective_or_predictions,,dataset;model;task;split;sample_id;independent_unit_id;risk;split_role;model_signature;dataset_signature;protocol_hash;metric_version,missing,unavailable,missing_balance_axis_or_risk,missing_confidence_or_risk,missing_prediction_set_outputs,missing_cluster_or_spatial_block,not_an_audit_source,5bda6974bb099a07027be94e584e770ef5bfe3dd17eb875b1f421a6ea51c6747
outputs\test_unified_missing_08ead24b0ebb4fbc8429c7f9905faa58\selective\selective_bwer_summary.csv,selective_or_predictions,experiment_id;run_id;coverage_target;slice_variable;mean_slice_risk;worst_slice_risk;selective_bwer_proxy;status;note,dataset;model;task;split;sample_id;independent_unit_id;risk;split_role;model_signature;dataset_signature;protocol_hash;metric_version,missing,unavailable,missing_balance_axis_or_risk,missing_confidence_or_risk,missing_prediction_set_outputs,missing_cluster_or_spatial_block,not_an_audit_source,5bda6974bb099a07027be94e584e770ef5bfe3dd17eb875b1f421a6ea51c6747
outputs\test_unified_missing_08ead24b0ebb4fbc8429c7f9905faa58\selective\selective_risk_caveats.csv,selective_or_predictions,experiment_id;dataset;deployment_axis;task_type;confidence_definition;availability_policy;run_id;status;source_path;reason;caveat,model;task;split;sample_id;independent_unit_id;risk;split_role;model_signature;dataset_signature;protocol_hash;metric_version,missing,unavailable,missing_balance_axis_or_risk,missing_confidence_or_risk,missing_prediction_set_outputs,missing_cluster_or_spatial_block,not_an_audit_source,5bda6974bb099a07027be94e584e770ef5bfe3dd17eb875b1f421a6ea51c6747
outputs\test_unified_missing_08ead24b0ebb4fbc8429c7f9905faa58\selective\selective_risk_summary_cross_dataset.csv,selective_or_predictions,experiment_id;dataset;deployment_axis;run_id;sensor_mode;coverage_target;slice_variable;slice_value;confidence_threshold;retained_count;total_count;retained_coverage;abstention_rate;mean_risk;status;reason;source_path,model;task;split;sample_id;independent_unit_id;risk;split_role;model_signature;dataset_signature;protocol_hash;metric_version,missing,unavailable,missing_balance_axis_or_risk,missing_confidence_or_risk,missing_prediction_set_outputs,missing_cluster_or_spatial_block,not_an_audit_source,5bda6974bb099a07027be94e584e770ef5bfe3dd17eb875b1f421a6ea51c6747
outputs\test_unified_missing_10ebd2315e8e47028d4c495dbec19490\selective\selective_bwer_summary.csv,selective_or_predictions,experiment_id;run_id;coverage_target;slice_variable;mean_slice_risk;worst_slice_risk;selective_bwer_proxy;status;note,dataset;model;task;split;sample_id;independent_unit_id;risk;split_role;model_signature;dataset_signature;protocol_hash;metric_version,missing,unavailable,missing_balance_axis_or_risk,missing_confidence_or_risk,missing_prediction_set_outputs,missing_cluster_or_spatial_block,not_an_audit_source,5bda6974bb099a07027be94e584e770ef5bfe3dd17eb875b1f421a6ea51c6747
outputs\test_unified_missing_10ebd2315e8e47028d4c495dbec19490\selective\selective_risk_caveats.csv,selective_or_predictions,experiment_id;dataset;deployment_axis;task_type;confidence_definition;availability_policy;run_id;status;source_path;reason;caveat,model;task;split;sample_id;independent_unit_id;risk;split_role;model_signature;dataset_signature;protocol_hash;metric_version,missing,unavailable,missing_balance_axis_or_risk,missing_confidence_or_risk,missing_prediction_set_outputs,missing_cluster_or_spatial_block,not_an_audit_source,5bda6974bb099a07027be94e584e770ef5bfe3dd17eb875b1f421a6ea51c6747
outputs\test_unified_missing_10ebd2315e8e47028d4c495dbec19490\selective\selective_risk_summary_cross_dataset.csv,selective_or_predictions,experiment_id;dataset;deployment_axis;run_id;sensor_mode;coverage_target;slice_variable;slice_value;confidence_threshold;retained_count;total_count;retained_coverage;abstention_rate;mean_risk;status;reason;source_path,model;task;split;sample_id;independent_unit_id;risk;split_role;model_signature;dataset_signature;protocol_hash;metric_version,missing,unavailable,missing_balance_axis_or_risk,missing_confidence_or_risk,missing_prediction_set_outputs,missing_cluster_or_spatial_block,not_an_audit_source,5bda6974bb099a07027be94e584e770ef5bfe3dd17eb875b1f421a6ea51c6747
outputs\test_unified_missing_1171b7066dc84a6480a28e47d2473448\selective\selective_bwer_summary.csv,selective_or_predictions,experiment_id;run_id;coverage_target;slice_variable;mean_slice_risk;worst_slice_risk;selective_bwer_proxy;status;note,dataset;model;task;split;sample_id;independent_unit_id;risk;split_role;model_signature;dataset_signature;protocol_hash;metric_version,missing,unavailable,missing_balance_axis_or_risk,missing_confidence_or_risk,missing_prediction_set_outputs,missing_cluster_or_spatial_block,not_an_audit_source,5bda6974bb099a07027be94e584e770ef5bfe3dd17eb875b1f421a6ea51c6747
outputs\test_unified_missing_1171b7066dc84a6480a28e47d2473448\selective\selective_risk_caveats.csv,selective_or_predictions,experiment_id;dataset;deployment_axis;task_type;confidence_definition;availability_policy;run_id;status;source_path;reason;caveat,model;task;split;sample_id;independent_unit_id;risk;split_role;model_signature;dataset_signature;protocol_hash;metric_version,missing,unavailable,missing_balance_axis_or_risk,missing_confidence_or_risk,missing_prediction_set_outputs,missing_cluster_or_spatial_block,not_an_audit_source,5bda6974bb099a07027be94e584e770ef5bfe3dd17eb875b1f421a6ea51c6747
outputs\test_unified_missing_1171b7066dc84a6480a28e47d2473448\selective\selective_risk_summary_cross_dataset.csv,selective_or_predictions,experiment_id;dataset;deployment_axis;run_id;sensor_mode;coverage_target;slice_variable;slice_value;confidence_threshold;retained_count;total_count;retained_coverage;abstention_rate;mean_risk;status;reason;source_path,model;task;split;sample_id;independent_unit_id;risk;split_role;model_signature;dataset_signature;protocol_hash;metric_version,missing,unavailable,missing_balance_axis_or_risk,missing_confidence_or_risk,missing_prediction_set_outputs,missing_cluster_or_spatial_block,not_an_audit_source,5bda6974bb099a07027be94e584e770ef5bfe3dd17eb875b1f421a6ea51c6747
outputs\test_unified_missing_23cbfe2b27bd4912a21e9c51005e0cb3\selective\selective_bwer_summary.csv,selective_or_predictions,,dataset;model;task;split;sample_id;independent_unit_id;risk;split_role;model_signature;dataset_signature;protocol_hash;metric_version,missing,unavailable,missing_balance_axis_or_risk,missing_confidence_or_risk,missing_prediction_set_outputs,missing_cluster_or_spatial_block,not_an_audit_source,5bda6974bb099a07027be94e584e770ef5bfe3dd17eb875b1f421a6ea51c6747
outputs\test_unified_missing_23cbfe2b27bd4912a21e9c51005e0cb3\selective\selective_risk_caveats.csv,selective_or_predictions,experiment_id;dataset;deployment_axis;task_type;confidence_definition;availability_policy;run_id;status;source_path;reason;caveat,model;task;split;sample_id;independent_unit_id;risk;split_role;model_signature;dataset_signature;protocol_hash;metric_version,missing,unavailable,missing_balance_axis_or_risk,missing_confidence_or_risk,missing_prediction_set_outputs,missing_cluster_or_spatial_block,not_an_audit_source,5bda6974bb099a07027be94e584e770ef5bfe3dd17eb875b1f421a6ea51c6747
outputs\test_unified_missing_23cbfe2b27bd4912a21e9c51005e0cb3\selective\selective_risk_summary_cross_dataset.csv,selective_or_predictions,,dataset;model;task;split;sample_id;independent_unit_id;risk;split_role;model_signature;dataset_signature;protocol_hash;metric_version,missing,unavailable,missing_balance_axis_or_risk,missing_confidence_or_risk,missing_prediction_set_outputs,missing_cluster_or_spatial_block,not_an_audit_source,5bda6974bb099a07027be94e584e770ef5bfe3dd17eb875b1f421a6ea51c6747
outputs\test_unified_missing_2db6e491cd734f4a81fa4459339b70aa\selective\selective_bwer_summary.csv,selective_or_predictions,experiment_id;run_id;coverage_target;slice_variable;mean_slice_risk;worst_slice_risk;selective_bwer_proxy;status;note,dataset;model;task;split;sample_id;independent_unit_id;risk;split_role;model_signature;dataset_signature;protocol_hash;metric_version,missing,unavailable,missing_balance_axis_or_risk,missing_confidence_or_risk,missing_prediction_set_outputs,missing_cluster_or_spatial_block,not_an_audit_source,5bda6974bb099a07027be94e584e770ef5bfe3dd17eb875b1f421a6ea51c6747
outputs\test_unified_missing_2db6e491cd734f4a81fa4459339b70aa\selective\selective_risk_caveats.csv,selective_or_predictions,experiment_id;dataset;deployment_axis;task_type;confidence_definition;availability_policy;run_id;status;source_path;reason;caveat,model;task;split;sample_id;independent_unit_id;risk;split_role;model_signature;dataset_signature;protocol_hash;metric_version,missing,unavailable,missing_balance_axis_or_risk,missing_confidence_or_risk,missing_prediction_set_outputs,missing_cluster_or_spatial_block,not_an_audit_source,5bda6974bb099a07027be94e584e770ef5bfe3dd17eb875b1f421a6ea51c6747
outputs\test_unified_missing_2db6e491cd734f4a81fa4459339b70aa\selective\selective_risk_summary_cross_dataset.csv,selective_or_predictions,experiment_id;dataset;deployment_axis;run_id;sensor_mode;coverage_target;slice_variable;slice_value;confidence_threshold;retained_count;total_count;retained_coverage;abstention_rate;mean_risk;status;reason;source_path,model;task;split;sample_id;independent_unit_id;risk;split_role;model_signature;dataset_signature;protocol_hash;metric_version,missing,unavailable,missing_balance_axis_or_risk,missing_confidence_or_risk,missing_prediction_set_outputs,missing_cluster_or_spatial_block,not_an_audit_source,5bda6974bb099a07027be94e584e770ef5bfe3dd17eb875b1f421a6ea51c6747
outputs\test_unified_missing_40fc6d40b7664cab8af7ae766f3e2324\selective\selective_bwer_summary.csv,selective_or_predictions,,dataset;model;task;split;sample_id;independent_unit_id;risk;split_role;model_signature;dataset_signature;protocol_hash;metric_version,missing,unavailable,missing_balance_axis_or_risk,missing_confidence_or_risk,missing_prediction_set_outputs,missing_cluster_or_spatial_block,not_an_audit_source,5bda6974bb099a07027be94e584e770ef5bfe3dd17eb875b1f421a6ea51c6747
outputs\test_unified_missing_40fc6d40b7664cab8af7ae766f3e2324\selective\selective_risk_caveats.csv,selective_or_predictions,experiment_id;dataset;deployment_axis;task_type;confidence_definition;availability_policy;run_id;status;source_path;reason;caveat,model;task;split;sample_id;independent_unit_id;risk;split_role;model_signature;dataset_signature;protocol_hash;metric_version,missing,unavailable,missing_balance_axis_or_risk,missing_confidence_or_risk,missing_prediction_set_outputs,missing_cluster_or_spatial_block,not_an_audit_source,5bda6974bb099a07027be94e584e770ef5bfe3dd17eb875b1f421a6ea51c6747
outputs\test_unified_missing_40fc6d40b7664cab8af7ae766f3e2324\selective\selective_risk_summary_cross_dataset.csv,selective_or_predictions,,dataset;model;task;split;sample_id;independent_unit_id;risk;split_role;model_signature;dataset_signature;protocol_hash;metric_version,missing,unavailable,missing_balance_axis_or_risk,missing_confidence_or_risk,missing_prediction_set_outputs,missing_cluster_or_spatial_block,not_an_audit_source,5bda6974bb099a07027be94e584e770ef5bfe3dd17eb875b1f421a6ea51c6747
outputs\test_unified_missing_593026e1c0e141c0ae05bae67e00e444\selective\selective_bwer_summary.csv,selective_or_predictions,experiment_id;run_id;coverage_target;slice_variable;mean_slice_risk;worst_slice_risk;selective_bwer_proxy;status;note,dataset;model;task;split;sample_id;independent_unit_id;risk;split_role;model_signature;dataset_signature;protocol_hash;metric_version,missing,unavailable,missing_balance_axis_or_risk,missing_confidence_or_risk,missing_prediction_set_outputs,missing_cluster_or_spatial_block,not_an_audit_source,5bda6974bb099a07027be94e584e770ef5bfe3dd17eb875b1f421a6ea51c6747
outputs\test_unified_missing_593026e1c0e141c0ae05bae67e00e444\selective\selective_risk_caveats.csv,selective_or_predictions,experiment_id;dataset;deployment_axis;task_type;confidence_definition;availability_policy;run_id;status;source_path;reason;caveat,model;task;split;sample_id;independent_unit_id;risk;split_role;model_signature;dataset_signature;protocol_hash;metric_version,missing,unavailable,missing_balance_axis_or_risk,missing_confidence_or_risk,missing_prediction_set_outputs,missing_cluster_or_spatial_block,not_an_audit_source,5bda6974bb099a07027be94e584e770ef5bfe3dd17eb875b1f421a6ea51c6747
outputs\test_unified_missing_593026e1c0e141c0ae05bae67e00e444\selective\selective_risk_summary_cross_dataset.csv,selective_or_predictions,experiment_id;dataset;deployment_axis;run_id;sensor_mode;coverage_target;slice_variable;slice_value;confidence_threshold;retained_count;total_count;retained_coverage;abstention_rate;mean_risk;status;reason;source_path,model;task;split;sample_id;independent_unit_id;risk;split_role;model_signature;dataset_signature;protocol_hash;metric_version,missing,unavailable,missing_balance_axis_or_risk,missing_confidence_or_risk,missing_prediction_set_outputs,missing_cluster_or_spatial_block,not_an_audit_source,5bda6974bb099a07027be94e584e770ef5bfe3dd17eb875b1f421a6ea51c6747
outputs\test_unified_missing_5b51749b186449e389be36a476b0251e\selective\selective_bwer_summary.csv,selective_or_predictions,experiment_id;run_id;coverage_target;slice_variable;mean_slice_risk;worst_slice_risk;selective_bwer_proxy;status;note,dataset;model;task;split;sample_id;independent_unit_id;risk;split_role;model_signature;dataset_signature;protocol_hash;metric_version,missing,unavailable,missing_balance_axis_or_risk,missing_confidence_or_risk,missing_prediction_set_outputs,missing_cluster_or_spatial_block,not_an_audit_source,5bda6974bb099a07027be94e584e770ef5bfe3dd17eb875b1f421a6ea51c6747
outputs\test_unified_missing_5b51749b186449e389be36a476b0251e\selective\selective_risk_caveats.csv,selective_or_predictions,experiment_id;dataset;deployment_axis;task_type;confidence_definition;availability_policy;run_id;status;source_path;reason;caveat,model;task;split;sample_id;independent_unit_id;risk;split_role;model_signature;dataset_signature;protocol_hash;metric_version,missing,unavailable,missing_balance_axis_or_risk,missing_confidence_or_risk,missing_prediction_set_outputs,missing_cluster_or_spatial_block,not_an_audit_source,5bda6974bb099a07027be94e584e770ef5bfe3dd17eb875b1f421a6ea51c6747
outputs\test_unified_missing_5b51749b186449e389be36a476b0251e\selective\selective_risk_summary_cross_dataset.csv,selective_or_predictions,experiment_id;dataset;deployment_axis;run_id;sensor_mode;coverage_target;slice_variable;slice_value;confidence_threshold;retained_count;total_count;retained_coverage;abstention_rate;mean_risk;status;reason;source_path,model;task;split;sample_id;independent_unit_id;risk;split_role;model_signature;dataset_signature;protocol_hash;metric_version,missing,unavailable,missing_balance_axis_or_risk,missing_confidence_or_risk,missing_prediction_set_outputs,missing_cluster_or_spatial_block,not_an_audit_source,5bda6974bb099a07027be94e584e770ef5bfe3dd17eb875b1f421a6ea51c6747
outputs\test_unified_missing_6c732f69a227441ab5881b43b7ea4fe9\selective\selective_bwer_summary.csv,selective_or_predictions,experiment_id;run_id;coverage_target;slice_variable;mean_slice_risk;worst_slice_risk;selective_bwer_proxy;status;note,dataset;model;task;split;sample_id;independent_unit_id;risk;split_role;model_signature;dataset_signature;protocol_hash;metric_version,missing,unavailable,missing_balance_axis_or_risk,missing_confidence_or_risk,missing_prediction_set_outputs,missing_cluster_or_spatial_block,not_an_audit_source,5bda6974bb099a07027be94e584e770ef5bfe3dd17eb875b1f421a6ea51c6747
outputs\test_unified_missing_6c732f69a227441ab5881b43b7ea4fe9\selective\selective_risk_caveats.csv,selective_or_predictions,experiment_id;dataset;deployment_axis;task_type;confidence_definition;availability_policy;run_id;status;source_path;reason;caveat,model;task;split;sample_id;independent_unit_id;risk;split_role;model_signature;dataset_signature;protocol_hash;metric_version,missing,unavailable,missing_balance_axis_or_risk,missing_confidence_or_risk,missing_prediction_set_outputs,missing_cluster_or_spatial_block,not_an_audit_source,5bda6974bb099a07027be94e584e770ef5bfe3dd17eb875b1f421a6ea51c6747
outputs\test_unified_missing_6c732f69a227441ab5881b43b7ea4fe9\selective\selective_risk_summary_cross_dataset.csv,selective_or_predictions,experiment_id;dataset;deployment_axis;run_id;sensor_mode;coverage_target;slice_variable;slice_value;confidence_threshold;retained_count;total_count;retained_coverage;abstention_rate;mean_risk;status;reason;source_path,model;task;split;sample_id;independent_unit_id;risk;split_role;model_signature;dataset_signature;protocol_hash;metric_version,missing,unavailable,missing_balance_axis_or_risk,missing_confidence_or_risk,missing_prediction_set_outputs,missing_cluster_or_spatial_block,not_an_audit_source,5bda6974bb099a07027be94e584e770ef5bfe3dd17eb875b1f421a6ea51c6747
outputs\test_unified_missing_756f219c44964573945f13a92e1b68a1\selective\selective_bwer_summary.csv,selective_or_predictions,experiment_id;run_id;coverage_target;slice_variable;mean_slice_risk;worst_slice_risk;selective_bwer_proxy;status;note,dataset;model;task;split;sample_id;independent_unit_id;risk;split_role;model_signature;dataset_signature;protocol_hash;metric_version,missing,unavailable,missing_balance_axis_or_risk,missing_confidence_or_risk,missing_prediction_set_outputs,missing_cluster_or_spatial_block,not_an_audit_source,5bda6974bb099a07027be94e584e770ef5bfe3dd17eb875b1f421a6ea51c6747
outputs\test_unified_missing_756f219c44964573945f13a92e1b68a1\selective\selective_risk_caveats.csv,selective_or_predictions,experiment_id;dataset;deployment_axis;task_type;confidence_definition;availability_policy;run_id;status;source_path;reason;caveat,model;task;split;sample_id;independent_unit_id;risk;split_role;model_signature;dataset_signature;protocol_hash;metric_version,missing,unavailable,missing_balance_axis_or_risk,missing_confidence_or_risk,missing_prediction_set_outputs,missing_cluster_or_spatial_block,not_an_audit_source,5bda6974bb099a07027be94e584e770ef5bfe3dd17eb875b1f421a6ea51c6747
outputs\test_unified_missing_756f219c44964573945f13a92e1b68a1\selective\selective_risk_summary_cross_dataset.csv,selective_or_predictions,experiment_id;dataset;deployment_axis;run_id;sensor_mode;coverage_target;slice_variable;slice_value;confidence_threshold;retained_count;total_count;retained_coverage;abstention_rate;mean_risk;status;reason;source_path,model;task;split;sample_id;independent_unit_id;risk;split_role;model_signature;dataset_signature;protocol_hash;metric_version,missing,unavailable,missing_balance_axis_or_risk,missing_confidence_or_risk,missing_prediction_set_outputs,missing_cluster_or_spatial_block,not_an_audit_source,5bda6974bb099a07027be94e584e770ef5bfe3dd17eb875b1f421a6ea51c6747
outputs\test_unified_missing_870dc9238bd142cd8c9e950f1407c548\selective\selective_bwer_summary.csv,selective_or_predictions,experiment_id;run_id;coverage_target;slice_variable;mean_slice_risk;worst_slice_risk;selective_bwer_proxy;status;note,dataset;model;task;split;sample_id;independent_unit_id;risk;split_role;model_signature;dataset_signature;protocol_hash;metric_version,missing,unavailable,missing_balance_axis_or_risk,missing_confidence_or_risk,missing_prediction_set_outputs,missing_cluster_or_spatial_block,not_an_audit_source,5bda6974bb099a07027be94e584e770ef5bfe3dd17eb875b1f421a6ea51c6747
outputs\test_unified_missing_870dc9238bd142cd8c9e950f1407c548\selective\selective_risk_caveats.csv,selective_or_predictions,experiment_id;dataset;deployment_axis;task_type;confidence_definition;availability_policy;run_id;status;source_path;reason;caveat,model;task;split;sample_id;independent_unit_id;risk;split_role;model_signature;dataset_signature;protocol_hash;metric_version,missing,unavailable,missing_balance_axis_or_risk,missing_confidence_or_risk,missing_prediction_set_outputs,missing_cluster_or_spatial_block,not_an_audit_source,5bda6974bb099a07027be94e584e770ef5bfe3dd17eb875b1f421a6ea51c6747
outputs\test_unified_missing_870dc9238bd142cd8c9e950f1407c548\selective\selective_risk_summary_cross_dataset.csv,selective_or_predictions,experiment_id;dataset;deployment_axis;run_id;sensor_mode;coverage_target;slice_variable;slice_value;confidence_threshold;retained_count;total_count;retained_coverage;abstention_rate;mean_risk;status;reason;source_path,model;task;split;sample_id;independent_unit_id;risk;split_role;model_signature;dataset_signature;protocol_hash;metric_version,missing,unavailable,missing_balance_axis_or_risk,missing_confidence_or_risk,missing_prediction_set_outputs,missing_cluster_or_spatial_block,not_an_audit_source,5bda6974bb099a07027be94e584e770ef5bfe3dd17eb875b1f421a6ea51c6747
outputs\test_unified_missing_98df1134640c418e8fb7c6025b8c1a83\selective\selective_bwer_summary.csv,selective_or_predictions,experiment_id;run_id;coverage_target;slice_variable;mean_slice_risk;worst_slice_risk;selective_bwer_proxy;status;note,dataset;model;task;split;sample_id;independent_unit_id;risk;split_role;model_signature;dataset_signature;protocol_hash;metric_version,missing,unavailable,missing_balance_axis_or_risk,missing_confidence_or_risk,missing_prediction_set_outputs,missing_cluster_or_spatial_block,not_an_audit_source,5bda6974bb099a07027be94e584e770ef5bfe3dd17eb875b1f421a6ea51c6747
outputs\test_unified_missing_98df1134640c418e8fb7c6025b8c1a83\selective\selective_risk_caveats.csv,selective_or_predictions,experiment_id;dataset;deployment_axis;task_type;confidence_definition;availability_policy;run_id;status;source_path;reason;caveat,model;task;split;sample_id;independent_unit_id;risk;split_role;model_signature;dataset_signature;protocol_hash;metric_version,missing,unavailable,missing_balance_axis_or_risk,missing_confidence_or_risk,missing_prediction_set_outputs,missing_cluster_or_spatial_block,not_an_audit_source,5bda6974bb099a07027be94e584e770ef5bfe3dd17eb875b1f421a6ea51c6747
outputs\test_unified_missing_98df1134640c418e8fb7c6025b8c1a83\selective\selective_risk_summary_cross_dataset.csv,selective_or_predictions,experiment_id;dataset;deployment_axis;run_id;sensor_mode;coverage_target;slice_variable;slice_value;confidence_threshold;retained_count;total_count;retained_coverage;abstention_rate;mean_risk;status;reason;source_path,model;task;split;sample_id;independent_unit_id;risk;split_role;model_signature;dataset_signature;protocol_hash;metric_version,missing,unavailable,missing_balance_axis_or_risk,missing_confidence_or_risk,missing_prediction_set_outputs,missing_cluster_or_spatial_block,not_an_audit_source,5bda6974bb099a07027be94e584e770ef5bfe3dd17eb875b1f421a6ea51c6747
outputs\test_unified_missing_c86ddb39dcd746cda328375b8c4a8d87\selective\selective_bwer_summary.csv,selective_or_predictions,experiment_id;run_id;coverage_target;slice_variable;mean_slice_risk;worst_slice_risk;selective_bwer_proxy;status;note,dataset;model;task;split;sample_id;independent_unit_id;risk;split_role;model_signature;dataset_signature;protocol_hash;metric_version,missing,unavailable,missing_balance_axis_or_risk,missing_confidence_or_risk,missing_prediction_set_outputs,missing_cluster_or_spatial_block,not_an_audit_source,5bda6974bb099a07027be94e584e770ef5bfe3dd17eb875b1f421a6ea51c6747
outputs\test_unified_missing_c86ddb39dcd746cda328375b8c4a8d87\selective\selective_risk_caveats.csv,selective_or_predictions,experiment_id;dataset;deployment_axis;task_type;confidence_definition;availability_policy;run_id;status;source_path;reason;caveat,model;task;split;sample_id;independent_unit_id;risk;split_role;model_signature;dataset_signature;protocol_hash;metric_version,missing,unavailable,missing_balance_axis_or_risk,missing_confidence_or_risk,missing_prediction_set_outputs,missing_cluster_or_spatial_block,not_an_audit_source,5bda6974bb099a07027be94e584e770ef5bfe3dd17eb875b1f421a6ea51c6747
outputs\test_unified_missing_c86ddb39dcd746cda328375b8c4a8d87\selective\selective_risk_summary_cross_dataset.csv,selective_or_predictions,experiment_id;dataset;deployment_axis;run_id;sensor_mode;coverage_target;slice_variable;slice_value;confidence_threshold;retained_count;total_count;retained_coverage;abstention_rate;mean_risk;status;reason;source_path,model;task;split;sample_id;independent_unit_id;risk;split_role;model_signature;dataset_signature;protocol_hash;metric_version,missing,unavailable,missing_balance_axis_or_risk,missing_confidence_or_risk,missing_prediction_set_outputs,missing_cluster_or_spatial_block,not_an_audit_source,5bda6974bb099a07027be94e584e770ef5bfe3dd17eb875b1f421a6ea51c6747
outputs\test_unified_missing_d1f2a2bfe33a4154b37a60191e027b22\selective\selective_bwer_summary.csv,selective_or_predictions,experiment_id;run_id;coverage_target;slice_variable;mean_slice_risk;worst_slice_risk;selective_bwer_proxy;status;note,dataset;model;task;split;sample_id;independent_unit_id;risk;split_role;model_signature;dataset_signature;protocol_hash;metric_version,missing,unavailable,missing_balance_axis_or_risk,missing_confidence_or_risk,missing_prediction_set_outputs,missing_cluster_or_spatial_block,not_an_audit_source,5bda6974bb099a07027be94e584e770ef5bfe3dd17eb875b1f421a6ea51c6747
outputs\test_unified_missing_d1f2a2bfe33a4154b37a60191e027b22\selective\selective_risk_caveats.csv,selective_or_predictions,experiment_id;dataset;deployment_axis;task_type;confidence_definition;availability_policy;run_id;status;source_path;reason;caveat,model;task;split;sample_id;independent_unit_id;risk;split_role;model_signature;dataset_signature;protocol_hash;metric_version,missing,unavailable,missing_balance_axis_or_risk,missing_confidence_or_risk,missing_prediction_set_outputs,missing_cluster_or_spatial_block,not_an_audit_source,5bda6974bb099a07027be94e584e770ef5bfe3dd17eb875b1f421a6ea51c6747
outputs\test_unified_missing_d1f2a2bfe33a4154b37a60191e027b22\selective\selective_risk_summary_cross_dataset.csv,selective_or_predictions,experiment_id;dataset;deployment_axis;run_id;sensor_mode;coverage_target;slice_variable;slice_value;confidence_threshold;retained_count;total_count;retained_coverage;abstention_rate;mean_risk;status;reason;source_path,model;task;split;sample_id;independent_unit_id;risk;split_role;model_signature;dataset_signature;protocol_hash;metric_version,missing,unavailable,missing_balance_axis_or_risk,missing_confidence_or_risk,missing_prediction_set_outputs,missing_cluster_or_spatial_block,not_an_audit_source,5bda6974bb099a07027be94e584e770ef5bfe3dd17eb875b1f421a6ea51c6747
outputs\test_unified_missing_d36cbe258c5c4af8b463f3128c3e51f7\selective\selective_bwer_summary.csv,selective_or_predictions,experiment_id;run_id;coverage_target;slice_variable;mean_slice_risk;worst_slice_risk;selective_bwer_proxy;status;note,dataset;model;task;split;sample_id;independent_unit_id;risk;split_role;model_signature;dataset_signature;protocol_hash;metric_version,missing,unavailable,missing_balance_axis_or_risk,missing_confidence_or_risk,missing_prediction_set_outputs,missing_cluster_or_spatial_block,not_an_audit_source,5bda6974bb099a07027be94e584e770ef5bfe3dd17eb875b1f421a6ea51c6747
outputs\test_unified_missing_d36cbe258c5c4af8b463f3128c3e51f7\selective\selective_risk_caveats.csv,selective_or_predictions,experiment_id;dataset;deployment_axis;task_type;confidence_definition;availability_policy;run_id;status;source_path;reason;caveat,model;task;split;sample_id;independent_unit_id;risk;split_role;model_signature;dataset_signature;protocol_hash;metric_version,missing,unavailable,missing_balance_axis_or_risk,missing_confidence_or_risk,missing_prediction_set_outputs,missing_cluster_or_spatial_block,not_an_audit_source,5bda6974bb099a07027be94e584e770ef5bfe3dd17eb875b1f421a6ea51c6747
outputs\test_unified_missing_d36cbe258c5c4af8b463f3128c3e51f7\selective\selective_risk_summary_cross_dataset.csv,selective_or_predictions,experiment_id;dataset;deployment_axis;run_id;sensor_mode;coverage_target;slice_variable;slice_value;confidence_threshold;retained_count;total_count;retained_coverage;abstention_rate;mean_risk;status;reason;source_path,model;task;split;sample_id;independent_unit_id;risk;split_role;model_signature;dataset_signature;protocol_hash;metric_version,missing,unavailable,missing_balance_axis_or_risk,missing_confidence_or_risk,missing_prediction_set_outputs,missing_cluster_or_spatial_block,not_an_audit_source,5bda6974bb099a07027be94e584e770ef5bfe3dd17eb875b1f421a6ea51c6747
outputs\test_unified_missing_ef1f4e4033654acd881c7e1e5b180456\selective\selective_bwer_summary.csv,selective_or_predictions,experiment_id;run_id;coverage_target;slice_variable;mean_slice_risk;worst_slice_risk;selective_bwer_proxy;status;note,dataset;model;task;split;sample_id;independent_unit_id;risk;split_role;model_signature;dataset_signature;protocol_hash;metric_version,missing,unavailable,missing_balance_axis_or_risk,missing_confidence_or_risk,missing_prediction_set_outputs,missing_cluster_or_spatial_block,not_an_audit_source,5bda6974bb099a07027be94e584e770ef5bfe3dd17eb875b1f421a6ea51c6747
outputs\test_unified_missing_ef1f4e4033654acd881c7e1e5b180456\selective\selective_risk_caveats.csv,selective_or_predictions,experiment_id;dataset;deployment_axis;task_type;confidence_definition;availability_policy;run_id;status;source_path;reason;caveat,model;task;split;sample_id;independent_unit_id;risk;split_role;model_signature;dataset_signature;protocol_hash;metric_version,missing,unavailable,missing_balance_axis_or_risk,missing_confidence_or_risk,missing_prediction_set_outputs,missing_cluster_or_spatial_block,not_an_audit_source,5bda6974bb099a07027be94e584e770ef5bfe3dd17eb875b1f421a6ea51c6747
outputs\test_unified_missing_ef1f4e4033654acd881c7e1e5b180456\selective\selective_risk_summary_cross_dataset.csv,selective_or_predictions,experiment_id;dataset;deployment_axis;run_id;sensor_mode;coverage_target;slice_variable;slice_value;confidence_threshold;retained_count;total_count;retained_coverage;abstention_rate;mean_risk;status;reason;source_path,model;task;split;sample_id;independent_unit_id;risk;split_role;model_signature;dataset_signature;protocol_hash;metric_version,missing,unavailable,missing_balance_axis_or_risk,missing_confidence_or_risk,missing_prediction_set_outputs,missing_cluster_or_spatial_block,not_an_audit_source,5bda6974bb099a07027be94e584e770ef5bfe3dd17eb875b1f421a6ea51c6747
outputs\test_unified_missing_f52206fb6b2c4162a4cd8695a6fbe4d5\selective\selective_bwer_summary.csv,selective_or_predictions,experiment_id;run_id;coverage_target;slice_variable;mean_slice_risk;worst_slice_risk;selective_bwer_proxy;status;note,dataset;model;task;split;sample_id;independent_unit_id;risk;split_role;model_signature;dataset_signature;protocol_hash;metric_version,missing,unavailable,missing_balance_axis_or_risk,missing_confidence_or_risk,missing_prediction_set_outputs,missing_cluster_or_spatial_block,not_an_audit_source,5bda6974bb099a07027be94e584e770ef5bfe3dd17eb875b1f421a6ea51c6747
outputs\test_unified_missing_f52206fb6b2c4162a4cd8695a6fbe4d5\selective\selective_risk_caveats.csv,selective_or_predictions,experiment_id;dataset;deployment_axis;task_type;confidence_definition;availability_policy;run_id;status;source_path;reason;caveat,model;task;split;sample_id;independent_unit_id;risk;split_role;model_signature;dataset_signature;protocol_hash;metric_version,missing,unavailable,missing_balance_axis_or_risk,missing_confidence_or_risk,missing_prediction_set_outputs,missing_cluster_or_spatial_block,not_an_audit_source,5bda6974bb099a07027be94e584e770ef5bfe3dd17eb875b1f421a6ea51c6747
outputs\test_unified_missing_f52206fb6b2c4162a4cd8695a6fbe4d5\selective\selective_risk_summary_cross_dataset.csv,selective_or_predictions,experiment_id;dataset;deployment_axis;run_id;sensor_mode;coverage_target;slice_variable;slice_value;confidence_threshold;retained_count;total_count;retained_coverage;abstention_rate;mean_risk;status;reason;source_path,model;task;split;sample_id;independent_unit_id;risk;split_role;model_signature;dataset_signature;protocol_hash;metric_version,missing,unavailable,missing_balance_axis_or_risk,missing_confidence_or_risk,missing_prediction_set_outputs,missing_cluster_or_spatial_block,not_an_audit_source,5bda6974bb099a07027be94e584e770ef5bfe3dd17eb875b1f421a6ea51c6747
outputs\test_unified_missing_fd3883da2cef4c3e8440b8cd212192d4\selective\selective_bwer_summary.csv,selective_or_predictions,experiment_id;run_id;coverage_target;slice_variable;mean_slice_risk;worst_slice_risk;selective_bwer_proxy;status;note,dataset;model;task;split;sample_id;independent_unit_id;risk;split_role;model_signature;dataset_signature;protocol_hash;metric_version,missing,unavailable,missing_balance_axis_or_risk,missing_confidence_or_risk,missing_prediction_set_outputs,missing_cluster_or_spatial_block,not_an_audit_source,5bda6974bb099a07027be94e584e770ef5bfe3dd17eb875b1f421a6ea51c6747
outputs\test_unified_missing_fd3883da2cef4c3e8440b8cd212192d4\selective\selective_risk_caveats.csv,selective_or_predictions,experiment_id;dataset;deployment_axis;task_type;confidence_definition;availability_policy;run_id;status;source_path;reason;caveat,model;task;split;sample_id;independent_unit_id;risk;split_role;model_signature;dataset_signature;protocol_hash;metric_version,missing,unavailable,missing_balance_axis_or_risk,missing_confidence_or_risk,missing_prediction_set_outputs,missing_cluster_or_spatial_block,not_an_audit_source,5bda6974bb099a07027be94e584e770ef5bfe3dd17eb875b1f421a6ea51c6747
outputs\test_unified_missing_fd3883da2cef4c3e8440b8cd212192d4\selective\selective_risk_summary_cross_dataset.csv,selective_or_predictions,experiment_id;dataset;deployment_axis;run_id;sensor_mode;coverage_target;slice_variable;slice_value;confidence_threshold;retained_count;total_count;retained_coverage;abstention_rate;mean_risk;status;reason;source_path,model;task;split;sample_id;independent_unit_id;risk;split_role;model_signature;dataset_signature;protocol_hash;metric_version,missing,unavailable,missing_balance_axis_or_risk,missing_confidence_or_risk,missing_prediction_set_outputs,missing_cluster_or_spatial_block,not_an_audit_source,5bda6974bb099a07027be94e584e770ef5bfe3dd17eb875b1f421a6ea51c6747
outputs\test_unified_paper_package_fig_v3_1c6ad16004f746938370ea016287ceb6\fmow_selective_social_spatial_summary_v3.csv,selective_or_predictions,summary_item;value;interpretation,dataset;model;task;split;sample_id;independent_unit_id;risk;split_role;model_signature;dataset_signature;protocol_hash;metric_version,missing,unavailable,missing_balance_axis_or_risk,missing_confidence_or_risk,missing_prediction_set_outputs,missing_cluster_or_spatial_block,not_an_audit_source,5bda6974bb099a07027be94e584e770ef5bfe3dd17eb875b1f421a6ea51c6747
outputs\test_unified_paper_package_fig_v3_26c08d0e90db4296a386b115d0e62600\fmow_selective_social_spatial_summary_v3.csv,selective_or_predictions,summary_item;value;interpretation,dataset;model;task;split;sample_id;independent_unit_id;risk;split_role;model_signature;dataset_signature;protocol_hash;metric_version,missing,unavailable,missing_balance_axis_or_risk,missing_confidence_or_risk,missing_prediction_set_outputs,missing_cluster_or_spatial_block,not_an_audit_source,5bda6974bb099a07027be94e584e770ef5bfe3dd17eb875b1f421a6ea51c6747
outputs\test_unified_paper_package_fig_v3_e6f38aa0415d485cb3868f69229a4baa\fmow_selective_social_spatial_summary_v3.csv,selective_or_predictions,summary_item;value;interpretation,dataset;model;task;split;sample_id;independent_unit_id;risk;split_role;model_signature;dataset_signature;protocol_hash;metric_version,missing,unavailable,missing_balance_axis_or_risk,missing_confidence_or_risk,missing_prediction_set_outputs,missing_cluster_or_spatial_block,not_an_audit_source,5bda6974bb099a07027be94e584e770ef5bfe3dd17eb875b1f421a6ea51c6747
outputs\test_unified_paper_package_v3_0926a1f3be2c48fbb689d6328ba8ef78\fmow_selective_social_spatial_summary_v3.csv,selective_or_predictions,summary_item;value;interpretation,dataset;model;task;split;sample_id;independent_unit_id;risk;split_role;model_signature;dataset_signature;protocol_hash;metric_version,missing,unavailable,missing_balance_axis_or_risk,missing_confidence_or_risk,missing_prediction_set_outputs,missing_cluster_or_spatial_block,not_an_audit_source,5bda6974bb099a07027be94e584e770ef5bfe3dd17eb875b1f421a6ea51c6747
outputs\test_unified_paper_package_v3_81919deaa2434c47b5285159c9d1d0ba\fmow_selective_social_spatial_summary_v3.csv,selective_or_predictions,summary_item;value;interpretation,dataset;model;task;split;sample_id;independent_unit_id;risk;split_role;model_signature;dataset_signature;protocol_hash;metric_version,missing,unavailable,missing_balance_axis_or_risk,missing_confidence_or_risk,missing_prediction_set_outputs,missing_cluster_or_spatial_block,not_an_audit_source,5bda6974bb099a07027be94e584e770ef5bfe3dd17eb875b1f421a6ea51c6747
outputs\test_unified_paper_package_v3_fef8d062317e45d7a3717bee1fbd7a30\fmow_selective_social_spatial_summary_v3.csv,selective_or_predictions,summary_item;value;interpretation,dataset;model;task;split;sample_id;independent_unit_id;risk;split_role;model_signature;dataset_signature;protocol_hash;metric_version,missing,unavailable,missing_balance_axis_or_risk,missing_confidence_or_risk,missing_prediction_set_outputs,missing_cluster_or_spatial_block,not_an_audit_source,5bda6974bb099a07027be94e584e770ef5bfe3dd17eb875b1f421a6ea51c6747
outputs\test_unified_reben_selective_2105c71f7e5543e9bcedf31b4084ba25\reben_croma_sensor_mode_audit_croma_s1_full\content\outputs\reben_croma_sensor_mode_audit_croma_s1_full\selective_risk_summary.csv,selective_or_predictions,coverage_target;slice_variable;slice_value;confidence_threshold;retained_count;total_count;retained_coverage;abstention_rate;mean_risk,dataset;model;task;split;sample_id;independent_unit_id;risk;split_role;model_signature;dataset_signature;protocol_hash;metric_version,missing,unavailable,missing_balance_axis_or_risk,missing_confidence_or_risk,missing_prediction_set_outputs,missing_cluster_or_spatial_block,not_an_audit_source,5bda6974bb099a07027be94e584e770ef5bfe3dd17eb875b1f421a6ea51c6747
outputs\test_unified_reben_selective_2105c71f7e5543e9bcedf31b4084ba25\selective\selective_bwer_summary.csv,selective_or_predictions,experiment_id;run_id;coverage_target;slice_variable;mean_slice_risk;worst_slice_risk;selective_bwer_proxy;note,dataset;model;task;split;sample_id;independent_unit_id;risk;split_role;model_signature;dataset_signature;protocol_hash;metric_version,missing,unavailable,missing_balance_axis_or_risk,missing_confidence_or_risk,missing_prediction_set_outputs,missing_cluster_or_spatial_block,not_an_audit_source,5bda6974bb099a07027be94e584e770ef5bfe3dd17eb875b1f421a6ea51c6747
outputs\test_unified_reben_selective_2105c71f7e5543e9bcedf31b4084ba25\selective\selective_risk_caveats.csv,selective_or_predictions,experiment_id;dataset;deployment_axis;task_type;confidence_definition;availability_policy;run_id;status;source_path;reason;caveat,model;task;split;sample_id;independent_unit_id;risk;split_role;model_signature;dataset_signature;protocol_hash;metric_version,missing,unavailable,missing_balance_axis_or_risk,missing_confidence_or_risk,missing_prediction_set_outputs,missing_cluster_or_spatial_block,not_an_audit_source,5bda6974bb099a07027be94e584e770ef5bfe3dd17eb875b1f421a6ea51c6747
outputs\test_unified_reben_selective_2105c71f7e5543e9bcedf31b4084ba25\selective\selective_risk_summary_cross_dataset.csv,selective_or_predictions,experiment_id;dataset;deployment_axis;coverage_target;slice_variable;slice_value;confidence_threshold;retained_count;total_count;retained_coverage;abstention_rate;mean_risk;run_id;sensor_mode;status;source_path;reason,model;task;split;sample_id;independent_unit_id;risk;split_role;model_signature;dataset_signature;protocol_hash;metric_version,missing,unavailable,missing_balance_axis_or_risk,missing_confidence_or_risk,missing_prediction_set_outputs,missing_cluster_or_spatial_block,not_an_audit_source,5bda6974bb099a07027be94e584e770ef5bfe3dd17eb875b1f421a6ea51c6747
outputs\test_unified_reben_selective_2fec5a061b834193b2685cf1e17e05de\reben_croma_sensor_mode_audit_croma_s1_full\content\outputs\reben_croma_sensor_mode_audit_croma_s1_full\selective_risk_summary.csv,selective_or_predictions,coverage_target;slice_variable;slice_value;confidence_threshold;retained_count;total_count;retained_coverage;abstention_rate;mean_risk,dataset;model;task;split;sample_id;independent_unit_id;risk;split_role;model_signature;dataset_signature;protocol_hash;metric_version,missing,unavailable,missing_balance_axis_or_risk,missing_confidence_or_risk,missing_prediction_set_outputs,missing_cluster_or_spatial_block,not_an_audit_source,5bda6974bb099a07027be94e584e770ef5bfe3dd17eb875b1f421a6ea51c6747
outputs\test_unified_reben_selective_2fec5a061b834193b2685cf1e17e05de\selective\selective_bwer_summary.csv,selective_or_predictions,experiment_id;run_id;coverage_target;slice_variable;mean_slice_risk;worst_slice_risk;selective_bwer_proxy;note,dataset;model;task;split;sample_id;independent_unit_id;risk;split_role;model_signature;dataset_signature;protocol_hash;metric_version,missing,unavailable,missing_balance_axis_or_risk,missing_confidence_or_risk,missing_prediction_set_outputs,missing_cluster_or_spatial_block,not_an_audit_source,5bda6974bb099a07027be94e584e770ef5bfe3dd17eb875b1f421a6ea51c6747
outputs\test_unified_reben_selective_2fec5a061b834193b2685cf1e17e05de\selective\selective_risk_caveats.csv,selective_or_predictions,experiment_id;dataset;deployment_axis;task_type;confidence_definition;availability_policy;run_id;status;source_path;reason;caveat,model;task;split;sample_id;independent_unit_id;risk;split_role;model_signature;dataset_signature;protocol_hash;metric_version,missing,unavailable,missing_balance_axis_or_risk,missing_confidence_or_risk,missing_prediction_set_outputs,missing_cluster_or_spatial_block,not_an_audit_source,5bda6974bb099a07027be94e584e770ef5bfe3dd17eb875b1f421a6ea51c6747
outputs\test_unified_reben_selective_2fec5a061b834193b2685cf1e17e05de\selective\selective_risk_summary_cross_dataset.csv,selective_or_predictions,experiment_id;dataset;deployment_axis;coverage_target;slice_variable;slice_value;confidence_threshold;retained_count;total_count;retained_coverage;abstention_rate;mean_risk;run_id;sensor_mode;status;source_path;reason,model;task;split;sample_id;independent_unit_id;risk;split_role;model_signature;dataset_signature;protocol_hash;metric_version,missing,unavailable,missing_balance_axis_or_risk,missing_confidence_or_risk,missing_prediction_set_outputs,missing_cluster_or_spatial_block,not_an_audit_source,5bda6974bb099a07027be94e584e770ef5bfe3dd17eb875b1f421a6ea51c6747
outputs\test_unified_reben_selective_389afd20245e45a98016fd2a94f4b452\reben_croma_sensor_mode_audit_croma_s1_full\content\outputs\reben_croma_sensor_mode_audit_croma_s1_full\selective_risk_summary.csv,selective_or_predictions,coverage_target;slice_variable;slice_value;confidence_threshold;retained_count;total_count;retained_coverage;abstention_rate;mean_risk,dataset;model;task;split;sample_id;independent_unit_id;risk;split_role;model_signature;dataset_signature;protocol_hash;metric_version,missing,unavailable,missing_balance_axis_or_risk,missing_confidence_or_risk,missing_prediction_set_outputs,missing_cluster_or_spatial_block,not_an_audit_source,5bda6974bb099a07027be94e584e770ef5bfe3dd17eb875b1f421a6ea51c6747
outputs\test_unified_reben_selective_389afd20245e45a98016fd2a94f4b452\selective\selective_bwer_summary.csv,selective_or_predictions,experiment_id;run_id;coverage_target;slice_variable;mean_slice_risk;worst_slice_risk;selective_bwer_proxy;note,dataset;model;task;split;sample_id;independent_unit_id;risk;split_role;model_signature;dataset_signature;protocol_hash;metric_version,missing,unavailable,missing_balance_axis_or_risk,missing_confidence_or_risk,missing_prediction_set_outputs,missing_cluster_or_spatial_block,not_an_audit_source,5bda6974bb099a07027be94e584e770ef5bfe3dd17eb875b1f421a6ea51c6747
outputs\test_unified_reben_selective_389afd20245e45a98016fd2a94f4b452\selective\selective_risk_caveats.csv,selective_or_predictions,experiment_id;dataset;deployment_axis;task_type;confidence_definition;availability_policy;run_id;status;source_path;reason;caveat,model;task;split;sample_id;independent_unit_id;risk;split_role;model_signature;dataset_signature;protocol_hash;metric_version,missing,unavailable,missing_balance_axis_or_risk,missing_confidence_or_risk,missing_prediction_set_outputs,missing_cluster_or_spatial_block,not_an_audit_source,5bda6974bb099a07027be94e584e770ef5bfe3dd17eb875b1f421a6ea51c6747
outputs\test_unified_reben_selective_389afd20245e45a98016fd2a94f4b452\selective\selective_risk_summary_cross_dataset.csv,selective_or_predictions,experiment_id;dataset;deployment_axis;coverage_target;slice_variable;slice_value;confidence_threshold;retained_count;total_count;retained_coverage;abstention_rate;mean_risk;run_id;sensor_mode;status;source_path;reason,model;task;split;sample_id;independent_unit_id;risk;split_role;model_signature;dataset_signature;protocol_hash;metric_version,missing,unavailable,missing_balance_axis_or_risk,missing_confidence_or_risk,missing_prediction_set_outputs,missing_cluster_or_spatial_block,not_an_audit_source,5bda6974bb099a07027be94e584e770ef5bfe3dd17eb875b1f421a6ea51c6747
outputs\test_unified_reben_selective_3981407c817942b6986148b3184f0f62\reben_croma_sensor_mode_audit_croma_s1_full\content\outputs\reben_croma_sensor_mode_audit_croma_s1_full\selective_risk_summary.csv,selective_or_predictions,coverage_target;slice_variable;slice_value;confidence_threshold;retained_count;total_count;retained_coverage;abstention_rate;mean_risk,dataset;model;task;split;sample_id;independent_unit_id;risk;split_role;model_signature;dataset_signature;protocol_hash;metric_version,missing,unavailable,missing_balance_axis_or_risk,missing_confidence_or_risk,missing_prediction_set_outputs,missing_cluster_or_spatial_block,not_an_audit_source,5bda6974bb099a07027be94e584e770ef5bfe3dd17eb875b1f421a6ea51c6747
outputs\test_unified_reben_selective_3981407c817942b6986148b3184f0f62\selective\selective_bwer_summary.csv,selective_or_predictions,experiment_id;run_id;coverage_target;slice_variable;mean_slice_risk;worst_slice_risk;selective_bwer_proxy;note,dataset;model;task;split;sample_id;independent_unit_id;risk;split_role;model_signature;dataset_signature;protocol_hash;metric_version,missing,unavailable,missing_balance_axis_or_risk,missing_confidence_or_risk,missing_prediction_set_outputs,missing_cluster_or_spatial_block,not_an_audit_source,5bda6974bb099a07027be94e584e770ef5bfe3dd17eb875b1f421a6ea51c6747
outputs\test_unified_reben_selective_3981407c817942b6986148b3184f0f62\selective\selective_risk_caveats.csv,selective_or_predictions,experiment_id;dataset;deployment_axis;task_type;confidence_definition;availability_policy;run_id;status;source_path;reason;caveat,model;task;split;sample_id;independent_unit_id;risk;split_role;model_signature;dataset_signature;protocol_hash;metric_version,missing,unavailable,missing_balance_axis_or_risk,missing_confidence_or_risk,missing_prediction_set_outputs,missing_cluster_or_spatial_block,not_an_audit_source,5bda6974bb099a07027be94e584e770ef5bfe3dd17eb875b1f421a6ea51c6747
outputs\test_unified_reben_selective_3981407c817942b6986148b3184f0f62\selective\selective_risk_summary_cross_dataset.csv,selective_or_predictions,experiment_id;dataset;deployment_axis;coverage_target;slice_variable;slice_value;confidence_threshold;retained_count;total_count;retained_coverage;abstention_rate;mean_risk;run_id;sensor_mode;status;source_path;reason,model;task;split;sample_id;independent_unit_id;risk;split_role;model_signature;dataset_signature;protocol_hash;metric_version,missing,unavailable,missing_balance_axis_or_risk,missing_confidence_or_risk,missing_prediction_set_outputs,missing_cluster_or_spatial_block,not_an_audit_source,5bda6974bb099a07027be94e584e770ef5bfe3dd17eb875b1f421a6ea51c6747
outputs\test_unified_reben_selective_415d10c34edc48e5a0166e562515e2dc\s1\selective_risk_summary.csv,selective_or_predictions,coverage_target;slice_variable;slice_value;confidence_threshold;retained_count;total_count;retained_coverage;abstention_rate;mean_risk,dataset;model;task;split;sample_id;independent_unit_id;risk;split_role;model_signature;dataset_signature;protocol_hash;metric_version,missing,unavailable,missing_balance_axis_or_risk,missing_confidence_or_risk,missing_prediction_set_outputs,missing_cluster_or_spatial_block,not_an_audit_source,5bda6974bb099a07027be94e584e770ef5bfe3dd17eb875b1f421a6ea51c6747
outputs\test_unified_reben_selective_415d10c34edc48e5a0166e562515e2dc\selective\selective_bwer_summary.csv,selective_or_predictions,experiment_id;run_id;coverage_target;slice_variable;mean_slice_risk;worst_slice_risk;selective_bwer_proxy;note,dataset;model;task;split;sample_id;independent_unit_id;risk;split_role;model_signature;dataset_signature;protocol_hash;metric_version,missing,unavailable,missing_balance_axis_or_risk,missing_confidence_or_risk,missing_prediction_set_outputs,missing_cluster_or_spatial_block,not_an_audit_source,5bda6974bb099a07027be94e584e770ef5bfe3dd17eb875b1f421a6ea51c6747
outputs\test_unified_reben_selective_415d10c34edc48e5a0166e562515e2dc\selective\selective_risk_caveats.csv,selective_or_predictions,experiment_id;dataset;deployment_axis;task_type;confidence_definition;availability_policy;run_id;status;source_path;reason;caveat,model;task;split;sample_id;independent_unit_id;risk;split_role;model_signature;dataset_signature;protocol_hash;metric_version,missing,unavailable,missing_balance_axis_or_risk,missing_confidence_or_risk,missing_prediction_set_outputs,missing_cluster_or_spatial_block,not_an_audit_source,5bda6974bb099a07027be94e584e770ef5bfe3dd17eb875b1f421a6ea51c6747
outputs\test_unified_reben_selective_415d10c34edc48e5a0166e562515e2dc\selective\selective_risk_summary_cross_dataset.csv,selective_or_predictions,experiment_id;dataset;deployment_axis;coverage_target;slice_variable;slice_value;confidence_threshold;retained_count;total_count;retained_coverage;abstention_rate;mean_risk;run_id;sensor_mode;status;source_path;reason,model;task;split;sample_id;independent_unit_id;risk;split_role;model_signature;dataset_signature;protocol_hash;metric_version,missing,unavailable,missing_balance_axis_or_risk,missing_confidence_or_risk,missing_prediction_set_outputs,missing_cluster_or_spatial_block,not_an_audit_source,5bda6974bb099a07027be94e584e770ef5bfe3dd17eb875b1f421a6ea51c6747
outputs\test_unified_reben_selective_50ab9af6e05449b8b6d34b42c71ef41d\reben_croma_sensor_mode_audit_croma_s1_full\content\outputs\reben_croma_sensor_mode_audit_croma_s1_full\selective_risk_summary.csv,selective_or_predictions,coverage_target;slice_variable;slice_value;confidence_threshold;retained_count;total_count;retained_coverage;abstention_rate;mean_risk,dataset;model;task;split;sample_id;independent_unit_id;risk;split_role;model_signature;dataset_signature;protocol_hash;metric_version,missing,unavailable,missing_balance_axis_or_risk,missing_confidence_or_risk,missing_prediction_set_outputs,missing_cluster_or_spatial_block,not_an_audit_source,5bda6974bb099a07027be94e584e770ef5bfe3dd17eb875b1f421a6ea51c6747
outputs\test_unified_reben_selective_50ab9af6e05449b8b6d34b42c71ef41d\selective\selective_bwer_summary.csv,selective_or_predictions,experiment_id;run_id;coverage_target;slice_variable;mean_slice_risk;worst_slice_risk;selective_bwer_proxy;note,dataset;model;task;split;sample_id;independent_unit_id;risk;split_role;model_signature;dataset_signature;protocol_hash;metric_version,missing,unavailable,missing_balance_axis_or_risk,missing_confidence_or_risk,missing_prediction_set_outputs,missing_cluster_or_spatial_block,not_an_audit_source,5bda6974bb099a07027be94e584e770ef5bfe3dd17eb875b1f421a6ea51c6747
outputs\test_unified_reben_selective_50ab9af6e05449b8b6d34b42c71ef41d\selective\selective_risk_caveats.csv,selective_or_predictions,experiment_id;dataset;deployment_axis;task_type;confidence_definition;availability_policy;run_id;status;source_path;reason;caveat,model;task;split;sample_id;independent_unit_id;risk;split_role;model_signature;dataset_signature;protocol_hash;metric_version,missing,unavailable,missing_balance_axis_or_risk,missing_confidence_or_risk,missing_prediction_set_outputs,missing_cluster_or_spatial_block,not_an_audit_source,5bda6974bb099a07027be94e584e770ef5bfe3dd17eb875b1f421a6ea51c6747
outputs\test_unified_reben_selective_50ab9af6e05449b8b6d34b42c71ef41d\selective\selective_risk_summary_cross_dataset.csv,selective_or_predictions,experiment_id;dataset;deployment_axis;coverage_target;slice_variable;slice_value;confidence_threshold;retained_count;total_count;retained_coverage;abstention_rate;mean_risk;run_id;sensor_mode;status;source_path;reason,model;task;split;sample_id;independent_unit_id;risk;split_role;model_signature;dataset_signature;protocol_hash;metric_version,missing,unavailable,missing_balance_axis_or_risk,missing_confidence_or_risk,missing_prediction_set_outputs,missing_cluster_or_spatial_block,not_an_audit_source,5bda6974bb099a07027be94e584e770ef5bfe3dd17eb875b1f421a6ea51c6747
outputs\test_unified_reben_selective_531ab6c8808f4574bc1d0507dd6a1851\reben_croma_sensor_mode_audit_croma_s1_full\content\outputs\reben_croma_sensor_mode_audit_croma_s1_full\selective_risk_summary.csv,selective_or_predictions,coverage_target;slice_variable;slice_value;confidence_threshold;retained_count;total_count;retained_coverage;abstention_rate;mean_risk,dataset;model;task;split;sample_id;independent_unit_id;risk;split_role;model_signature;dataset_signature;protocol_hash;metric_version,missing,unavailable,missing_balance_axis_or_risk,missing_confidence_or_risk,missing_prediction_set_outputs,missing_cluster_or_spatial_block,not_an_audit_source,5bda6974bb099a07027be94e584e770ef5bfe3dd17eb875b1f421a6ea51c6747
outputs\test_unified_reben_selective_531ab6c8808f4574bc1d0507dd6a1851\selective\selective_bwer_summary.csv,selective_or_predictions,experiment_id;run_id;coverage_target;slice_variable;mean_slice_risk;worst_slice_risk;selective_bwer_proxy;note,dataset;model;task;split;sample_id;independent_unit_id;risk;split_role;model_signature;dataset_signature;protocol_hash;metric_version,missing,unavailable,missing_balance_axis_or_risk,missing_confidence_or_risk,missing_prediction_set_outputs,missing_cluster_or_spatial_block,not_an_audit_source,5bda6974bb099a07027be94e584e770ef5bfe3dd17eb875b1f421a6ea51c6747
outputs\test_unified_reben_selective_531ab6c8808f4574bc1d0507dd6a1851\selective\selective_risk_caveats.csv,selective_or_predictions,experiment_id;dataset;deployment_axis;task_type;confidence_definition;availability_policy;run_id;status;source_path;reason;caveat,model;task;split;sample_id;independent_unit_id;risk;split_role;model_signature;dataset_signature;protocol_hash;metric_version,missing,unavailable,missing_balance_axis_or_risk,missing_confidence_or_risk,missing_prediction_set_outputs,missing_cluster_or_spatial_block,not_an_audit_source,5bda6974bb099a07027be94e584e770ef5bfe3dd17eb875b1f421a6ea51c6747
outputs\test_unified_reben_selective_531ab6c8808f4574bc1d0507dd6a1851\selective\selective_risk_summary_cross_dataset.csv,selective_or_predictions,experiment_id;dataset;deployment_axis;coverage_target;slice_variable;slice_value;confidence_threshold;retained_count;total_count;retained_coverage;abstention_rate;mean_risk;run_id;sensor_mode;status;source_path;reason,model;task;split;sample_id;independent_unit_id;risk;split_role;model_signature;dataset_signature;protocol_hash;metric_version,missing,unavailable,missing_balance_axis_or_risk,missing_confidence_or_risk,missing_prediction_set_outputs,missing_cluster_or_spatial_block,not_an_audit_source,5bda6974bb099a07027be94e584e770ef5bfe3dd17eb875b1f421a6ea51c6747
outputs\test_unified_reben_selective_53a6ee65b3b74c96aca4e9a4f2bb0cdb\reben_croma_sensor_mode_audit_croma_s1_full\content\outputs\reben_croma_sensor_mode_audit_croma_s1_full\selective_risk_summary.csv,selective_or_predictions,coverage_target;slice_variable;slice_value;confidence_threshold;retained_count;total_count;retained_coverage;abstention_rate;mean_risk,dataset;model;task;split;sample_id;independent_unit_id;risk;split_role;model_signature;dataset_signature;protocol_hash;metric_version,missing,unavailable,missing_balance_axis_or_risk,missing_confidence_or_risk,missing_prediction_set_outputs,missing_cluster_or_spatial_block,not_an_audit_source,5bda6974bb099a07027be94e584e770ef5bfe3dd17eb875b1f421a6ea51c6747
outputs\test_unified_reben_selective_53a6ee65b3b74c96aca4e9a4f2bb0cdb\selective\selective_bwer_summary.csv,selective_or_predictions,experiment_id;run_id;coverage_target;slice_variable;mean_slice_risk;worst_slice_risk;selective_bwer_proxy;note,dataset;model;task;split;sample_id;independent_unit_id;risk;split_role;model_signature;dataset_signature;protocol_hash;metric_version,missing,unavailable,missing_balance_axis_or_risk,missing_confidence_or_risk,missing_prediction_set_outputs,missing_cluster_or_spatial_block,not_an_audit_source,5bda6974bb099a07027be94e584e770ef5bfe3dd17eb875b1f421a6ea51c6747
outputs\test_unified_reben_selective_53a6ee65b3b74c96aca4e9a4f2bb0cdb\selective\selective_risk_caveats.csv,selective_or_predictions,experiment_id;dataset;deployment_axis;task_type;confidence_definition;availability_policy;run_id;status;source_path;reason;caveat,model;task;split;sample_id;independent_unit_id;risk;split_role;model_signature;dataset_signature;protocol_hash;metric_version,missing,unavailable,missing_balance_axis_or_risk,missing_confidence_or_risk,missing_prediction_set_outputs,missing_cluster_or_spatial_block,not_an_audit_source,5bda6974bb099a07027be94e584e770ef5bfe3dd17eb875b1f421a6ea51c6747
outputs\test_unified_reben_selective_53a6ee65b3b74c96aca4e9a4f2bb0cdb\selective\selective_risk_summary_cross_dataset.csv,selective_or_predictions,experiment_id;dataset;deployment_axis;coverage_target;slice_variable;slice_value;confidence_threshold;retained_count;total_count;retained_coverage;abstention_rate;mean_risk;run_id;sensor_mode;status;source_path;reason,model;task;split;sample_id;independent_unit_id;risk;split_role;model_signature;dataset_signature;protocol_hash;metric_version,missing,unavailable,missing_balance_axis_or_risk,missing_confidence_or_risk,missing_prediction_set_outputs,missing_cluster_or_spatial_block,not_an_audit_source,5bda6974bb099a07027be94e584e770ef5bfe3dd17eb875b1f421a6ea51c6747
outputs\test_unified_reben_selective_8126543587be4bfb9b5b3a66262115d4\reben_croma_sensor_mode_audit_croma_s1_full\content\outputs\reben_croma_sensor_mode_audit_croma_s1_full\selective_risk_summary.csv,selective_or_predictions,coverage_target;slice_variable;slice_value;confidence_threshold;retained_count;total_count;retained_coverage;abstention_rate;mean_risk,dataset;model;task;split;sample_id;independent_unit_id;risk;split_role;model_signature;dataset_signature;protocol_hash;metric_version,missing,unavailable,missing_balance_axis_or_risk,missing_confidence_or_risk,missing_prediction_set_outputs,missing_cluster_or_spatial_block,not_an_audit_source,5bda6974bb099a07027be94e584e770ef5bfe3dd17eb875b1f421a6ea51c6747
outputs\test_unified_reben_selective_8126543587be4bfb9b5b3a66262115d4\selective\selective_bwer_summary.csv,selective_or_predictions,experiment_id;run_id;coverage_target;slice_variable;mean_slice_risk;worst_slice_risk;selective_bwer_proxy;note,dataset;model;task;split;sample_id;independent_unit_id;risk;split_role;model_signature;dataset_signature;protocol_hash;metric_version,missing,unavailable,missing_balance_axis_or_risk,missing_confidence_or_risk,missing_prediction_set_outputs,missing_cluster_or_spatial_block,not_an_audit_source,5bda6974bb099a07027be94e584e770ef5bfe3dd17eb875b1f421a6ea51c6747
outputs\test_unified_reben_selective_8126543587be4bfb9b5b3a66262115d4\selective\selective_risk_caveats.csv,selective_or_predictions,experiment_id;dataset;deployment_axis;task_type;confidence_definition;availability_policy;run_id;status;source_path;reason;caveat,model;task;split;sample_id;independent_unit_id;risk;split_role;model_signature;dataset_signature;protocol_hash;metric_version,missing,unavailable,missing_balance_axis_or_risk,missing_confidence_or_risk,missing_prediction_set_outputs,missing_cluster_or_spatial_block,not_an_audit_source,5bda6974bb099a07027be94e584e770ef5bfe3dd17eb875b1f421a6ea51c6747
outputs\test_unified_reben_selective_8126543587be4bfb9b5b3a66262115d4\selective\selective_risk_summary_cross_dataset.csv,selective_or_predictions,experiment_id;dataset;deployment_axis;coverage_target;slice_variable;slice_value;confidence_threshold;retained_count;total_count;retained_coverage;abstention_rate;mean_risk;run_id;sensor_mode;status;source_path;reason,model;task;split;sample_id;independent_unit_id;risk;split_role;model_signature;dataset_signature;protocol_hash;metric_version,missing,unavailable,missing_balance_axis_or_risk,missing_confidence_or_risk,missing_prediction_set_outputs,missing_cluster_or_spatial_block,not_an_audit_source,5bda6974bb099a07027be94e584e770ef5bfe3dd17eb875b1f421a6ea51c6747
outputs\test_unified_reben_selective_8c8792a9ee514849b6cd529ec68f01ca\reben_croma_sensor_mode_audit_croma_s1_full\content\outputs\reben_croma_sensor_mode_audit_croma_s1_full\selective_risk_summary.csv,selective_or_predictions,coverage_target;slice_variable;slice_value;confidence_threshold;retained_count;total_count;retained_coverage;abstention_rate;mean_risk,dataset;model;task;split;sample_id;independent_unit_id;risk;split_role;model_signature;dataset_signature;protocol_hash;metric_version,missing,unavailable,missing_balance_axis_or_risk,missing_confidence_or_risk,missing_prediction_set_outputs,missing_cluster_or_spatial_block,not_an_audit_source,5bda6974bb099a07027be94e584e770ef5bfe3dd17eb875b1f421a6ea51c6747
outputs\test_unified_reben_selective_8c8792a9ee514849b6cd529ec68f01ca\selective\selective_bwer_summary.csv,selective_or_predictions,experiment_id;run_id;coverage_target;slice_variable;mean_slice_risk;worst_slice_risk;selective_bwer_proxy;note,dataset;model;task;split;sample_id;independent_unit_id;risk;split_role;model_signature;dataset_signature;protocol_hash;metric_version,missing,unavailable,missing_balance_axis_or_risk,missing_confidence_or_risk,missing_prediction_set_outputs,missing_cluster_or_spatial_block,not_an_audit_source,5bda6974bb099a07027be94e584e770ef5bfe3dd17eb875b1f421a6ea51c6747
outputs\test_unified_reben_selective_8c8792a9ee514849b6cd529ec68f01ca\selective\selective_risk_caveats.csv,selective_or_predictions,experiment_id;dataset;deployment_axis;task_type;confidence_definition;availability_policy;run_id;status;source_path;reason;caveat,model;task;split;sample_id;independent_unit_id;risk;split_role;model_signature;dataset_signature;protocol_hash;metric_version,missing,unavailable,missing_balance_axis_or_risk,missing_confidence_or_risk,missing_prediction_set_outputs,missing_cluster_or_spatial_block,not_an_audit_source,5bda6974bb099a07027be94e584e770ef5bfe3dd17eb875b1f421a6ea51c6747
outputs\test_unified_reben_selective_8c8792a9ee514849b6cd529ec68f01ca\selective\selective_risk_summary_cross_dataset.csv,selective_or_predictions,experiment_id;dataset;deployment_axis;coverage_target;slice_variable;slice_value;confidence_threshold;retained_count;total_count;retained_coverage;abstention_rate;mean_risk;run_id;sensor_mode;status;source_path;reason,model;task;split;sample_id;independent_unit_id;risk;split_role;model_signature;dataset_signature;protocol_hash;metric_version,missing,unavailable,missing_balance_axis_or_risk,missing_confidence_or_risk,missing_prediction_set_outputs,missing_cluster_or_spatial_block,not_an_audit_source,5bda6974bb099a07027be94e584e770ef5bfe3dd17eb875b1f421a6ea51c6747
outputs\test_unified_reben_selective_926344f8839e40b293835c4b25e08c6d\reben_croma_sensor_mode_audit_croma_s1_full\content\outputs\reben_croma_sensor_mode_audit_croma_s1_full\selective_risk_summary.csv,selective_or_predictions,coverage_target;slice_variable;slice_value;confidence_threshold;retained_count;total_count;retained_coverage;abstention_rate;mean_risk,dataset;model;task;split;sample_id;independent_unit_id;risk;split_role;model_signature;dataset_signature;protocol_hash;metric_version,missing,unavailable,missing_balance_axis_or_risk,missing_confidence_or_risk,missing_prediction_set_outputs,missing_cluster_or_spatial_block,not_an_audit_source,5bda6974bb099a07027be94e584e770ef5bfe3dd17eb875b1f421a6ea51c6747
outputs\test_unified_reben_selective_926344f8839e40b293835c4b25e08c6d\selective\selective_bwer_summary.csv,selective_or_predictions,experiment_id;run_id;coverage_target;slice_variable;mean_slice_risk;worst_slice_risk;selective_bwer_proxy;note,dataset;model;task;split;sample_id;independent_unit_id;risk;split_role;model_signature;dataset_signature;protocol_hash;metric_version,missing,unavailable,missing_balance_axis_or_risk,missing_confidence_or_risk,missing_prediction_set_outputs,missing_cluster_or_spatial_block,not_an_audit_source,5bda6974bb099a07027be94e584e770ef5bfe3dd17eb875b1f421a6ea51c6747
outputs\test_unified_reben_selective_926344f8839e40b293835c4b25e08c6d\selective\selective_risk_caveats.csv,selective_or_predictions,experiment_id;dataset;deployment_axis;task_type;confidence_definition;availability_policy;run_id;status;source_path;reason;caveat,model;task;split;sample_id;independent_unit_id;risk;split_role;model_signature;dataset_signature;protocol_hash;metric_version,missing,unavailable,missing_balance_axis_or_risk,missing_confidence_or_risk,missing_prediction_set_outputs,missing_cluster_or_spatial_block,not_an_audit_source,5bda6974bb099a07027be94e584e770ef5bfe3dd17eb875b1f421a6ea51c6747
outputs\test_unified_reben_selective_926344f8839e40b293835c4b25e08c6d\selective\selective_risk_summary_cross_dataset.csv,selective_or_predictions,experiment_id;dataset;deployment_axis;coverage_target;slice_variable;slice_value;confidence_threshold;retained_count;total_count;retained_coverage;abstention_rate;mean_risk;run_id;sensor_mode;status;source_path;reason,model;task;split;sample_id;independent_unit_id;risk;split_role;model_signature;dataset_signature;protocol_hash;metric_version,missing,unavailable,missing_balance_axis_or_risk,missing_confidence_or_risk,missing_prediction_set_outputs,missing_cluster_or_spatial_block,not_an_audit_source,5bda6974bb099a07027be94e584e770ef5bfe3dd17eb875b1f421a6ea51c6747
outputs\test_unified_reben_selective_94f679176d014d4bbbf522cd7461b5ef\reben_croma_sensor_mode_audit_croma_s1_full\content\outputs\reben_croma_sensor_mode_audit_croma_s1_full\selective_risk_summary.csv,selective_or_predictions,coverage_target;slice_variable;slice_value;confidence_threshold;retained_count;total_count;retained_coverage;abstention_rate;mean_risk,dataset;model;task;split;sample_id;independent_unit_id;risk;split_role;model_signature;dataset_signature;protocol_hash;metric_version,missing,unavailable,missing_balance_axis_or_risk,missing_confidence_or_risk,missing_prediction_set_outputs,missing_cluster_or_spatial_block,not_an_audit_source,5bda6974bb099a07027be94e584e770ef5bfe3dd17eb875b1f421a6ea51c6747
outputs\test_unified_reben_selective_94f679176d014d4bbbf522cd7461b5ef\selective\selective_bwer_summary.csv,selective_or_predictions,experiment_id;run_id;coverage_target;slice_variable;mean_slice_risk;worst_slice_risk;selective_bwer_proxy;note,dataset;model;task;split;sample_id;independent_unit_id;risk;split_role;model_signature;dataset_signature;protocol_hash;metric_version,missing,unavailable,missing_balance_axis_or_risk,missing_confidence_or_risk,missing_prediction_set_outputs,missing_cluster_or_spatial_block,not_an_audit_source,5bda6974bb099a07027be94e584e770ef5bfe3dd17eb875b1f421a6ea51c6747
outputs\test_unified_reben_selective_94f679176d014d4bbbf522cd7461b5ef\selective\selective_risk_caveats.csv,selective_or_predictions,experiment_id;dataset;deployment_axis;task_type;confidence_definition;availability_policy;run_id;status;source_path;reason;caveat,model;task;split;sample_id;independent_unit_id;risk;split_role;model_signature;dataset_signature;protocol_hash;metric_version,missing,unavailable,missing_balance_axis_or_risk,missing_confidence_or_risk,missing_prediction_set_outputs,missing_cluster_or_spatial_block,not_an_audit_source,5bda6974bb099a07027be94e584e770ef5bfe3dd17eb875b1f421a6ea51c6747
outputs\test_unified_reben_selective_94f679176d014d4bbbf522cd7461b5ef\selective\selective_risk_summary_cross_dataset.csv,selective_or_predictions,experiment_id;dataset;deployment_axis;coverage_target;slice_variable;slice_value;confidence_threshold;retained_count;total_count;retained_coverage;abstention_rate;mean_risk;run_id;sensor_mode;status;source_path;reason,model;task;split;sample_id;independent_unit_id;risk;split_role;model_signature;dataset_signature;protocol_hash;metric_version,missing,unavailable,missing_balance_axis_or_risk,missing_confidence_or_risk,missing_prediction_set_outputs,missing_cluster_or_spatial_block,not_an_audit_source,5bda6974bb099a07027be94e584e770ef5bfe3dd17eb875b1f421a6ea51c6747
outputs\test_unified_reben_selective_a524cb9723ce4627a8b5fb6feab1d76c\reben_croma_sensor_mode_audit_croma_s1_full\content\outputs\reben_croma_sensor_mode_audit_croma_s1_full\selective_risk_summary.csv,selective_or_predictions,coverage_target;slice_variable;slice_value;confidence_threshold;retained_count;total_count;retained_coverage;abstention_rate;mean_risk,dataset;model;task;split;sample_id;independent_unit_id;risk;split_role;model_signature;dataset_signature;protocol_hash;metric_version,missing,unavailable,missing_balance_axis_or_risk,missing_confidence_or_risk,missing_prediction_set_outputs,missing_cluster_or_spatial_block,not_an_audit_source,5bda6974bb099a07027be94e584e770ef5bfe3dd17eb875b1f421a6ea51c6747
outputs\test_unified_reben_selective_a524cb9723ce4627a8b5fb6feab1d76c\selective\selective_bwer_summary.csv,selective_or_predictions,experiment_id;run_id;coverage_target;slice_variable;mean_slice_risk;worst_slice_risk;selective_bwer_proxy;note,dataset;model;task;split;sample_id;independent_unit_id;risk;split_role;model_signature;dataset_signature;protocol_hash;metric_version,missing,unavailable,missing_balance_axis_or_risk,missing_confidence_or_risk,missing_prediction_set_outputs,missing_cluster_or_spatial_block,not_an_audit_source,5bda6974bb099a07027be94e584e770ef5bfe3dd17eb875b1f421a6ea51c6747
outputs\test_unified_reben_selective_a524cb9723ce4627a8b5fb6feab1d76c\selective\selective_risk_caveats.csv,selective_or_predictions,experiment_id;dataset;deployment_axis;task_type;confidence_definition;availability_policy;run_id;status;source_path;reason;caveat,model;task;split;sample_id;independent_unit_id;risk;split_role;model_signature;dataset_signature;protocol_hash;metric_version,missing,unavailable,missing_balance_axis_or_risk,missing_confidence_or_risk,missing_prediction_set_outputs,missing_cluster_or_spatial_block,not_an_audit_source,5bda6974bb099a07027be94e584e770ef5bfe3dd17eb875b1f421a6ea51c6747
outputs\test_unified_reben_selective_a524cb9723ce4627a8b5fb6feab1d76c\selective\selective_risk_summary_cross_dataset.csv,selective_or_predictions,experiment_id;dataset;deployment_axis;coverage_target;slice_variable;slice_value;confidence_threshold;retained_count;total_count;retained_coverage;abstention_rate;mean_risk;run_id;sensor_mode;status;source_path;reason,model;task;split;sample_id;independent_unit_id;risk;split_role;model_signature;dataset_signature;protocol_hash;metric_version,missing,unavailable,missing_balance_axis_or_risk,missing_confidence_or_risk,missing_prediction_set_outputs,missing_cluster_or_spatial_block,not_an_audit_source,5bda6974bb099a07027be94e584e770ef5bfe3dd17eb875b1f421a6ea51c6747
outputs\test_unified_reben_selective_ae9de21c8da74fadb23d57fbd03181a0\reben_croma_sensor_mode_audit_croma_s1_full\content\outputs\reben_croma_sensor_mode_audit_croma_s1_full\selective_risk_summary.csv,selective_or_predictions,coverage_target;slice_variable;slice_value;confidence_threshold;retained_count;total_count;retained_coverage;abstention_rate;mean_risk,dataset;model;task;split;sample_id;independent_unit_id;risk;split_role;model_signature;dataset_signature;protocol_hash;metric_version,missing,unavailable,missing_balance_axis_or_risk,missing_confidence_or_risk,missing_prediction_set_outputs,missing_cluster_or_spatial_block,not_an_audit_source,5bda6974bb099a07027be94e584e770ef5bfe3dd17eb875b1f421a6ea51c6747
outputs\test_unified_reben_selective_ae9de21c8da74fadb23d57fbd03181a0\selective\selective_bwer_summary.csv,selective_or_predictions,experiment_id;run_id;coverage_target;slice_variable;mean_slice_risk;worst_slice_risk;selective_bwer_proxy;note,dataset;model;task;split;sample_id;independent_unit_id;risk;split_role;model_signature;dataset_signature;protocol_hash;metric_version,missing,unavailable,missing_balance_axis_or_risk,missing_confidence_or_risk,missing_prediction_set_outputs,missing_cluster_or_spatial_block,not_an_audit_source,5bda6974bb099a07027be94e584e770ef5bfe3dd17eb875b1f421a6ea51c6747
outputs\test_unified_reben_selective_ae9de21c8da74fadb23d57fbd03181a0\selective\selective_risk_caveats.csv,selective_or_predictions,experiment_id;dataset;deployment_axis;task_type;confidence_definition;availability_policy;run_id;status;source_path;reason;caveat,model;task;split;sample_id;independent_unit_id;risk;split_role;model_signature;dataset_signature;protocol_hash;metric_version,missing,unavailable,missing_balance_axis_or_risk,missing_confidence_or_risk,missing_prediction_set_outputs,missing_cluster_or_spatial_block,not_an_audit_source,5bda6974bb099a07027be94e584e770ef5bfe3dd17eb875b1f421a6ea51c6747
outputs\test_unified_reben_selective_ae9de21c8da74fadb23d57fbd03181a0\selective\selective_risk_summary_cross_dataset.csv,selective_or_predictions,experiment_id;dataset;deployment_axis;coverage_target;slice_variable;slice_value;confidence_threshold;retained_count;total_count;retained_coverage;abstention_rate;mean_risk;run_id;sensor_mode;status;source_path;reason,model;task;split;sample_id;independent_unit_id;risk;split_role;model_signature;dataset_signature;protocol_hash;metric_version,missing,unavailable,missing_balance_axis_or_risk,missing_confidence_or_risk,missing_prediction_set_outputs,missing_cluster_or_spatial_block,not_an_audit_source,5bda6974bb099a07027be94e584e770ef5bfe3dd17eb875b1f421a6ea51c6747
outputs\test_unified_reben_selective_b82eafd5d5c74515b00698afeae3eef0\reben_croma_sensor_mode_audit_croma_s1_full\content\outputs\reben_croma_sensor_mode_audit_croma_s1_full\selective_risk_summary.csv,selective_or_predictions,coverage_target;slice_variable;slice_value;confidence_threshold;retained_count;total_count;retained_coverage;abstention_rate;mean_risk,dataset;model;task;split;sample_id;independent_unit_id;risk;split_role;model_signature;dataset_signature;protocol_hash;metric_version,missing,unavailable,missing_balance_axis_or_risk,missing_confidence_or_risk,missing_prediction_set_outputs,missing_cluster_or_spatial_block,not_an_audit_source,5bda6974bb099a07027be94e584e770ef5bfe3dd17eb875b1f421a6ea51c6747
outputs\test_unified_reben_selective_b82eafd5d5c74515b00698afeae3eef0\selective\selective_bwer_summary.csv,selective_or_predictions,experiment_id;run_id;coverage_target;slice_variable;mean_slice_risk;worst_slice_risk;selective_bwer_proxy;note,dataset;model;task;split;sample_id;independent_unit_id;risk;split_role;model_signature;dataset_signature;protocol_hash;metric_version,missing,unavailable,missing_balance_axis_or_risk,missing_confidence_or_risk,missing_prediction_set_outputs,missing_cluster_or_spatial_block,not_an_audit_source,5bda6974bb099a07027be94e584e770ef5bfe3dd17eb875b1f421a6ea51c6747
outputs\test_unified_reben_selective_b82eafd5d5c74515b00698afeae3eef0\selective\selective_risk_caveats.csv,selective_or_predictions,experiment_id;dataset;deployment_axis;task_type;confidence_definition;availability_policy;run_id;status;source_path;reason;caveat,model;task;split;sample_id;independent_unit_id;risk;split_role;model_signature;dataset_signature;protocol_hash;metric_version,missing,unavailable,missing_balance_axis_or_risk,missing_confidence_or_risk,missing_prediction_set_outputs,missing_cluster_or_spatial_block,not_an_audit_source,5bda6974bb099a07027be94e584e770ef5bfe3dd17eb875b1f421a6ea51c6747
outputs\test_unified_reben_selective_b82eafd5d5c74515b00698afeae3eef0\selective\selective_risk_summary_cross_dataset.csv,selective_or_predictions,experiment_id;dataset;deployment_axis;coverage_target;slice_variable;slice_value;confidence_threshold;retained_count;total_count;retained_coverage;abstention_rate;mean_risk;run_id;sensor_mode;status;source_path;reason,model;task;split;sample_id;independent_unit_id;risk;split_role;model_signature;dataset_signature;protocol_hash;metric_version,missing,unavailable,missing_balance_axis_or_risk,missing_confidence_or_risk,missing_prediction_set_outputs,missing_cluster_or_spatial_block,not_an_audit_source,5bda6974bb099a07027be94e584e770ef5bfe3dd17eb875b1f421a6ea51c6747
outputs\test_unified_reben_selective_dbddc147622c41b99226d6cd7bf6b5ce\reben_croma_sensor_mode_audit_croma_s1_full\content\outputs\reben_croma_sensor_mode_audit_croma_s1_full\selective_risk_summary.csv,selective_or_predictions,coverage_target;slice_variable;slice_value;confidence_threshold;retained_count;total_count;retained_coverage;abstention_rate;mean_risk,dataset;model;task;split;sample_id;independent_unit_id;risk;split_role;model_signature;dataset_signature;protocol_hash;metric_version,missing,unavailable,missing_balance_axis_or_risk,missing_confidence_or_risk,missing_prediction_set_outputs,missing_cluster_or_spatial_block,not_an_audit_source,5bda6974bb099a07027be94e584e770ef5bfe3dd17eb875b1f421a6ea51c6747
outputs\test_unified_reben_selective_dbddc147622c41b99226d6cd7bf6b5ce\selective\selective_bwer_summary.csv,selective_or_predictions,experiment_id;run_id;coverage_target;slice_variable;mean_slice_risk;worst_slice_risk;selective_bwer_proxy;note,dataset;model;task;split;sample_id;independent_unit_id;risk;split_role;model_signature;dataset_signature;protocol_hash;metric_version,missing,unavailable,missing_balance_axis_or_risk,missing_confidence_or_risk,missing_prediction_set_outputs,missing_cluster_or_spatial_block,not_an_audit_source,5bda6974bb099a07027be94e584e770ef5bfe3dd17eb875b1f421a6ea51c6747
outputs\test_unified_reben_selective_dbddc147622c41b99226d6cd7bf6b5ce\selective\selective_risk_caveats.csv,selective_or_predictions,experiment_id;dataset;deployment_axis;task_type;confidence_definition;availability_policy;run_id;status;source_path;reason;caveat,model;task;split;sample_id;independent_unit_id;risk;split_role;model_signature;dataset_signature;protocol_hash;metric_version,missing,unavailable,missing_balance_axis_or_risk,missing_confidence_or_risk,missing_prediction_set_outputs,missing_cluster_or_spatial_block,not_an_audit_source,5bda6974bb099a07027be94e584e770ef5bfe3dd17eb875b1f421a6ea51c6747
outputs\test_unified_reben_selective_dbddc147622c41b99226d6cd7bf6b5ce\selective\selective_risk_summary_cross_dataset.csv,selective_or_predictions,experiment_id;dataset;deployment_axis;coverage_target;slice_variable;slice_value;confidence_threshold;retained_count;total_count;retained_coverage;abstention_rate;mean_risk;run_id;sensor_mode;status;source_path;reason,model;task;split;sample_id;independent_unit_id;risk;split_role;model_signature;dataset_signature;protocol_hash;metric_version,missing,unavailable,missing_balance_axis_or_risk,missing_confidence_or_risk,missing_prediction_set_outputs,missing_cluster_or_spatial_block,not_an_audit_source,5bda6974bb099a07027be94e584e770ef5bfe3dd17eb875b1f421a6ea51c6747
outputs\test_unified_selective_0896646b3c054403b3c509ffcd99eb1b\predictions.csv,selective_or_predictions,sample_id;country;confidence;risk,dataset;model;task;split;independent_unit_id;split_role;model_signature;dataset_signature;protocol_hash;metric_version,missing,recomputable,missing_balance_axis_or_risk,recomputable,missing_prediction_set_outputs,missing_cluster_or_spatial_block,upgrade_schema_or_reexport,5bda6974bb099a07027be94e584e770ef5bfe3dd17eb875b1f421a6ea51c6747
outputs\test_unified_selective_0896646b3c054403b3c509ffcd99eb1b\selective\selective_bwer_summary.csv,selective_or_predictions,experiment_id;run_id;coverage_target;slice_variable;mean_slice_risk;worst_slice_risk;selective_bwer_proxy;note,dataset;model;task;split;sample_id;independent_unit_id;risk;split_role;model_signature;dataset_signature;protocol_hash;metric_version,missing,unavailable,missing_balance_axis_or_risk,missing_confidence_or_risk,missing_prediction_set_outputs,missing_cluster_or_spatial_block,not_an_audit_source,5bda6974bb099a07027be94e584e770ef5bfe3dd17eb875b1f421a6ea51c6747
outputs\test_unified_selective_0896646b3c054403b3c509ffcd99eb1b\selective\selective_risk_caveats.csv,selective_or_predictions,experiment_id;dataset;deployment_axis;task_type;confidence_definition;availability_policy;run_id;status;source_path;reason;caveat,model;task;split;sample_id;independent_unit_id;risk;split_role;model_signature;dataset_signature;protocol_hash;metric_version,missing,unavailable,missing_balance_axis_or_risk,missing_confidence_or_risk,missing_prediction_set_outputs,missing_cluster_or_spatial_block,not_an_audit_source,5bda6974bb099a07027be94e584e770ef5bfe3dd17eb875b1f421a6ea51c6747
outputs\test_unified_selective_0896646b3c054403b3c509ffcd99eb1b\selective\selective_risk_summary_cross_dataset.csv,selective_or_predictions,experiment_id;dataset;deployment_axis;run_id;coverage_target;confidence_threshold;retained_count;total_count;retained_coverage;abstention_rate;mean_risk;risk_column;confidence_column,model;task;split;sample_id;independent_unit_id;risk;split_role;model_signature;dataset_signature;protocol_hash;metric_version,missing,unavailable,missing_balance_axis_or_risk,missing_confidence_or_risk,missing_prediction_set_outputs,missing_cluster_or_spatial_block,not_an_audit_source,5bda6974bb099a07027be94e584e770ef5bfe3dd17eb875b1f421a6ea51c6747
outputs\test_unified_selective_268504677f6d43169604d0500eea0344\predictions.csv,selective_or_predictions,sample_id;country;confidence;risk,dataset;model;task;split;independent_unit_id;split_role;model_signature;dataset_signature;protocol_hash;metric_version,missing,recomputable,missing_balance_axis_or_risk,recomputable,missing_prediction_set_outputs,missing_cluster_or_spatial_block,upgrade_schema_or_reexport,5bda6974bb099a07027be94e584e770ef5bfe3dd17eb875b1f421a6ea51c6747
outputs\test_unified_selective_268504677f6d43169604d0500eea0344\selective\selective_bwer_summary.csv,selective_or_predictions,experiment_id;run_id;coverage_target;slice_variable;mean_slice_risk;worst_slice_risk;selective_bwer_proxy;note,dataset;model;task;split;sample_id;independent_unit_id;risk;split_role;model_signature;dataset_signature;protocol_hash;metric_version,missing,unavailable,missing_balance_axis_or_risk,missing_confidence_or_risk,missing_prediction_set_outputs,missing_cluster_or_spatial_block,not_an_audit_source,5bda6974bb099a07027be94e584e770ef5bfe3dd17eb875b1f421a6ea51c6747
outputs\test_unified_selective_268504677f6d43169604d0500eea0344\selective\selective_risk_caveats.csv,selective_or_predictions,experiment_id;dataset;deployment_axis;task_type;confidence_definition;availability_policy;run_id;status;source_path;reason;caveat,model;task;split;sample_id;independent_unit_id;risk;split_role;model_signature;dataset_signature;protocol_hash;metric_version,missing,unavailable,missing_balance_axis_or_risk,missing_confidence_or_risk,missing_prediction_set_outputs,missing_cluster_or_spatial_block,not_an_audit_source,5bda6974bb099a07027be94e584e770ef5bfe3dd17eb875b1f421a6ea51c6747
outputs\test_unified_selective_268504677f6d43169604d0500eea0344\selective\selective_risk_summary_cross_dataset.csv,selective_or_predictions,experiment_id;dataset;deployment_axis;run_id;coverage_target;confidence_threshold;retained_count;total_count;retained_coverage;abstention_rate;mean_risk;risk_column;confidence_column,model;task;split;sample_id;independent_unit_id;risk;split_role;model_signature;dataset_signature;protocol_hash;metric_version,missing,unavailable,missing_balance_axis_or_risk,missing_confidence_or_risk,missing_prediction_set_outputs,missing_cluster_or_spatial_block,not_an_audit_source,5bda6974bb099a07027be94e584e770ef5bfe3dd17eb875b1f421a6ea51c6747
outputs\test_unified_selective_2954800cd49b453da749398926af3888\predictions.csv,selective_or_predictions,sample_id;country;confidence;risk,dataset;model;task;split;independent_unit_id;split_role;model_signature;dataset_signature;protocol_hash;metric_version,missing,recomputable,missing_balance_axis_or_risk,recomputable,missing_prediction_set_outputs,missing_cluster_or_spatial_block,upgrade_schema_or_reexport,5bda6974bb099a07027be94e584e770ef5bfe3dd17eb875b1f421a6ea51c6747
outputs\test_unified_selective_2954800cd49b453da749398926af3888\selective\selective_bwer_summary.csv,selective_or_predictions,experiment_id;run_id;coverage_target;slice_variable;mean_slice_risk;worst_slice_risk;selective_bwer_proxy;note,dataset;model;task;split;sample_id;independent_unit_id;risk;split_role;model_signature;dataset_signature;protocol_hash;metric_version,missing,unavailable,missing_balance_axis_or_risk,missing_confidence_or_risk,missing_prediction_set_outputs,missing_cluster_or_spatial_block,not_an_audit_source,5bda6974bb099a07027be94e584e770ef5bfe3dd17eb875b1f421a6ea51c6747
outputs\test_unified_selective_2954800cd49b453da749398926af3888\selective\selective_risk_caveats.csv,selective_or_predictions,experiment_id;dataset;deployment_axis;task_type;confidence_definition;availability_policy;run_id;status;source_path;reason;caveat,model;task;split;sample_id;independent_unit_id;risk;split_role;model_signature;dataset_signature;protocol_hash;metric_version,missing,unavailable,missing_balance_axis_or_risk,missing_confidence_or_risk,missing_prediction_set_outputs,missing_cluster_or_spatial_block,not_an_audit_source,5bda6974bb099a07027be94e584e770ef5bfe3dd17eb875b1f421a6ea51c6747
outputs\test_unified_selective_2954800cd49b453da749398926af3888\selective\selective_risk_summary_cross_dataset.csv,selective_or_predictions,experiment_id;dataset;deployment_axis;run_id;coverage_target;confidence_threshold;retained_count;total_count;retained_coverage;abstention_rate;mean_risk;risk_column;confidence_column,model;task;split;sample_id;independent_unit_id;risk;split_role;model_signature;dataset_signature;protocol_hash;metric_version,missing,unavailable,missing_balance_axis_or_risk,missing_confidence_or_risk,missing_prediction_set_outputs,missing_cluster_or_spatial_block,not_an_audit_source,5bda6974bb099a07027be94e584e770ef5bfe3dd17eb875b1f421a6ea51c6747
outputs\test_unified_selective_2cfb800eaa024ef4ab06549a54757aba\predictions.csv,selective_or_predictions,sample_id;country;confidence;risk,dataset;model;task;split;independent_unit_id;split_role;model_signature;dataset_signature;protocol_hash;metric_version,missing,recomputable,missing_balance_axis_or_risk,recomputable,missing_prediction_set_outputs,missing_cluster_or_spatial_block,upgrade_schema_or_reexport,5bda6974bb099a07027be94e584e770ef5bfe3dd17eb875b1f421a6ea51c6747
outputs\test_unified_selective_2cfb800eaa024ef4ab06549a54757aba\selective\selective_bwer_summary.csv,selective_or_predictions,experiment_id;run_id;coverage_target;slice_variable;mean_slice_risk;worst_slice_risk;selective_bwer_proxy;note,dataset;model;task;split;sample_id;independent_unit_id;risk;split_role;model_signature;dataset_signature;protocol_hash;metric_version,missing,unavailable,missing_balance_axis_or_risk,missing_confidence_or_risk,missing_prediction_set_outputs,missing_cluster_or_spatial_block,not_an_audit_source,5bda6974bb099a07027be94e584e770ef5bfe3dd17eb875b1f421a6ea51c6747
outputs\test_unified_selective_2cfb800eaa024ef4ab06549a54757aba\selective\selective_risk_caveats.csv,selective_or_predictions,experiment_id;dataset;deployment_axis;task_type;confidence_definition;availability_policy;run_id;status;source_path;reason;caveat,model;task;split;sample_id;independent_unit_id;risk;split_role;model_signature;dataset_signature;protocol_hash;metric_version,missing,unavailable,missing_balance_axis_or_risk,missing_confidence_or_risk,missing_prediction_set_outputs,missing_cluster_or_spatial_block,not_an_audit_source,5bda6974bb099a07027be94e584e770ef5bfe3dd17eb875b1f421a6ea51c6747
outputs\test_unified_selective_2cfb800eaa024ef4ab06549a54757aba\selective\selective_risk_summary_cross_dataset.csv,selective_or_predictions,experiment_id;dataset;deployment_axis;run_id;coverage_target;confidence_threshold;retained_count;total_count;retained_coverage;abstention_rate;mean_risk;risk_column;confidence_column,model;task;split;sample_id;independent_unit_id;risk;split_role;model_signature;dataset_signature;protocol_hash;metric_version,missing,unavailable,missing_balance_axis_or_risk,missing_confidence_or_risk,missing_prediction_set_outputs,missing_cluster_or_spatial_block,not_an_audit_source,5bda6974bb099a07027be94e584e770ef5bfe3dd17eb875b1f421a6ea51c6747
outputs\test_unified_selective_6937d3e0e14441feb73cfdfb88125d3e\predictions.csv,selective_or_predictions,sample_id;country;confidence;risk,dataset;model;task;split;independent_unit_id;split_role;model_signature;dataset_signature;protocol_hash;metric_version,missing,recomputable,missing_balance_axis_or_risk,recomputable,missing_prediction_set_outputs,missing_cluster_or_spatial_block,upgrade_schema_or_reexport,5bda6974bb099a07027be94e584e770ef5bfe3dd17eb875b1f421a6ea51c6747
outputs\test_unified_selective_6937d3e0e14441feb73cfdfb88125d3e\selective\selective_bwer_summary.csv,selective_or_predictions,experiment_id;run_id;coverage_target;slice_variable;mean_slice_risk;worst_slice_risk;selective_bwer_proxy;note,dataset;model;task;split;sample_id;independent_unit_id;risk;split_role;model_signature;dataset_signature;protocol_hash;metric_version,missing,unavailable,missing_balance_axis_or_risk,missing_confidence_or_risk,missing_prediction_set_outputs,missing_cluster_or_spatial_block,not_an_audit_source,5bda6974bb099a07027be94e584e770ef5bfe3dd17eb875b1f421a6ea51c6747
outputs\test_unified_selective_6937d3e0e14441feb73cfdfb88125d3e\selective\selective_risk_caveats.csv,selective_or_predictions,experiment_id;dataset;deployment_axis;task_type;confidence_definition;availability_policy;run_id;status;source_path;reason;caveat,model;task;split;sample_id;independent_unit_id;risk;split_role;model_signature;dataset_signature;protocol_hash;metric_version,missing,unavailable,missing_balance_axis_or_risk,missing_confidence_or_risk,missing_prediction_set_outputs,missing_cluster_or_spatial_block,not_an_audit_source,5bda6974bb099a07027be94e584e770ef5bfe3dd17eb875b1f421a6ea51c6747
outputs\test_unified_selective_6937d3e0e14441feb73cfdfb88125d3e\selective\selective_risk_summary_cross_dataset.csv,selective_or_predictions,experiment_id;dataset;deployment_axis;run_id;coverage_target;confidence_threshold;retained_count;total_count;retained_coverage;abstention_rate;mean_risk;risk_column;confidence_column,model;task;split;sample_id;independent_unit_id;risk;split_role;model_signature;dataset_signature;protocol_hash;metric_version,missing,unavailable,missing_balance_axis_or_risk,missing_confidence_or_risk,missing_prediction_set_outputs,missing_cluster_or_spatial_block,not_an_audit_source,5bda6974bb099a07027be94e584e770ef5bfe3dd17eb875b1f421a6ea51c6747
outputs\test_unified_selective_6c800889fd1c4535931570988ec71e8a\predictions.csv,selective_or_predictions,sample_id;country;confidence;risk,dataset;model;task;split;independent_unit_id;split_role;model_signature;dataset_signature;protocol_hash;metric_version,missing,recomputable,missing_balance_axis_or_risk,recomputable,missing_prediction_set_outputs,missing_cluster_or_spatial_block,upgrade_schema_or_reexport,5bda6974bb099a07027be94e584e770ef5bfe3dd17eb875b1f421a6ea51c6747
outputs\test_unified_selective_6c800889fd1c4535931570988ec71e8a\selective\selective_bwer_summary.csv,selective_or_predictions,experiment_id;run_id;coverage_target;slice_variable;mean_slice_risk;worst_slice_risk;selective_bwer_proxy;note,dataset;model;task;split;sample_id;independent_unit_id;risk;split_role;model_signature;dataset_signature;protocol_hash;metric_version,missing,unavailable,missing_balance_axis_or_risk,missing_confidence_or_risk,missing_prediction_set_outputs,missing_cluster_or_spatial_block,not_an_audit_source,5bda6974bb099a07027be94e584e770ef5bfe3dd17eb875b1f421a6ea51c6747
outputs\test_unified_selective_6c800889fd1c4535931570988ec71e8a\selective\selective_risk_caveats.csv,selective_or_predictions,experiment_id;dataset;deployment_axis;task_type;confidence_definition;availability_policy;run_id;status;source_path;reason;caveat,model;task;split;sample_id;independent_unit_id;risk;split_role;model_signature;dataset_signature;protocol_hash;metric_version,missing,unavailable,missing_balance_axis_or_risk,missing_confidence_or_risk,missing_prediction_set_outputs,missing_cluster_or_spatial_block,not_an_audit_source,5bda6974bb099a07027be94e584e770ef5bfe3dd17eb875b1f421a6ea51c6747
outputs\test_unified_selective_6c800889fd1c4535931570988ec71e8a\selective\selective_risk_summary_cross_dataset.csv,selective_or_predictions,experiment_id;dataset;deployment_axis;run_id;coverage_target;confidence_threshold;retained_count;total_count;retained_coverage;abstention_rate;mean_risk;risk_column;confidence_column,model;task;split;sample_id;independent_unit_id;risk;split_role;model_signature;dataset_signature;protocol_hash;metric_version,missing,unavailable,missing_balance_axis_or_risk,missing_confidence_or_risk,missing_prediction_set_outputs,missing_cluster_or_spatial_block,not_an_audit_source,5bda6974bb099a07027be94e584e770ef5bfe3dd17eb875b1f421a6ea51c6747
outputs\test_unified_selective_6f73c2b29f574fb591f4dfff32f7e7ee\predictions.csv,selective_or_predictions,sample_id;country;confidence;risk,dataset;model;task;split;independent_unit_id;split_role;model_signature;dataset_signature;protocol_hash;metric_version,missing,recomputable,missing_balance_axis_or_risk,recomputable,missing_prediction_set_outputs,missing_cluster_or_spatial_block,upgrade_schema_or_reexport,5bda6974bb099a07027be94e584e770ef5bfe3dd17eb875b1f421a6ea51c6747
outputs\test_unified_selective_6f73c2b29f574fb591f4dfff32f7e7ee\selective\selective_bwer_summary.csv,selective_or_predictions,experiment_id;run_id;coverage_target;slice_variable;mean_slice_risk;worst_slice_risk;selective_bwer_proxy;note,dataset;model;task;split;sample_id;independent_unit_id;risk;split_role;model_signature;dataset_signature;protocol_hash;metric_version,missing,unavailable,missing_balance_axis_or_risk,missing_confidence_or_risk,missing_prediction_set_outputs,missing_cluster_or_spatial_block,not_an_audit_source,5bda6974bb099a07027be94e584e770ef5bfe3dd17eb875b1f421a6ea51c6747
outputs\test_unified_selective_6f73c2b29f574fb591f4dfff32f7e7ee\selective\selective_risk_caveats.csv,selective_or_predictions,experiment_id;dataset;deployment_axis;task_type;confidence_definition;availability_policy;run_id;status;source_path;reason;caveat,model;task;split;sample_id;independent_unit_id;risk;split_role;model_signature;dataset_signature;protocol_hash;metric_version,missing,unavailable,missing_balance_axis_or_risk,missing_confidence_or_risk,missing_prediction_set_outputs,missing_cluster_or_spatial_block,not_an_audit_source,5bda6974bb099a07027be94e584e770ef5bfe3dd17eb875b1f421a6ea51c6747
outputs\test_unified_selective_6f73c2b29f574fb591f4dfff32f7e7ee\selective\selective_risk_summary_cross_dataset.csv,selective_or_predictions,experiment_id;dataset;deployment_axis;run_id;coverage_target;confidence_threshold;retained_count;total_count;retained_coverage;abstention_rate;mean_risk;risk_column;confidence_column,model;task;split;sample_id;independent_unit_id;risk;split_role;model_signature;dataset_signature;protocol_hash;metric_version,missing,unavailable,missing_balance_axis_or_risk,missing_confidence_or_risk,missing_prediction_set_outputs,missing_cluster_or_spatial_block,not_an_audit_source,5bda6974bb099a07027be94e584e770ef5bfe3dd17eb875b1f421a6ea51c6747
outputs\test_unified_selective_71a6e69760a441a88601510c89f59449\predictions.csv,selective_or_predictions,sample_id;country;confidence;risk,dataset;model;task;split;independent_unit_id;split_role;model_signature;dataset_signature;protocol_hash;metric_version,missing,recomputable,missing_balance_axis_or_risk,recomputable,missing_prediction_set_outputs,missing_cluster_or_spatial_block,upgrade_schema_or_reexport,5bda6974bb099a07027be94e584e770ef5bfe3dd17eb875b1f421a6ea51c6747
outputs\test_unified_selective_71a6e69760a441a88601510c89f59449\selective\selective_bwer_summary.csv,selective_or_predictions,experiment_id;run_id;coverage_target;slice_variable;mean_slice_risk;worst_slice_risk;selective_bwer_proxy;note,dataset;model;task;split;sample_id;independent_unit_id;risk;split_role;model_signature;dataset_signature;protocol_hash;metric_version,missing,unavailable,missing_balance_axis_or_risk,missing_confidence_or_risk,missing_prediction_set_outputs,missing_cluster_or_spatial_block,not_an_audit_source,5bda6974bb099a07027be94e584e770ef5bfe3dd17eb875b1f421a6ea51c6747
outputs\test_unified_selective_71a6e69760a441a88601510c89f59449\selective\selective_risk_caveats.csv,selective_or_predictions,experiment_id;dataset;deployment_axis;task_type;confidence_definition;availability_policy;run_id;status;source_path;reason;caveat,model;task;split;sample_id;independent_unit_id;risk;split_role;model_signature;dataset_signature;protocol_hash;metric_version,missing,unavailable,missing_balance_axis_or_risk,missing_confidence_or_risk,missing_prediction_set_outputs,missing_cluster_or_spatial_block,not_an_audit_source,5bda6974bb099a07027be94e584e770ef5bfe3dd17eb875b1f421a6ea51c6747
outputs\test_unified_selective_71a6e69760a441a88601510c89f59449\selective\selective_risk_summary_cross_dataset.csv,selective_or_predictions,experiment_id;dataset;deployment_axis;run_id;coverage_target;confidence_threshold;retained_count;total_count;retained_coverage;abstention_rate;mean_risk;risk_column;confidence_column,model;task;split;sample_id;independent_unit_id;risk;split_role;model_signature;dataset_signature;protocol_hash;metric_version,missing,unavailable,missing_balance_axis_or_risk,missing_confidence_or_risk,missing_prediction_set_outputs,missing_cluster_or_spatial_block,not_an_audit_source,5bda6974bb099a07027be94e584e770ef5bfe3dd17eb875b1f421a6ea51c6747
outputs\test_unified_selective_8d28c0c45d384f5c94f4cbe65a2d9c43\predictions.csv,selective_or_predictions,sample_id;country;confidence;risk,dataset;model;task;split;independent_unit_id;split_role;model_signature;dataset_signature;protocol_hash;metric_version,missing,recomputable,missing_balance_axis_or_risk,recomputable,missing_prediction_set_outputs,missing_cluster_or_spatial_block,upgrade_schema_or_reexport,5bda6974bb099a07027be94e584e770ef5bfe3dd17eb875b1f421a6ea51c6747
outputs\test_unified_selective_8d28c0c45d384f5c94f4cbe65a2d9c43\selective\selective_bwer_summary.csv,selective_or_predictions,experiment_id;run_id;coverage_target;slice_variable;mean_slice_risk;worst_slice_risk;selective_bwer_proxy;note,dataset;model;task;split;sample_id;independent_unit_id;risk;split_role;model_signature;dataset_signature;protocol_hash;metric_version,missing,unavailable,missing_balance_axis_or_risk,missing_confidence_or_risk,missing_prediction_set_outputs,missing_cluster_or_spatial_block,not_an_audit_source,5bda6974bb099a07027be94e584e770ef5bfe3dd17eb875b1f421a6ea51c6747
outputs\test_unified_selective_8d28c0c45d384f5c94f4cbe65a2d9c43\selective\selective_risk_caveats.csv,selective_or_predictions,experiment_id;dataset;deployment_axis;task_type;confidence_definition;availability_policy;run_id;status;source_path;reason;caveat,model;task;split;sample_id;independent_unit_id;risk;split_role;model_signature;dataset_signature;protocol_hash;metric_version,missing,unavailable,missing_balance_axis_or_risk,missing_confidence_or_risk,missing_prediction_set_outputs,missing_cluster_or_spatial_block,not_an_audit_source,5bda6974bb099a07027be94e584e770ef5bfe3dd17eb875b1f421a6ea51c6747
outputs\test_unified_selective_8d28c0c45d384f5c94f4cbe65a2d9c43\selective\selective_risk_summary_cross_dataset.csv,selective_or_predictions,experiment_id;dataset;deployment_axis;run_id;coverage_target;confidence_threshold;retained_count;total_count;retained_coverage;abstention_rate;mean_risk;risk_column;confidence_column,model;task;split;sample_id;independent_unit_id;risk;split_role;model_signature;dataset_signature;protocol_hash;metric_version,missing,unavailable,missing_balance_axis_or_risk,missing_confidence_or_risk,missing_prediction_set_outputs,missing_cluster_or_spatial_block,not_an_audit_source,5bda6974bb099a07027be94e584e770ef5bfe3dd17eb875b1f421a6ea51c6747
outputs\test_unified_selective_9aaf1b15b7d74a139e27051d02af4544\predictions.csv,selective_or_predictions,sample_id;country;confidence;risk,dataset;model;task;split;independent_unit_id;split_role;model_signature;dataset_signature;protocol_hash;metric_version,missing,recomputable,missing_balance_axis_or_risk,recomputable,missing_prediction_set_outputs,missing_cluster_or_spatial_block,upgrade_schema_or_reexport,5bda6974bb099a07027be94e584e770ef5bfe3dd17eb875b1f421a6ea51c6747
outputs\test_unified_selective_9aaf1b15b7d74a139e27051d02af4544\selective\selective_bwer_summary.csv,selective_or_predictions,experiment_id;run_id;coverage_target;slice_variable;mean_slice_risk;worst_slice_risk;selective_bwer_proxy;note,dataset;model;task;split;sample_id;independent_unit_id;risk;split_role;model_signature;dataset_signature;protocol_hash;metric_version,missing,unavailable,missing_balance_axis_or_risk,missing_confidence_or_risk,missing_prediction_set_outputs,missing_cluster_or_spatial_block,not_an_audit_source,5bda6974bb099a07027be94e584e770ef5bfe3dd17eb875b1f421a6ea51c6747
outputs\test_unified_selective_9aaf1b15b7d74a139e27051d02af4544\selective\selective_risk_caveats.csv,selective_or_predictions,experiment_id;dataset;deployment_axis;task_type;confidence_definition;availability_policy;run_id;status;source_path;reason;caveat,model;task;split;sample_id;independent_unit_id;risk;split_role;model_signature;dataset_signature;protocol_hash;metric_version,missing,unavailable,missing_balance_axis_or_risk,missing_confidence_or_risk,missing_prediction_set_outputs,missing_cluster_or_spatial_block,not_an_audit_source,5bda6974bb099a07027be94e584e770ef5bfe3dd17eb875b1f421a6ea51c6747
outputs\test_unified_selective_9aaf1b15b7d74a139e27051d02af4544\selective\selective_risk_summary_cross_dataset.csv,selective_or_predictions,experiment_id;dataset;deployment_axis;run_id;coverage_target;confidence_threshold;retained_count;total_count;retained_coverage;abstention_rate;mean_risk;risk_column;confidence_column,model;task;split;sample_id;independent_unit_id;risk;split_role;model_signature;dataset_signature;protocol_hash;metric_version,missing,unavailable,missing_balance_axis_or_risk,missing_confidence_or_risk,missing_prediction_set_outputs,missing_cluster_or_spatial_block,not_an_audit_source,5bda6974bb099a07027be94e584e770ef5bfe3dd17eb875b1f421a6ea51c6747
outputs\test_unified_selective_a4b224f685c64af09932ab3a3da5ab8a\predictions.csv,selective_or_predictions,sample_id;country;confidence;risk,dataset;model;task;split;independent_unit_id;split_role;model_signature;dataset_signature;protocol_hash;metric_version,missing,recomputable,missing_balance_axis_or_risk,recomputable,missing_prediction_set_outputs,missing_cluster_or_spatial_block,upgrade_schema_or_reexport,5bda6974bb099a07027be94e584e770ef5bfe3dd17eb875b1f421a6ea51c6747
outputs\test_unified_selective_a4b224f685c64af09932ab3a3da5ab8a\selective\selective_bwer_summary.csv,selective_or_predictions,experiment_id;run_id;coverage_target;slice_variable;mean_slice_risk;worst_slice_risk;selective_bwer_proxy;note,dataset;model;task;split;sample_id;independent_unit_id;risk;split_role;model_signature;dataset_signature;protocol_hash;metric_version,missing,unavailable,missing_balance_axis_or_risk,missing_confidence_or_risk,missing_prediction_set_outputs,missing_cluster_or_spatial_block,not_an_audit_source,5bda6974bb099a07027be94e584e770ef5bfe3dd17eb875b1f421a6ea51c6747
outputs\test_unified_selective_a4b224f685c64af09932ab3a3da5ab8a\selective\selective_risk_caveats.csv,selective_or_predictions,experiment_id;dataset;deployment_axis;task_type;confidence_definition;availability_policy;run_id;status;source_path;reason;caveat,model;task;split;sample_id;independent_unit_id;risk;split_role;model_signature;dataset_signature;protocol_hash;metric_version,missing,unavailable,missing_balance_axis_or_risk,missing_confidence_or_risk,missing_prediction_set_outputs,missing_cluster_or_spatial_block,not_an_audit_source,5bda6974bb099a07027be94e584e770ef5bfe3dd17eb875b1f421a6ea51c6747
outputs\test_unified_selective_a4b224f685c64af09932ab3a3da5ab8a\selective\selective_risk_summary_cross_dataset.csv,selective_or_predictions,experiment_id;dataset;deployment_axis;run_id;coverage_target;confidence_threshold;retained_count;total_count;retained_coverage;abstention_rate;mean_risk;risk_column;confidence_column,model;task;split;sample_id;independent_unit_id;risk;split_role;model_signature;dataset_signature;protocol_hash;metric_version,missing,unavailable,missing_balance_axis_or_risk,missing_confidence_or_risk,missing_prediction_set_outputs,missing_cluster_or_spatial_block,not_an_audit_source,5bda6974bb099a07027be94e584e770ef5bfe3dd17eb875b1f421a6ea51c6747
outputs\test_unified_selective_a6a7483077c1491bba4b292007043722\predictions.csv,selective_or_predictions,sample_id;country;confidence;risk,dataset;model;task;split;independent_unit_id;split_role;model_signature;dataset_signature;protocol_hash;metric_version,missing,recomputable,missing_balance_axis_or_risk,recomputable,missing_prediction_set_outputs,missing_cluster_or_spatial_block,upgrade_schema_or_reexport,5bda6974bb099a07027be94e584e770ef5bfe3dd17eb875b1f421a6ea51c6747
outputs\test_unified_selective_a6a7483077c1491bba4b292007043722\selective\selective_bwer_summary.csv,selective_or_predictions,experiment_id;run_id;coverage_target;slice_variable;mean_slice_risk;worst_slice_risk;selective_bwer_proxy;note,dataset;model;task;split;sample_id;independent_unit_id;risk;split_role;model_signature;dataset_signature;protocol_hash;metric_version,missing,unavailable,missing_balance_axis_or_risk,missing_confidence_or_risk,missing_prediction_set_outputs,missing_cluster_or_spatial_block,not_an_audit_source,5bda6974bb099a07027be94e584e770ef5bfe3dd17eb875b1f421a6ea51c6747
outputs\test_unified_selective_a6a7483077c1491bba4b292007043722\selective\selective_risk_caveats.csv,selective_or_predictions,experiment_id;dataset;deployment_axis;task_type;confidence_definition;availability_policy;run_id;status;source_path;reason;caveat,model;task;split;sample_id;independent_unit_id;risk;split_role;model_signature;dataset_signature;protocol_hash;metric_version,missing,unavailable,missing_balance_axis_or_risk,missing_confidence_or_risk,missing_prediction_set_outputs,missing_cluster_or_spatial_block,not_an_audit_source,5bda6974bb099a07027be94e584e770ef5bfe3dd17eb875b1f421a6ea51c6747
outputs\test_unified_selective_a6a7483077c1491bba4b292007043722\selective\selective_risk_summary_cross_dataset.csv,selective_or_predictions,experiment_id;dataset;deployment_axis;run_id;coverage_target;confidence_threshold;retained_count;total_count;retained_coverage;abstention_rate;mean_risk;risk_column;confidence_column,model;task;split;sample_id;independent_unit_id;risk;split_role;model_signature;dataset_signature;protocol_hash;metric_version,missing,unavailable,missing_balance_axis_or_risk,missing_confidence_or_risk,missing_prediction_set_outputs,missing_cluster_or_spatial_block,not_an_audit_source,5bda6974bb099a07027be94e584e770ef5bfe3dd17eb875b1f421a6ea51c6747
outputs\test_unified_selective_ab47e9a458e54467aa3c187a87f83418\predictions.csv,selective_or_predictions,sample_id;country;confidence;risk,dataset;model;task;split;independent_unit_id;split_role;model_signature;dataset_signature;protocol_hash;metric_version,missing,recomputable,missing_balance_axis_or_risk,recomputable,missing_prediction_set_outputs,missing_cluster_or_spatial_block,upgrade_schema_or_reexport,5bda6974bb099a07027be94e584e770ef5bfe3dd17eb875b1f421a6ea51c6747
outputs\test_unified_selective_ab47e9a458e54467aa3c187a87f83418\selective\selective_bwer_summary.csv,selective_or_predictions,experiment_id;run_id;coverage_target;slice_variable;mean_slice_risk;worst_slice_risk;selective_bwer_proxy;note,dataset;model;task;split;sample_id;independent_unit_id;risk;split_role;model_signature;dataset_signature;protocol_hash;metric_version,missing,unavailable,missing_balance_axis_or_risk,missing_confidence_or_risk,missing_prediction_set_outputs,missing_cluster_or_spatial_block,not_an_audit_source,5bda6974bb099a07027be94e584e770ef5bfe3dd17eb875b1f421a6ea51c6747
outputs\test_unified_selective_ab47e9a458e54467aa3c187a87f83418\selective\selective_risk_caveats.csv,selective_or_predictions,experiment_id;dataset;deployment_axis;task_type;confidence_definition;availability_policy;run_id;status;source_path;reason;caveat,model;task;split;sample_id;independent_unit_id;risk;split_role;model_signature;dataset_signature;protocol_hash;metric_version,missing,unavailable,missing_balance_axis_or_risk,missing_confidence_or_risk,missing_prediction_set_outputs,missing_cluster_or_spatial_block,not_an_audit_source,5bda6974bb099a07027be94e584e770ef5bfe3dd17eb875b1f421a6ea51c6747
outputs\test_unified_selective_ab47e9a458e54467aa3c187a87f83418\selective\selective_risk_summary_cross_dataset.csv,selective_or_predictions,experiment_id;dataset;deployment_axis;run_id;coverage_target;confidence_threshold;retained_count;total_count;retained_coverage;abstention_rate;mean_risk;risk_column;confidence_column,model;task;split;sample_id;independent_unit_id;risk;split_role;model_signature;dataset_signature;protocol_hash;metric_version,missing,unavailable,missing_balance_axis_or_risk,missing_confidence_or_risk,missing_prediction_set_outputs,missing_cluster_or_spatial_block,not_an_audit_source,5bda6974bb099a07027be94e584e770ef5bfe3dd17eb875b1f421a6ea51c6747
outputs\test_unified_selective_b29a9d9ed07b46edb911b8e3be1857cf\predictions.csv,selective_or_predictions,sample_id;country;confidence;risk,dataset;model;task;split;independent_unit_id;split_role;model_signature;dataset_signature;protocol_hash;metric_version,missing,recomputable,missing_balance_axis_or_risk,recomputable,missing_prediction_set_outputs,missing_cluster_or_spatial_block,upgrade_schema_or_reexport,5bda6974bb099a07027be94e584e770ef5bfe3dd17eb875b1f421a6ea51c6747
outputs\test_unified_selective_b29a9d9ed07b46edb911b8e3be1857cf\selective\selective_bwer_summary.csv,selective_or_predictions,experiment_id;run_id;coverage_target;slice_variable;mean_slice_risk;worst_slice_risk;selective_bwer_proxy;note,dataset;model;task;split;sample_id;independent_unit_id;risk;split_role;model_signature;dataset_signature;protocol_hash;metric_version,missing,unavailable,missing_balance_axis_or_risk,missing_confidence_or_risk,missing_prediction_set_outputs,missing_cluster_or_spatial_block,not_an_audit_source,5bda6974bb099a07027be94e584e770ef5bfe3dd17eb875b1f421a6ea51c6747
outputs\test_unified_selective_b29a9d9ed07b46edb911b8e3be1857cf\selective\selective_risk_caveats.csv,selective_or_predictions,experiment_id;dataset;deployment_axis;task_type;confidence_definition;availability_policy;run_id;status;source_path;reason;caveat,model;task;split;sample_id;independent_unit_id;risk;split_role;model_signature;dataset_signature;protocol_hash;metric_version,missing,unavailable,missing_balance_axis_or_risk,missing_confidence_or_risk,missing_prediction_set_outputs,missing_cluster_or_spatial_block,not_an_audit_source,5bda6974bb099a07027be94e584e770ef5bfe3dd17eb875b1f421a6ea51c6747
outputs\test_unified_selective_b29a9d9ed07b46edb911b8e3be1857cf\selective\selective_risk_summary_cross_dataset.csv,selective_or_predictions,experiment_id;dataset;deployment_axis;run_id;coverage_target;confidence_threshold;retained_count;total_count;retained_coverage;abstention_rate;mean_risk;risk_column;confidence_column,model;task;split;sample_id;independent_unit_id;risk;split_role;model_signature;dataset_signature;protocol_hash;metric_version,missing,unavailable,missing_balance_axis_or_risk,missing_confidence_or_risk,missing_prediction_set_outputs,missing_cluster_or_spatial_block,not_an_audit_source,5bda6974bb099a07027be94e584e770ef5bfe3dd17eb875b1f421a6ea51c6747
outputs\test_unified_selective_c5c587c087db41729cf005fb6af0464e\predictions.csv,selective_or_predictions,sample_id;country;confidence;risk,dataset;model;task;split;independent_unit_id;split_role;model_signature;dataset_signature;protocol_hash;metric_version,missing,recomputable,missing_balance_axis_or_risk,recomputable,missing_prediction_set_outputs,missing_cluster_or_spatial_block,upgrade_schema_or_reexport,5bda6974bb099a07027be94e584e770ef5bfe3dd17eb875b1f421a6ea51c6747
outputs\test_unified_selective_c5c587c087db41729cf005fb6af0464e\selective\selective_bwer_summary.csv,selective_or_predictions,experiment_id;run_id;coverage_target;slice_variable;mean_slice_risk;worst_slice_risk;selective_bwer_proxy;note,dataset;model;task;split;sample_id;independent_unit_id;risk;split_role;model_signature;dataset_signature;protocol_hash;metric_version,missing,unavailable,missing_balance_axis_or_risk,missing_confidence_or_risk,missing_prediction_set_outputs,missing_cluster_or_spatial_block,not_an_audit_source,5bda6974bb099a07027be94e584e770ef5bfe3dd17eb875b1f421a6ea51c6747
outputs\test_unified_selective_c5c587c087db41729cf005fb6af0464e\selective\selective_risk_caveats.csv,selective_or_predictions,experiment_id;dataset;deployment_axis;task_type;confidence_definition;availability_policy;run_id;status;source_path;reason;caveat,model;task;split;sample_id;independent_unit_id;risk;split_role;model_signature;dataset_signature;protocol_hash;metric_version,missing,unavailable,missing_balance_axis_or_risk,missing_confidence_or_risk,missing_prediction_set_outputs,missing_cluster_or_spatial_block,not_an_audit_source,5bda6974bb099a07027be94e584e770ef5bfe3dd17eb875b1f421a6ea51c6747
outputs\test_unified_selective_c5c587c087db41729cf005fb6af0464e\selective\selective_risk_summary_cross_dataset.csv,selective_or_predictions,experiment_id;dataset;deployment_axis;run_id;coverage_target;confidence_threshold;retained_count;total_count;retained_coverage;abstention_rate;mean_risk;risk_column;confidence_column,model;task;split;sample_id;independent_unit_id;risk;split_role;model_signature;dataset_signature;protocol_hash;metric_version,missing,unavailable,missing_balance_axis_or_risk,missing_confidence_or_risk,missing_prediction_set_outputs,missing_cluster_or_spatial_block,not_an_audit_source,5bda6974bb099a07027be94e584e770ef5bfe3dd17eb875b1f421a6ea51c6747
outputs\test_unified_selective_d35e08dfa7d74b49a18bdbaced02b598\predictions.csv,selective_or_predictions,sample_id;country;confidence;risk,dataset;model;task;split;independent_unit_id;split_role;model_signature;dataset_signature;protocol_hash;metric_version,missing,recomputable,missing_balance_axis_or_risk,recomputable,missing_prediction_set_outputs,missing_cluster_or_spatial_block,upgrade_schema_or_reexport,5bda6974bb099a07027be94e584e770ef5bfe3dd17eb875b1f421a6ea51c6747
outputs\test_unified_selective_d35e08dfa7d74b49a18bdbaced02b598\selective\selective_bwer_summary.csv,selective_or_predictions,experiment_id;run_id;coverage_target;slice_variable;mean_slice_risk;worst_slice_risk;selective_bwer_proxy;note,dataset;model;task;split;sample_id;independent_unit_id;risk;split_role;model_signature;dataset_signature;protocol_hash;metric_version,missing,unavailable,missing_balance_axis_or_risk,missing_confidence_or_risk,missing_prediction_set_outputs,missing_cluster_or_spatial_block,not_an_audit_source,5bda6974bb099a07027be94e584e770ef5bfe3dd17eb875b1f421a6ea51c6747
outputs\test_unified_selective_d35e08dfa7d74b49a18bdbaced02b598\selective\selective_risk_caveats.csv,selective_or_predictions,experiment_id;dataset;deployment_axis;task_type;confidence_definition;availability_policy;run_id;status;source_path;reason;caveat,model;task;split;sample_id;independent_unit_id;risk;split_role;model_signature;dataset_signature;protocol_hash;metric_version,missing,unavailable,missing_balance_axis_or_risk,missing_confidence_or_risk,missing_prediction_set_outputs,missing_cluster_or_spatial_block,not_an_audit_source,5bda6974bb099a07027be94e584e770ef5bfe3dd17eb875b1f421a6ea51c6747
outputs\test_unified_selective_d35e08dfa7d74b49a18bdbaced02b598\selective\selective_risk_summary_cross_dataset.csv,selective_or_predictions,experiment_id;dataset;deployment_axis;run_id;coverage_target;confidence_threshold;retained_count;total_count;retained_coverage;abstention_rate;mean_risk;risk_column;confidence_column,model;task;split;sample_id;independent_unit_id;risk;split_role;model_signature;dataset_signature;protocol_hash;metric_version,missing,unavailable,missing_balance_axis_or_risk,missing_confidence_or_risk,missing_prediction_set_outputs,missing_cluster_or_spatial_block,not_an_audit_source,5bda6974bb099a07027be94e584e770ef5bfe3dd17eb875b1f421a6ea51c6747
outputs\test_unified_selective_d809ccf044304aa8ad1925416e3fd746\predictions.csv,selective_or_predictions,sample_id;country;confidence;risk,dataset;model;task;split;independent_unit_id;split_role;model_signature;dataset_signature;protocol_hash;metric_version,missing,recomputable,missing_balance_axis_or_risk,recomputable,missing_prediction_set_outputs,missing_cluster_or_spatial_block,upgrade_schema_or_reexport,5bda6974bb099a07027be94e584e770ef5bfe3dd17eb875b1f421a6ea51c6747
outputs\test_unified_selective_d809ccf044304aa8ad1925416e3fd746\selective\selective_bwer_summary.csv,selective_or_predictions,experiment_id;run_id;coverage_target;slice_variable;mean_slice_risk;worst_slice_risk;selective_bwer_proxy;note,dataset;model;task;split;sample_id;independent_unit_id;risk;split_role;model_signature;dataset_signature;protocol_hash;metric_version,missing,unavailable,missing_balance_axis_or_risk,missing_confidence_or_risk,missing_prediction_set_outputs,missing_cluster_or_spatial_block,not_an_audit_source,5bda6974bb099a07027be94e584e770ef5bfe3dd17eb875b1f421a6ea51c6747
outputs\test_unified_selective_d809ccf044304aa8ad1925416e3fd746\selective\selective_risk_caveats.csv,selective_or_predictions,experiment_id;dataset;deployment_axis;task_type;confidence_definition;availability_policy;run_id;status;source_path;reason;caveat,model;task;split;sample_id;independent_unit_id;risk;split_role;model_signature;dataset_signature;protocol_hash;metric_version,missing,unavailable,missing_balance_axis_or_risk,missing_confidence_or_risk,missing_prediction_set_outputs,missing_cluster_or_spatial_block,not_an_audit_source,5bda6974bb099a07027be94e584e770ef5bfe3dd17eb875b1f421a6ea51c6747
outputs\test_unified_selective_d809ccf044304aa8ad1925416e3fd746\selective\selective_risk_summary_cross_dataset.csv,selective_or_predictions,experiment_id;dataset;deployment_axis;run_id;coverage_target;confidence_threshold;retained_count;total_count;retained_coverage;abstention_rate;mean_risk;risk_column;confidence_column,model;task;split;sample_id;independent_unit_id;risk;split_role;model_signature;dataset_signature;protocol_hash;metric_version,missing,unavailable,missing_balance_axis_or_risk,missing_confidence_or_risk,missing_prediction_set_outputs,missing_cluster_or_spatial_block,not_an_audit_source,5bda6974bb099a07027be94e584e770ef5bfe3dd17eb875b1f421a6ea51c6747
outputs\test_unified_selective_ebe5713401d140c3803c710f6da776d6\predictions.csv,selective_or_predictions,sample_id;country;confidence;risk,dataset;model;task;split;independent_unit_id;split_role;model_signature;dataset_signature;protocol_hash;metric_version,missing,recomputable,missing_balance_axis_or_risk,recomputable,missing_prediction_set_outputs,missing_cluster_or_spatial_block,upgrade_schema_or_reexport,5bda6974bb099a07027be94e584e770ef5bfe3dd17eb875b1f421a6ea51c6747
outputs\test_unified_selective_ebe5713401d140c3803c710f6da776d6\selective\selective_bwer_summary.csv,selective_or_predictions,experiment_id;run_id;coverage_target;slice_variable;mean_slice_risk;worst_slice_risk;selective_bwer_proxy;note,dataset;model;task;split;sample_id;independent_unit_id;risk;split_role;model_signature;dataset_signature;protocol_hash;metric_version,missing,unavailable,missing_balance_axis_or_risk,missing_confidence_or_risk,missing_prediction_set_outputs,missing_cluster_or_spatial_block,not_an_audit_source,5bda6974bb099a07027be94e584e770ef5bfe3dd17eb875b1f421a6ea51c6747
outputs\test_unified_selective_ebe5713401d140c3803c710f6da776d6\selective\selective_risk_caveats.csv,selective_or_predictions,experiment_id;dataset;deployment_axis;task_type;confidence_definition;availability_policy;run_id;status;source_path;reason;caveat,model;task;split;sample_id;independent_unit_id;risk;split_role;model_signature;dataset_signature;protocol_hash;metric_version,missing,unavailable,missing_balance_axis_or_risk,missing_confidence_or_risk,missing_prediction_set_outputs,missing_cluster_or_spatial_block,not_an_audit_source,5bda6974bb099a07027be94e584e770ef5bfe3dd17eb875b1f421a6ea51c6747
outputs\test_unified_selective_ebe5713401d140c3803c710f6da776d6\selective\selective_risk_summary_cross_dataset.csv,selective_or_predictions,experiment_id;dataset;deployment_axis;run_id;coverage_target;confidence_threshold;retained_count;total_count;retained_coverage;abstention_rate;mean_risk;risk_column;confidence_column,model;task;split;sample_id;independent_unit_id;risk;split_role;model_signature;dataset_signature;protocol_hash;metric_version,missing,unavailable,missing_balance_axis_or_risk,missing_confidence_or_risk,missing_prediction_set_outputs,missing_cluster_or_spatial_block,not_an_audit_source,5bda6974bb099a07027be94e584e770ef5bfe3dd17eb875b1f421a6ea51c6747
outputs\test_unified_selective_ef5db6903108488db2808fcedb7336d9\predictions.csv,selective_or_predictions,sample_id;country;confidence;risk,dataset;model;task;split;independent_unit_id;split_role;model_signature;dataset_signature;protocol_hash;metric_version,missing,recomputable,missing_balance_axis_or_risk,recomputable,missing_prediction_set_outputs,missing_cluster_or_spatial_block,upgrade_schema_or_reexport,5bda6974bb099a07027be94e584e770ef5bfe3dd17eb875b1f421a6ea51c6747
outputs\test_unified_selective_ef5db6903108488db2808fcedb7336d9\selective\selective_bwer_summary.csv,selective_or_predictions,experiment_id;run_id;coverage_target;slice_variable;mean_slice_risk;worst_slice_risk;selective_bwer_proxy;note,dataset;model;task;split;sample_id;independent_unit_id;risk;split_role;model_signature;dataset_signature;protocol_hash;metric_version,missing,unavailable,missing_balance_axis_or_risk,missing_confidence_or_risk,missing_prediction_set_outputs,missing_cluster_or_spatial_block,not_an_audit_source,5bda6974bb099a07027be94e584e770ef5bfe3dd17eb875b1f421a6ea51c6747
outputs\test_unified_selective_ef5db6903108488db2808fcedb7336d9\selective\selective_risk_caveats.csv,selective_or_predictions,experiment_id;dataset;deployment_axis;task_type;confidence_definition;availability_policy;run_id;status;source_path;reason;caveat,model;task;split;sample_id;independent_unit_id;risk;split_role;model_signature;dataset_signature;protocol_hash;metric_version,missing,unavailable,missing_balance_axis_or_risk,missing_confidence_or_risk,missing_prediction_set_outputs,missing_cluster_or_spatial_block,not_an_audit_source,5bda6974bb099a07027be94e584e770ef5bfe3dd17eb875b1f421a6ea51c6747
outputs\test_unified_selective_ef5db6903108488db2808fcedb7336d9\selective\selective_risk_summary_cross_dataset.csv,selective_or_predictions,experiment_id;dataset;deployment_axis;run_id;coverage_target;confidence_threshold;retained_count;total_count;retained_coverage;abstention_rate;mean_risk;risk_column;confidence_column,model;task;split;sample_id;independent_unit_id;risk;split_role;model_signature;dataset_signature;protocol_hash;metric_version,missing,unavailable,missing_balance_axis_or_risk,missing_confidence_or_risk,missing_prediction_set_outputs,missing_cluster_or_spatial_block,not_an_audit_source,5bda6974bb099a07027be94e584e770ef5bfe3dd17eb875b1f421a6ea51c6747
outputs\unified_audit_matrix_v2\fmow_selective_main_results.csv,selective_or_predictions,experiment_id;dataset;deployment_axis;run_id;selector;coverage_target;mean_risk;risk_reduction;country_raw_bwer;country_worst_slice;n_valid_country_slices;claim_status,model;task;split;sample_id;independent_unit_id;risk;split_role;model_signature;dataset_signature;protocol_hash;metric_version,missing,unavailable,missing_balance_axis_or_risk,missing_confidence_or_risk,missing_prediction_set_outputs,missing_cluster_or_spatial_block,not_an_audit_source,5bda6974bb099a07027be94e584e770ef5bfe3dd17eb875b1f421a6ea51c6747
outputs\unified_audit_matrix_v2\rank_divergence_under_selective_audit.csv,selective_or_predictions,scenario;selector;coverage_target;analysis_type;aggregate_best_run;aggregate_best_mean_risk;bwer_best_run;bwer_best;rank_diverges;compared_runs;interpretation,dataset;model;task;split;sample_id;independent_unit_id;risk;split_role;model_signature;dataset_signature;protocol_hash;metric_version,missing,unavailable,missing_balance_axis_or_risk,missing_confidence_or_risk,missing_prediction_set_outputs,missing_cluster_or_spatial_block,not_an_audit_source,5bda6974bb099a07027be94e584e770ef5bfe3dd17eb875b1f421a6ea51c6747
outputs\unified_paper_package_v3\fmow_selective_social_spatial_summary_v3.csv,selective_or_predictions,summary_item;value;interpretation,dataset;model;task;split;sample_id;independent_unit_id;risk;split_role;model_signature;dataset_signature;protocol_hash;metric_version,missing,unavailable,missing_balance_axis_or_risk,missing_confidence_or_risk,missing_prediction_set_outputs,missing_cluster_or_spatial_block,not_an_audit_source,5bda6974bb099a07027be94e584e770ef5bfe3dd17eb875b1f421a6ea51c6747
